,Matthews,Accuracy,F1,ActionAccuracy,ThingAccuracy
0,0.8958064164776167,0.9166666666666667,0.9090909090909091,0.8333333333333334,1.0
1,1.0,1.0,1.0,1.0,1.0
2,0.7867957924694432,0.8333333333333333,0.8,0.6666666666666666,1.0
3,0.7867957924694432,0.8333333333333333,0.8,0.6666666666666666,1.0
4,0.7948717948717948,0.8974358974358975,0.8333333333333334,0.8333333333333334,0.9615384615384616
5,0.7933333333333333,0.8966666666666667,0.8333333333333334,0.8333333333333334,0.96
6,0.7933333333333333,0.8966666666666667,0.8333333333333334,0.8333333333333334,0.96
7,0.6731479815970669,0.8133333333333332,0.7272727272727272,0.6666666666666666,0.96
8,0.23904572186687872,0.58,0.28571428571428575,0.2,0.96
9,0.7453559924999299,0.8,0.7499999999999999,0.6,1.0
