,Matthews,Accuracy,F1,ActionAccuracy,ThingAccuracy
0,0.22645540682891915,0.59375,0.39999999999999997,0.3125,0.875
1,-0.07905694150420949,0.46875,0.16666666666666666,0.125,0.8125
2,0.30802055181684873,0.65625,0.5454545454545455,0.5625,0.75
3,0.29019050004400465,0.625,0.4615384615384615,0.375,0.875
4,0.11322770341445958,0.546875,0.32,0.25,0.84375
5,0.14019992744655632,0.5625,0.3703703703703703,0.3125,0.8125
6,-0.07009996372327816,0.46875,0.2222222222222222,0.1875,0.75
7,-0.08642925744559643,0.4657258064516129,0.16666666666666666,0.125,0.8064516129032258
8,0.10683136690381191,0.5443548387096775,0.32,0.25,0.8387096774193549
9,0.0790955718224221,0.5172043010752688,0.11764705882352941,0.06666666666666667,0.967741935483871
