,Matthews,Accuracy,F1,ActionAccuracy,ThingAccuracy
0,1.0,1.0,1.0,1.0,1.0
1,1.0,1.0,1.0,1.0,1.0
2,1.0,1.0,1.0,1.0,1.0
3,0.7527726527090811,0.8,0.7499999999999999,0.6,1.0
4,1.0,1.0,1.0,1.0,1.0
5,1.0,1.0,1.0,1.0,1.0
6,0.7527726527090811,0.8,0.7499999999999999,0.6,1.0
7,0.8815570640309435,0.9,0.888888888888889,0.8,1.0
8,0.8815570640309435,0.9,0.888888888888889,0.8,1.0
9,0.881175685227012,0.9,0.888888888888889,0.8,1.0
