,Matthews,Accuracy,F1,ActionAccuracy,ThingAccuracy
0,0.7677836139907719,0.8810526315789473,0.8648648648648649,0.8421052631578947,0.92
1,0.557430709957797,0.7810526315789473,0.761904761904762,0.8421052631578947,0.72
2,0.5359122869530447,0.7478070175438596,0.6875,0.5789473684210527,0.9166666666666666
3,0.49713135899949673,0.75,0.7317073170731708,0.8333333333333334,0.6666666666666666
4,0.37284851924962253,0.6875,0.6486486486486486,0.6666666666666666,0.7083333333333334
5,0.5103103630798288,0.7430555555555556,0.6875000000000001,0.6111111111111112,0.875
6,0.6111111111111112,0.8055555555555556,0.7777777777777778,0.7777777777777778,0.8333333333333334
7,0.6192921178835779,0.8125,0.7894736842105262,0.8333333333333334,0.7916666666666666
8,0.6123724356957946,0.7916666666666666,0.75,0.6666666666666666,0.9166666666666666
9,0.35682062007003157,0.6666666666666667,0.5806451612903226,0.5,0.8333333333333334
