,Matthews,AUC,Accuracy,F1,ActionAccuracy,ThingAccuracy
0,0.25708554698038477,0.6402298850574712,0.6459770114942529,0.43243243243243246,0.5333333333333333,0.7586206896551724
1,0.2318230212821998,0.5942528735632184,0.6063218390804598,0.3703703703703704,0.3333333333333333,0.8793103448275862
2,0.39898874875896023,0.6149425287356322,0.6247126436781609,0.4,0.26666666666666666,0.9827586206896551
3,0.20108752363170143,0.6942528735632184,0.6126436781609195,0.3888888888888889,0.4666666666666667,0.7586206896551724
4,0.0721321087496581,0.48390804597701154,0.5436781609195402,0.3181818181818182,0.4666666666666667,0.6206896551724138
5,0.13438568150220206,0.5723684210526315,0.5805921052631579,0.38596491228070173,0.6875,0.47368421052631576
6,0.10602433716236774,0.5570175438596492,0.5630482456140351,0.3728813559322034,0.6875,0.43859649122807015
7,0.2036448223865168,0.6085526315789473,0.6129385964912281,0.4179104477611941,0.875,0.3508771929824561
8,0.09177247372087867,0.513157894736842,0.5542763157894737,0.36666666666666664,0.6875,0.42105263157894735
9,0.23601865015199175,0.6807017543859649,0.6280701754385964,0.4117647058823529,0.4666666666666667,0.7894736842105263
