,Matthews,AUC,Accuracy,F1,ActionAccuracy,ThingAccuracy
0,0.40135833957501305,0.7265151515151514,0.6522727272727273,0.4666666666666667,0.35,0.9545454545454546
1,0.33942862641059357,0.6507575757575759,0.6098484848484849,0.37037037037037035,0.25,0.9696969696969697
2,0.3080782207210445,0.6666666666666666,0.6590909090909092,0.47619047619047616,0.5,0.8181818181818182
3,0.2396406894899925,0.6961722488038278,0.6415470494417863,0.4444444444444445,0.631578947368421,0.6515151515151515
4,0.36810982876196313,0.7687400318979266,0.6874003189792663,0.5128205128205129,0.5263157894736842,0.8484848484848485
5,0.4310234999992373,0.8349282296650717,0.7472089314194577,0.5714285714285714,0.7368421052631579,0.7575757575757576
6,0.1194880298498108,0.583076923076923,0.5673076923076923,0.39999999999999997,0.75,0.38461538461538464
7,0.3028223935679619,0.6753846153846155,0.6692307692307693,0.4897959183673469,0.6,0.7384615384615385
8,0.40812206422530223,0.8207692307692308,0.7403846153846154,0.5573770491803278,0.85,0.6307692307692307
9,0.2961551961521192,0.6961538461538461,0.6730769230769231,0.4912280701754387,0.7,0.6461538461538462
