,Matthews,AUC,Accuracy,F1,ActionAccuracy,ThingAccuracy
0,0.6089129466987293,0.8143382352941176,0.7561274509803921,0.6666666666666667,0.5416666666666666,0.9705882352941176
1,0.22040156554543042,0.6292892156862745,0.6176470588235294,0.4444444444444445,0.5,0.7352941176470589
2,0.26933564687066397,0.6962915601023018,0.6326726342710998,0.4782608695652174,0.9565217391304348,0.3088235294117647
3,0.2093814215973923,0.6400255754475703,0.6195652173913043,0.4594594594594595,0.7391304347826086,0.5
4,0.3038541849784206,0.6278772378516624,0.670076726342711,0.5063291139240507,0.8695652173913043,0.47058823529411764
5,0.32335773851892136,0.7116368286445012,0.6851023017902813,0.5205479452054794,0.8260869565217391,0.5441176470588235
6,0.21596710639534,0.650497512437811,0.6212686567164178,0.4736842105263157,0.75,0.4925373134328358
7,0.21935205220307535,0.6592039800995025,0.6243781094527363,0.4705882352941177,0.6666666666666666,0.582089552238806
8,0.36746030517311706,0.6697761194029851,0.6694651741293532,0.5116279069767442,0.4583333333333333,0.8805970149253731
9,0.30610454779558743,0.6716417910447761,0.6411691542288557,0.46511627906976744,0.4166666666666667,0.8656716417910447
