,Matthews,AUC,Accuracy,F1,ActionAccuracy,ThingAccuracy
0,0.2908417741564046,0.6475216365066877,0.6618804091266719,0.5185185185185185,0.6774193548387096,0.6463414634146342
1,0.24429583005507474,0.6184107002360346,0.6221479150275374,0.45161290322580644,0.45161290322580644,0.7926829268292683
2,0.24789763527809716,0.608130081300813,0.6325203252032521,0.47058823529411764,0.5333333333333333,0.7317073170731707
3,0.32995002423813574,0.6890243902439024,0.6739837398373983,0.5283018867924527,0.9333333333333333,0.4146341463414634
4,0.18013229161948635,0.6256097560975609,0.6016260162601625,0.4545454545454545,0.6666666666666666,0.5365853658536586
5,0.1458565771127166,0.5556910569105691,0.5784552845528456,0.4466019417475728,0.7666666666666667,0.3902439024390244
6,0.26779458332618605,0.6723577235772358,0.6390243902439025,0.5,0.9,0.3780487804878049
7,0.09508650207347163,0.5392273994424532,0.5499800876144962,0.43396226415094336,0.7419354838709677,0.35802469135802467
8,0.21119968107030965,0.5810434090003983,0.6009557945041816,0.41379310344827586,0.3870967741935484,0.8148148148148148
9,0.17851089097944917,0.6021505376344086,0.5989645559538033,0.45,0.5806451612903226,0.6172839506172839
