,Matthews,Accuracy,F1,ActionAccuracy,ThingAccuracy
0,-0.12598815766974242,0.4696969696969697,0.0,0.0,0.9393939393939394
1,-0.12598815766974242,0.4696969696969697,0.0,0.0,0.9393939393939394
2,0.0,0.5,0.0,0.0,1.0
3,0.0,0.5,0.0,0.0,1.0
4,-0.08804509063256238,0.48484848484848486,0.0,0.0,0.9696969696969697
5,0.0,0.5,0.0,0.0,1.0
6,0.0,0.5,0.0,0.0,1.0
7,0.0,0.5,0.0,0.0,1.0
8,0.13981827504641484,0.5348484848484849,0.16666666666666669,0.1,0.9696969696969697
9,0.0,0.5,0.0,0.0,1.0
