,Matthews,AUC,Accuracy,F1,ActionAccuracy,ThingAccuracy
0,0.4481472365903107,0.8017241379310345,0.7429467084639498,0.6153846153846153,0.7272727272727273,0.7586206896551724
1,0.39192475766909796,0.7993730407523512,0.719435736677116,0.5806451612903226,0.8181818181818182,0.6206896551724138
2,0.30297030035017425,0.7515673981191222,0.6677115987460815,0.5294117647058824,0.8181818181818182,0.5172413793103449
3,0.5289618692410673,0.8299373040752351,0.7774294670846396,0.6666666666666667,0.7272727272727273,0.8275862068965517
4,0.4801933983593058,0.8009153318077803,0.7170099160945842,0.6,0.5217391304347826,0.9122807017543859
5,0.42147054349247165,0.7658276125095347,0.7292143401983219,0.6071428571428571,0.7391304347826086,0.7192982456140351
6,0.4200679792878378,0.7810831426392068,0.7284515636918383,0.6,0.9130434782608695,0.543859649122807
7,0.4595218571323141,0.7704042715484364,0.7509534706331045,0.631578947368421,0.782608695652174,0.7192982456140351
8,0.4513975520604331,0.7757437070938216,0.7082379862700229,0.5853658536585366,0.5217391304347826,0.8947368421052632
9,0.45972688849653637,0.7886762360446571,0.7563795853269537,0.6229508196721312,0.8636363636363636,0.6491228070175439
