,Matthews,AUC,Accuracy,F1,ActionAccuracy,ThingAccuracy
0,0.2196873875818734,0.6024691358024692,0.611111111111111,0.4752475247524753,0.8888888888888888,0.3333333333333333
1,0.21384706154297684,0.66320987654321,0.6177777777777778,0.4545454545454546,0.5555555555555556,0.68
2,0.36753536959806066,0.688395061728395,0.674074074074074,0.52,0.48148148148148145,0.8666666666666667
3,0.31439099675674376,0.6570945945945945,0.6312741312741312,0.4444444444444445,0.35714285714285715,0.9054054054054054
4,0.148898607994571,0.5593629343629343,0.583011583011583,0.4324324324324324,0.5714285714285714,0.5945945945945946
5,0.12490715292486997,0.5308880308880308,0.5593629343629344,0.3461538461538462,0.32142857142857145,0.7972972972972973
6,0.2813491139432301,0.7012548262548263,0.6568532818532818,0.5135135135135135,0.6785714285714286,0.6351351351351351
7,0.36488089039102467,0.6534749034749034,0.6447876447876448,0.46511627906976744,0.35714285714285715,0.9324324324324325
8,0.42965932784265226,0.6921921921921923,0.6934434434434434,0.553191489361702,0.48148148148148145,0.9054054054054054
9,0.18811106658107463,0.582082082082082,0.5755755755755756,0.33333333333333337,0.25925925925925924,0.8918918918918919
