,Matthews,AUC,Accuracy,F1,ActionAccuracy,ThingAccuracy
0,0.14832535885167464,0.48086124401913877,0.5741626794258373,0.5333333333333333,0.7272727272727273,0.42105263157894735
1,0.15713819666238882,0.5358851674641149,0.5813397129186603,0.5185185185185185,0.6363636363636364,0.5263157894736842
2,-0.07394738666465356,0.3732057416267943,0.48086124401913877,0.5128205128205129,0.9090909090909091,0.05263157894736842
3,0.291866028708134,0.5645933014354066,0.645933014354067,0.6,0.8181818181818182,0.47368421052631576
4,0.2165408787114111,0.6124401913875598,0.5837320574162679,0.37499999999999994,0.2727272727272727,0.8947368421052632
5,0.29578954665861423,0.6363636363636365,0.65311004784689,0.5925925925925926,0.7272727272727273,0.5789473684210527
6,0.14832535885167464,0.5933014354066986,0.5741626794258373,0.5333333333333333,0.7272727272727273,0.42105263157894735
7,0.22105263157894736,0.5684210526315789,0.6105263157894737,0.5517241379310345,0.8,0.42105263157894735
8,0.32985022296588384,0.6789473684210526,0.6605263157894736,0.6,0.9,0.42105263157894735
9,-0.13710212427677043,0.30526315789473685,0.47368421052631576,0.0,0.0,0.9473684210526315
