,Matthews,Accuracy,F1,ActionAccuracy,ThingAccuracy
0,0.0,0.5,0.0,0.0,1.0
1,0.3660570791018469,0.6746031746031746,0.47058823529411764,0.4444444444444444,0.9047619047619048
2,0.0,0.5,0.0,0.0,1.0
3,0.0,0.5,0.0,0.0,1.0
4,0.0,0.5,0.0,0.0,1.0
5,0.6782343280546951,0.8005952380952381,0.7142857142857143,0.625,0.9761904761904762
6,0.3491679693993151,0.6130952380952381,0.36363636363636365,0.25,0.9761904761904762
7,0.0,0.5,0.0,0.0,1.0
8,0.0,0.5,0.0,0.0,1.0
9,0.0,0.5,0.0,0.0,1.0
