,Matthews,AUC,Accuracy,F1,ActionAccuracy,ThingAccuracy
0,0.28032544605106857,0.7105263157894737,0.662907268170426,0.4444444444444444,0.5714285714285714,0.7543859649122807
1,0.4060910660552847,0.7744360902255638,0.6973684210526316,0.5185185185185186,0.5,0.8947368421052632
2,0.43156049088985066,0.818295739348371,0.7612781954887218,0.55,0.7857142857142857,0.7368421052631579
3,0.2849501380883701,0.7638326585695007,0.6794871794871795,0.4390243902439025,0.6923076923076923,0.6666666666666666
4,0.2886751345948129,0.7091836734693877,0.6785714285714286,0.4444444444444444,0.8571428571428571,0.5
5,0.3538880365655816,0.778061224489796,0.7053571428571429,0.5000000000000001,0.6428571428571429,0.7678571428571429
6,0.5306686305052324,0.778061224489796,0.75,0.6153846153846153,0.5714285714285714,0.9285714285714286
7,0.42857142857142855,0.6186224489795918,0.6607142857142857,0.4761904761904762,0.35714285714285715,0.9642857142857143
8,0.43590637505786944,0.7857142857142857,0.7053571428571428,0.5384615384615384,0.5,0.9107142857142857
9,0.5306686305052324,0.8329081632653061,0.75,0.6153846153846153,0.5714285714285714,0.9285714285714286
