,Matthews,AUC,Accuracy,F1,ActionAccuracy,ThingAccuracy
0,0.15846450269405254,0.5490074441687345,0.576302729528536,0.48351648351648346,0.8461538461538461,0.3064516129032258
1,0.31958988407496824,0.6581885856079405,0.674937965260546,0.5555555555555555,0.7692307692307693,0.5806451612903226
2,0.24830574478726536,0.628415300546448,0.6323618700667881,0.5079365079365079,0.5925925925925926,0.6721311475409836
3,0.3355363208021172,0.729204614450516,0.6818457802064359,0.5714285714285714,0.7407407407407407,0.6229508196721312
4,0.27560927915102706,0.6751669702489375,0.6490588949605343,0.5405405405405406,0.7407407407407407,0.5573770491803278
5,0.2183543983497954,0.6466302367941712,0.618093503339405,0.5,0.6296296296296297,0.6065573770491803
6,0.20024268701675746,0.6506935687263556,0.6081336696090794,0.47619047619047616,0.5769230769230769,0.639344262295082
7,0.1340625470244986,0.594577553593947,0.5728247162673392,0.4594594594594595,0.6538461538461539,0.4918032786885246
8,0.30049325457305703,0.6809583858764187,0.6601513240857504,0.5333333333333333,0.6153846153846154,0.7049180327868853
9,0.20839871866331164,0.6261034047919294,0.6138083228247162,0.49275362318840576,0.6538461538461539,0.5737704918032787
