,Matthews,AUC,Accuracy,F1,ActionAccuracy,ThingAccuracy
0,0.2672612419124244,0.7088888888888889,0.6666666666666667,0.4363636363636363,0.8,0.5333333333333333
1,0.46265194557299216,0.7922222222222223,0.7666666666666666,0.5789473684210527,0.7333333333333333,0.8
2,0.4829623412680657,0.7701271186440679,0.7161016949152542,0.5714285714285715,0.5,0.9322033898305084
3,0.3103363257345143,0.7298728813559322,0.6885593220338984,0.48,0.75,0.6271186440677966
4,0.4602873089491617,0.8432203389830508,0.7648305084745763,0.5853658536585366,0.75,0.7796610169491526
5,0.41132756748572324,0.7175141242937854,0.6497175141242938,0.4545454545454545,0.3333333333333333,0.9661016949152542
6,0.41200012260949953,0.8271186440677966,0.7553672316384181,0.5306122448979592,0.8666666666666667,0.6440677966101694
7,0.5123558085708322,0.8395480225988701,0.7983050847457627,0.6153846153846154,0.8,0.7966101694915254
8,0.5076562293293522,0.8757062146892656,0.8062146892655367,0.6046511627906976,0.8666666666666667,0.7457627118644068
9,0.4738951650003912,0.7875706214689264,0.7242937853107345,0.5714285714285715,0.5333333333333333,0.9152542372881356
