,Matthews,AUC,Accuracy,F1,ActionAccuracy,ThingAccuracy
0,0.38382771147160943,0.6911764705882353,0.6867647058823529,0.7,0.8235294117647058,0.55
1,0.39629469648388077,0.7058823529411764,0.6705882352941177,0.7111111111111111,0.9411764705882353,0.4
2,0.2574009559050633,0.6441176470588235,0.6279411764705882,0.6315789473684211,0.7058823529411765,0.55
3,0.48102625790909326,0.7676470588235293,0.7205882352941176,0.744186046511628,0.9411764705882353,0.5
4,0.47633970000822057,0.7911764705882353,0.736764705882353,0.7368421052631577,0.8235294117647058,0.65
5,0.3068772873116991,0.5794117647058823,0.6205882352941177,0.6808510638297872,0.9411764705882353,0.3
6,0.39941527640440855,0.7205882352941176,0.6985294117647058,0.6666666666666667,0.6470588235294118,0.75
7,0.5107628601472598,0.7382352941176471,0.7485294117647059,0.7096774193548386,0.6470588235294118,0.85
8,0.41634040307669884,0.7456140350877193,0.6988304093567251,0.6451612903225806,0.5555555555555556,0.8421052631578947
9,0.5363879507478305,0.827485380116959,0.7602339181286549,0.7804878048780488,0.8888888888888888,0.631578947368421
