,Matthews,AUC,Accuracy,F1,ActionAccuracy,ThingAccuracy
0,0.2698865812167362,0.6476426799007444,0.6401985111662531,0.5,0.5384615384615384,0.7419354838709677
1,0.5190502372565088,0.8833746898263027,0.7841191066997519,0.6666666666666667,0.9230769230769231,0.6451612903225806
2,0.47434220791686704,0.813895781637717,0.7555831265508686,0.6451612903225806,0.7692307692307693,0.7419354838709677
3,0.32479917717646006,0.7285714285714285,0.6714285714285715,0.5625000000000001,0.6428571428571429,0.7
4,0.4581709669115176,0.7761904761904762,0.719047619047619,0.6153846153846153,0.5714285714285714,0.8666666666666667
5,0.5232875632287413,0.8261904761904761,0.7761904761904762,0.6875000000000001,0.7857142857142857,0.7666666666666667
6,0.2282051282051282,0.6205128205128205,0.6141025641025641,0.46153846153846156,0.46153846153846156,0.7666666666666667
7,0.25837616329344654,0.6307692307692307,0.6038461538461539,0.4,0.3076923076923077,0.9
8,0.3681538272750136,0.7307692307692308,0.691025641025641,0.5714285714285715,0.6153846153846154,0.7666666666666667
9,0.4081559161464765,0.6615384615384615,0.6807692307692308,0.5454545454545455,0.46153846153846156,0.9
