,Matthews,AUC,Accuracy,F1,ActionAccuracy,ThingAccuracy
0,0.4082482904638631,0.73625,0.6875,0.5714285714285715,0.5,0.875
1,0.45425676257949793,0.8034188034188033,0.7380952380952381,0.6666666666666666,0.8095238095238095,0.6666666666666666
2,0.6166467610063405,0.8583333333333334,0.7621794871794871,0.6874999999999999,0.55,0.9743589743589743
3,0.3483869354469588,0.691025641025641,0.6833333333333333,0.5957446808510639,0.7,0.6666666666666666
4,0.3493801142559732,0.6974358974358975,0.6724358974358975,0.5641025641025641,0.55,0.7948717948717948
5,0.4016204146365117,0.698076923076923,0.6371794871794871,0.4444444444444444,0.3,0.9743589743589743
6,0.5893919581039575,0.9076923076923076,0.7980769230769231,0.7317073170731706,0.75,0.8461538461538461
7,0.49212699972227747,0.808974358974359,0.7589743589743589,0.6808510638297872,0.8,0.717948717948718
8,0.6512381921652878,0.8602564102564102,0.8115384615384615,0.7567567567567567,0.7,0.9230769230769231
9,0.4103819482059895,0.8064102564102563,0.7096153846153846,0.6190476190476191,0.65,0.7692307692307693
