,Matthews,AUC,Accuracy,F1,ActionAccuracy,ThingAccuracy
0,0.457156092946066,0.8308080808080809,0.7512626262626263,0.6274509803921569,0.8888888888888888,0.6136363636363636
1,0.5860614417175161,0.8611111111111112,0.7550505050505051,0.6666666666666667,0.5555555555555556,0.9545454545454546
2,0.634338677446604,0.9204545454545454,0.7992424242424242,0.7272727272727272,0.6666666666666666,0.9318181818181818
3,0.3859408221856236,0.7803030303030303,0.7121212121212122,0.5882352941176471,0.8333333333333334,0.5909090909090909
4,0.3923255536845017,0.7870257037943696,0.7117503059975521,0.6037735849056604,0.8421052631578947,0.5813953488372093
5,0.5591910846699489,0.8457772337821298,0.7870257037943696,0.7,0.7368421052631579,0.8372093023255814
6,0.5581302130911286,0.8733850129198966,0.8049095607235142,0.6956521739130435,0.8888888888888888,0.7209302325581395
7,0.29069767441860467,0.7054263565891473,0.6453488372093024,0.5,0.5,0.7906976744186046
8,0.41231121994625053,0.8074935400516795,0.7170542635658914,0.6,0.6666666666666666,0.7674418604651163
9,0.5146808071128034,0.8410852713178294,0.7680878552971576,0.6666666666666666,0.7222222222222222,0.813953488372093
