,Matthews,AUC,Accuracy,F1,ActionAccuracy,ThingAccuracy
0,0.6392470988970351,0.9005028735632183,0.8426724137931034,0.75,0.875,0.8103448275862069
1,0.5759005487115545,0.8491379310344828,0.7974137931034483,0.7058823529411765,0.75,0.8448275862068966
2,0.608497920381897,0.8669590643274854,0.8168859649122806,0.7307692307692307,0.7916666666666666,0.8421052631578947
3,0.52557974030533,0.8603801169590644,0.7850877192982456,0.6779661016949152,0.8333333333333334,0.7368421052631579
4,0.43355498476206,0.7236842105263158,0.6973684210526316,0.5714285714285715,0.5,0.8947368421052632
5,0.5415533908932433,0.7821637426900585,0.7598684210526316,0.6666666666666666,0.625,0.8947368421052632
6,0.693687975619296,0.8216374269005847,0.8157894736842105,0.761904761904762,0.6666666666666666,0.9649122807017544
7,0.628654727904987,0.8874269005847953,0.7861842105263157,0.7142857142857143,0.625,0.9473684210526315
8,0.4905020559672063,0.8179824561403509,0.7675438596491229,0.6557377049180328,0.8333333333333334,0.7017543859649122
9,0.4804610716480131,0.8128654970760234,0.7456140350877193,0.64,0.6666666666666666,0.8245614035087719
