,Matthews,Accuracy,F1,ActionAccuracy,ThingAccuracy
0,0.250459024806617,0.5909090909090908,0.34782608695652173,0.25,0.9318181818181818
1,0.5062104997714462,0.7357954545454546,0.6206896551724138,0.5625,0.9090909090909091
2,0.45226701686664544,0.7045454545454546,0.5714285714285715,0.5,0.9090909090909091
3,0.32324284925164637,0.6505681818181819,0.4827586206896552,0.4375,0.8636363636363636
4,0.3580447216860943,0.6619318181818181,0.5,0.4375,0.8863636363636364
5,0.3454246398538787,0.6789772727272727,0.5294117647058824,0.5625,0.7954545454545454
6,0.5393598899705937,0.7272727272727273,0.6153846153846154,0.5,0.9545454545454546
7,0.3178304128441319,0.6221590909090908,0.4166666666666667,0.3125,0.9318181818181818
8,0.6200006664885781,0.7772727272727273,0.6923076923076923,0.6,0.9545454545454546
9,0.5753016196555826,0.7659090909090909,0.6666666666666665,0.6,0.9318181818181818
