,Matthews,Accuracy,F1,ActionAccuracy,ThingAccuracy
0,0.4183300132670378,0.65,0.4666666666666666,0.3333333333333333,0.9666666666666667
1,0.5878248322376116,0.7297619047619047,0.6249999999999999,0.47619047619047616,0.9833333333333333
2,0.5088184851280617,0.713095238095238,0.588235294117647,0.47619047619047616,0.95
3,0.4001313369518111,0.6726190476190476,0.5142857142857143,0.42857142857142855,0.9166666666666666
4,0.2725540575476988,0.6238095238095238,0.4324324324324324,0.38095238095238093,0.8666666666666667
5,0.4183300132670378,0.65,0.4666666666666666,0.3333333333333333,0.9666666666666667
6,0.5368090519754708,0.7595238095238095,0.6500000000000001,0.6190476190476191,0.9
7,0.27857101420419017,0.6166666666666667,0.41176470588235287,0.3333333333333333,0.9
8,0.38769905726763276,0.6571428571428571,0.4848484848484849,0.38095238095238093,0.9333333333333333
9,0.36848266548445074,0.6634382566585957,0.5,0.42857142857142855,0.8983050847457628
