,Matthews,AUC,Accuracy,F1,ActionAccuracy,ThingAccuracy
0,0.40800564658479693,0.7859477124183007,0.7233115468409586,0.5970149253731343,0.7407407407407407,0.7058823529411765
1,0.24772017853917944,0.6345315904139434,0.6345315904139434,0.49230769230769234,0.5925925925925926,0.6764705882352942
2,0.32560973308494123,0.7227668845315905,0.6751089324618736,0.5396825396825397,0.6296296296296297,0.7205882352941176
3,0.2806555663171529,0.6584967320261438,0.6530501089324618,0.5151515151515151,0.6296296296296297,0.6764705882352942
4,0.37890457683281287,0.7260348583877996,0.7086056644880174,0.5797101449275363,0.7407407407407407,0.6764705882352942
5,0.3597054471346709,0.6944444444444444,0.6944444444444444,0.5647058823529412,0.8888888888888888,0.5
6,0.3891443713389164,0.7245475113122173,0.667420814479638,0.5116279069767442,0.4230769230769231,0.9117647058823529
7,0.2563592813531483,0.7039027149321266,0.6323529411764706,0.4727272727272727,0.5,0.7647058823529411
8,0.25486819885706524,0.6495301271420675,0.628800442233278,0.4727272727272727,0.48148148148148145,0.7761194029850746
9,0.38304376735866047,0.6749585406301825,0.669983416252073,0.5217391304347826,0.4444444444444444,0.8955223880597015
