,Matthews,AUC,Accuracy,F1,ActionAccuracy,ThingAccuracy
0,0.1263625660959576,0.5550595238095237,0.564484126984127,0.3793103448275862,0.39285714285714285,0.7361111111111112
1,0.34728580408487114,0.6738683127572016,0.6435185185185185,0.4651162790697674,0.37037037037037035,0.9166666666666666
2,0.20256929122348968,0.6502057613168724,0.6134259259259259,0.4657534246575342,0.6296296296296297,0.5972222222222222
3,0.24727349209767693,0.5401234567901234,0.599537037037037,0.38095238095238093,0.2962962962962963,0.9027777777777778
4,0.29351876891566875,0.6728395061728395,0.6643518518518519,0.5205479452054794,0.7037037037037037,0.625
5,0.27051002878946223,0.6715534979423868,0.6319444444444444,0.4615384615384615,0.4444444444444444,0.8194444444444444
6,0.35337918344271557,0.676440329218107,0.6805555555555556,0.5357142857142857,0.5555555555555556,0.8055555555555556
7,0.25246762751248103,0.6358894105372979,0.6324986958789776,0.47457627118644063,0.5185185185185185,0.7464788732394366
8,0.37035237469557686,0.7329160146061555,0.6927490871152843,0.553191489361702,0.9629629629629629,0.4225352112676056
9,0.39671926790905687,0.6838810641627543,0.6455399061032864,0.46153846153846156,0.3333333333333333,0.9577464788732394
