,Matthews,AUC,Accuracy,F1,ActionAccuracy,ThingAccuracy
0,0.35768790540671663,0.7448024948024948,0.7014033264033264,0.5510204081632653,0.7297297297297297,0.6730769230769231
1,0.3111111672232945,0.748263888888889,0.6778846153846154,0.5192307692307693,0.75,0.6057692307692307
2,0.2739745198719722,0.6940435581212281,0.655077407504592,0.5045045045045046,0.7567567567567568,0.5533980582524272
3,0.25317965598995096,0.6361847284177381,0.6381527158226188,0.47727272727272724,0.5675675675675675,0.7087378640776699
4,0.36434498759560163,0.694043558121228,0.6503542377328786,0.4745762711864407,0.3783783783783784,0.9223300970873787
5,0.27778311957460244,0.6876147992652847,0.6336919443715561,0.45714285714285713,0.43243243243243246,0.8349514563106796
6,0.2904729035910846,0.7051954867488848,0.6603253739176069,0.5054945054945055,0.6216216216216216,0.6990291262135923
7,0.46063749234956,0.7869325636315927,0.7168722120178431,0.588235294117647,0.5405405405405406,0.8932038834951457
8,0.2522689990440113,0.6922067698766727,0.6409078981894516,0.48421052631578954,0.6216216216216216,0.6601941747572816
9,0.39001931490989306,0.7408816583573865,0.6638677512463921,0.5,0.40540540540540543,0.9223300970873787
