,Matthews,Accuracy,F1,ActionAccuracy,ThingAccuracy
0,0.0,0.5,0.0,0.0,1.0
1,0.0,0.5,0.0,0.0,1.0
2,0.35830926360551774,0.6063492063492064,0.3333333333333333,0.2222222222222222,0.9904761904761905
3,0.4439506185100828,0.6779761904761905,0.4615384615384615,0.375,0.9809523809523809
4,0.3423265984407288,0.5625,0.2222222222222222,0.125,1.0
5,0.22462371414392773,0.5577380952380953,0.2,0.125,0.9904761904761905
6,-0.026082026547865053,0.49523809523809526,0.0,0.0,0.9904761904761905
7,0.5072890497450764,0.6827380952380953,0.5,0.375,0.9904761904761905
8,0.3423265984407288,0.5625,0.2222222222222222,0.125,1.0
9,0.38343738679611944,0.6201923076923077,0.36363636363636365,0.25,0.9903846153846154
