,Matthews,AUC,Accuracy,F1,ActionAccuracy,ThingAccuracy
0,0.3449689991256513,0.7031963470319635,0.6894977168949772,0.5454545454545455,0.6666666666666666,0.7123287671232876
1,0.17471679870494433,0.6215119228817858,0.5963977676306443,0.4597701149425288,0.7407407407407407,0.4520547945205479
2,0.1746456106651946,0.5689484126984128,0.5694444444444444,0.32558139534883723,0.25,0.8888888888888888
3,0.22413272587221034,0.6550099206349206,0.6190476190476191,0.4946236559139785,0.8214285714285714,0.4166666666666667
4,0.20147201531226774,0.6085390946502057,0.599537037037037,0.4150943396226415,0.4074074074074074,0.7916666666666666
5,0.3340383700311406,0.7165637860082305,0.6875,0.5454545454545454,0.7777777777777778,0.5972222222222222
6,0.3227137185558497,0.6772119341563786,0.6574074074074074,0.5,0.48148148148148145,0.8333333333333334
7,0.373962784033128,0.7255658436213991,0.7060185185185186,0.5671641791044776,0.7037037037037037,0.7083333333333334
8,0.22578837914485936,0.6772119341563786,0.6203703703703703,0.45901639344262296,0.5185185185185185,0.7222222222222222
9,0.5107081318380741,0.7718621399176954,0.7523148148148149,0.6415094339622641,0.6296296296296297,0.875
