,Matthews,AUC,Accuracy,F1,ActionAccuracy,ThingAccuracy
0,0.10679081557597864,0.5644342973110097,0.5593607305936072,0.4235294117647059,0.6666666666666666,0.4520547945205479
1,0.2807124059251428,0.6806189751395231,0.6580416032470826,0.5128205128205128,0.7407407407407407,0.5753424657534246
2,0.21807142542975,0.6453373015873016,0.621031746031746,0.4878048780487805,0.7142857142857143,0.5277777777777778
3,0.36936750089587606,0.7113095238095238,0.6884920634920635,0.5517241379310344,0.5714285714285714,0.8055555555555556
4,0.3285091522175248,0.6152263374485597,0.6203703703703703,0.41025641025641024,0.2962962962962963,0.9444444444444444
5,0.25877458475338283,0.6584362139917694,0.6388888888888888,0.48387096774193544,0.5555555555555556,0.7222222222222222
6,0.2567650093805503,0.6268004115226337,0.6157407407407407,0.425531914893617,0.37037037037037035,0.8611111111111112
7,0.2162259627201852,0.6453189300411522,0.6180555555555556,0.46153846153846156,0.5555555555555556,0.6805555555555556
8,0.34179953639073746,0.6658950617283951,0.6875,0.5454545454545455,0.6666666666666666,0.7083333333333334
9,0.28867513459481287,0.698045267489712,0.662037037037037,0.5194805194805194,0.7407407407407407,0.5833333333333334
