,Matthews,Accuracy,F1,ActionAccuracy,ThingAccuracy
0,0.12893596194451987,0.5518292682926829,0.3333333333333333,0.25,0.8536585365853658
1,0.034921514788478915,0.5152439024390244,0.3076923076923077,0.25,0.7804878048780488
2,0.09563650695950074,0.5396341463414633,0.32432432432432434,0.25,0.8292682926829268
3,0.06938833309972595,0.5172764227642276,0.14285714285714285,0.08333333333333333,0.9512195121951219
4,-0.10122889890194267,0.4720528455284553,0.06896551724137931,0.041666666666666664,0.9024390243902439
5,-0.005232017881644568,0.4979674796747967,0.2285714285714286,0.16666666666666666,0.8292682926829268
6,0.31262870399183146,0.634676564156946,0.4864864864864865,0.391304347826087,0.8780487804878049
7,-0.08226966166389205,0.46765641569459176,0.1764705882352941,0.13043478260869565,0.8048780487804879
8,0.09092079184111859,0.5277173913043478,0.20689655172413793,0.13043478260869565,0.925
9,-0.031984651050360066,0.48695652173913045,0.22857142857142854,0.17391304347826086,0.8
