,Matthews,AUC,Accuracy,F1,ActionAccuracy,ThingAccuracy
0,0.4381082911830418,0.8100845410628019,0.7385265700483092,0.6017699115044248,0.9444444444444444,0.532608695652174
1,0.38871183443178703,0.785024154589372,0.7053140096618358,0.575,0.6388888888888888,0.7717391304347826
2,0.3556056649307555,0.7754658385093168,0.6989130434782609,0.56,0.8,0.5978260869565217
3,0.45404176656378276,0.8083850931677019,0.7498447204968944,0.6206896551724139,0.7714285714285715,0.7282608695652174
4,0.4147780380532717,0.8093167701863354,0.7288819875776398,0.5871559633027523,0.9142857142857143,0.5434782608695652
5,0.43550036102696266,0.8338509316770186,0.7423913043478261,0.6086956521739131,0.8,0.6847826086956522
6,0.41482912976433567,0.7981366459627328,0.7315217391304347,0.5957446808510638,0.8,0.6630434782608695
7,0.42732827324337513,0.793167701863354,0.7287267080745341,0.6,0.6857142857142857,0.7717391304347826
8,0.4652110161723578,0.8301242236024844,0.7600931677018633,0.625,0.8571428571428571,0.6630434782608695
9,0.366715119480445,0.7739130434782608,0.698136645962733,0.5609756097560975,0.6571428571428571,0.7391304347826086
