,Matthews,AUC,Accuracy,F1,ActionAccuracy,ThingAccuracy
0,0.5264128938462896,0.845186136071887,0.7797175866495507,0.6808510638297872,0.7804878048780488,0.7789473684210526
1,0.38536167877008354,0.775609756097561,0.7093709884467265,0.5964912280701754,0.8292682926829268,0.5894736842105263
2,0.4580447579720154,0.7876765083440308,0.7017971758664955,0.5797101449275363,0.4878048780487805,0.9157894736842105
3,0.40957725787314003,0.7611039794608472,0.71604621309371,0.6031746031746031,0.926829268292683,0.5052631578947369
4,0.45925236861027835,0.7892169448010269,0.7440308087291398,0.6290322580645161,0.9512195121951219,0.5368421052631579
5,0.48710748030837914,0.8582798459563543,0.7653401797175867,0.6545454545454545,0.8780487804878049,0.6526315789473685
6,0.4914843079978103,0.8563157894736843,0.769078947368421,0.6542056074766355,0.875,0.6631578947368421
7,0.40103836090490547,0.7873684210526316,0.719078947368421,0.6019417475728155,0.775,0.6631578947368421
8,0.5096004151530877,0.8191489361702128,0.7548002075765439,0.6585365853658537,0.6585365853658537,0.851063829787234
9,0.49799238072954694,0.8606642449403218,0.7703684483653348,0.6607142857142856,0.9024390243902439,0.6382978723404256
