,Matthews,AUC,Accuracy,F1,ActionAccuracy,ThingAccuracy
0,0.4317795235936635,0.806763892381192,0.7337188835805883,0.62,0.7560975609756098,0.711340206185567
1,0.5384025639900203,0.752200150867488,0.7232838823233594,0.6153846153846153,0.4878048780487805,0.9587628865979382
2,0.5015481856373667,0.7460397284385214,0.6848126728689967,0.5423728813559323,0.3902439024390244,0.979381443298969
3,0.39706267776103565,0.7759617802363591,0.699899421674629,0.5783132530120483,0.5853658536585366,0.8144329896907216
4,0.5987698867628578,0.824113653507669,0.7669097309529795,0.6857142857142856,0.5853658536585366,0.9484536082474226
5,0.43199585168857385,0.8351772692984663,0.7361076188081468,0.6194690265486725,0.8536585365853658,0.6185567010309279
6,0.4592711359878157,0.7963288911239628,0.718632134774956,0.605263157894737,0.5609756097560976,0.8762886597938144
7,0.36793266905362343,0.7301546391752577,0.6609536082474227,0.5074626865671642,0.425,0.8969072164948454
8,0.47789634146341464,0.7977642276422764,0.7389481707317074,0.6341463414634146,0.6341463414634146,0.84375
9,0.42921094501864876,0.7882367886178862,0.725609756097561,0.609375,0.9512195121951219,0.5
