,Matthews,AUC,Accuracy,F1,ActionAccuracy,ThingAccuracy
0,0.5339740628431772,0.8153644696639022,0.7797904845045831,0.6666666666666667,0.7241379310344828,0.8354430379746836
1,0.5022863483423791,0.8197293758184199,0.7671322566564819,0.6461538461538462,0.7241379310344828,0.810126582278481
2,0.6542036336089244,0.8858499095840868,0.8191681735985534,0.7407407407407408,0.7142857142857143,0.9240506329113924
3,0.3404776236575384,0.7506631299734748,0.691423519009726,0.5476190476190476,0.7931034482758621,0.5897435897435898
4,0.5269672855879752,0.8355437665782492,0.7634836427939876,0.6551724137931034,0.6551724137931034,0.8717948717948718
5,0.4760460138983748,0.8435013262599469,0.7667992926613616,0.6206896551724138,0.9310344827586207,0.6025641025641025
6,0.4555994147704579,0.7844827586206897,0.7559681697612732,0.611764705882353,0.896551724137931,0.6153846153846154
7,0.48980704350207327,0.8366489832007074,0.7727674624226348,0.64,0.8275862068965517,0.717948717948718
8,0.6465696728157709,0.9323607427055702,0.8609637488947834,0.7368421052631579,0.9655172413793104,0.7564102564102564
9,0.42461412650131813,0.7811671087533156,0.7387267904509284,0.5952380952380951,0.8620689655172413,0.6153846153846154
