,Matthews,AUC,Accuracy,F1,ActionAccuracy,ThingAccuracy
0,0.5508894960085645,0.8430555555555556,0.788888888888889,0.7000000000000001,0.7777777777777778,0.8
1,0.5297316789747445,0.8319444444444445,0.7847222222222222,0.6799999999999999,0.9444444444444444,0.625
2,0.419941333382819,0.7416666666666667,0.726388888888889,0.6222222222222222,0.7777777777777778,0.675
3,0.5193954510923104,0.8625,0.7791666666666667,0.6818181818181818,0.8333333333333334,0.725
4,0.2805409213575619,0.6632352941176469,0.6492647058823529,0.5384615384615384,0.8235294117647058,0.475
5,0.48038446141526137,0.8319088319088319,0.7435897435897436,0.6486486486486486,0.6666666666666666,0.8205128205128205
6,0.31906205991705394,0.7364672364672364,0.670940170940171,0.5714285714285714,0.7777777777777778,0.5641025641025641
7,0.6241645881173442,0.8048433048433048,0.7649572649572649,0.6896551724137931,0.5555555555555556,0.9743589743589743
8,0.3655632345628656,0.6923076923076923,0.6965811965811965,0.5957446808510638,0.7777777777777778,0.6153846153846154
9,0.29914529914529914,0.6353276353276354,0.6495726495726495,0.5614035087719298,0.8888888888888888,0.41025641025641024
