,Matthews,AUC,Accuracy,F1,ActionAccuracy,ThingAccuracy
0,0.41228920298032495,0.7034632034632035,0.6937229437229437,0.5789473684210527,0.5238095238095238,0.8636363636363636
1,0.43722943722943725,0.7564935064935066,0.7186147186147187,0.6190476190476191,0.6190476190476191,0.8181818181818182
2,0.527936188011633,0.8804112554112554,0.7819264069264069,0.6909090909090908,0.9047619047619048,0.6590909090909091
3,0.47854396768147545,0.7494588744588744,0.7489177489177489,0.6557377049180327,0.9523809523809523,0.5454545454545454
4,0.3922275248901531,0.7554112554112554,0.7023809523809523,0.6129032258064516,0.9047619047619048,0.5
5,0.3540162280026042,0.6996753246753247,0.6693722943722944,0.5882352941176471,0.9523809523809523,0.38636363636363635
6,0.38127943275125936,0.781183932346723,0.7008456659619451,0.6153846153846153,0.7272727272727273,0.6744186046511628
7,0.4125151990239121,0.7077167019027485,0.7103594080338267,0.6349206349206349,0.9090909090909091,0.5116279069767442
8,0.34494539819605724,0.7148394241417497,0.6622369878183831,0.5882352941176471,0.9523809523809523,0.37209302325581395
9,0.3847057092496838,0.743078626799557,0.6965669988925802,0.6129032258064516,0.9047619047619048,0.4883720930232558
