,Matthews,AUC,Accuracy,F1,ActionAccuracy,ThingAccuracy
0,0.3307837708410969,0.711195054945055,0.6881868131868132,0.5333333333333333,0.75,0.6263736263736264
1,0.39240541153758957,0.693853021978022,0.7081043956043955,0.5633802816901409,0.625,0.7912087912087912
2,0.3491989399243552,0.6887628500531726,0.7002835873803616,0.5393258426966293,0.7741935483870968,0.6263736263736264
3,0.31310721429807814,0.6704861111111111,0.6690972222222222,0.5135135135135135,0.59375,0.7444444444444445
4,0.4469245224451276,0.7807291666666667,0.7472222222222222,0.6075949367088608,0.75,0.7444444444444445
5,0.42807148037178594,0.7697916666666667,0.740625,0.5952380952380952,0.78125,0.7
6,0.457185049653633,0.7392361111111112,0.7482638888888888,0.6133333333333333,0.71875,0.7777777777777778
7,0.4391023127715754,0.7687499999999999,0.7461805555555556,0.6024096385542168,0.78125,0.7111111111111111
8,0.43035591021060393,0.7381944444444445,0.728125,0.5915492957746479,0.65625,0.8
9,0.38250455834736313,0.7366319444444445,0.7173611111111111,0.5652173913043479,0.8125,0.6222222222222222
