,Matthews,AUC,Accuracy,F1,ActionAccuracy,ThingAccuracy
0,0.3516830217524748,0.8240437158469945,0.719672131147541,0.489795918367347,0.8,0.639344262295082
1,0.6416582609586441,0.8306010928961748,0.7836065573770492,0.6923076923076923,0.6,0.9672131147540983
2,0.5368718821574056,0.9005464480874317,0.8098360655737705,0.6315789473684211,0.8,0.819672131147541
3,0.6796242705364957,0.9453551912568307,0.8759562841530055,0.7428571428571429,0.8666666666666667,0.8852459016393442
4,0.5520904715430454,0.6873536299765808,0.7060889929742389,0.5714285714285714,0.42857142857142855,0.9836065573770492
5,0.5864244356327502,0.8911007025761125,0.8272833723653396,0.6666666666666667,0.7857142857142857,0.8688524590163934
6,0.5376428984461543,0.7927400468384075,0.7529274004683841,0.6153846153846153,0.5714285714285714,0.9344262295081968
7,0.42906546363827336,0.8313817330210773,0.7394613583138174,0.5454545454545454,0.6428571428571429,0.8360655737704918
8,0.18485966425290098,0.6510538641686183,0.610655737704918,0.3684210526315789,0.5,0.7213114754098361
9,0.5038251298889944,0.7412177985948478,0.7447306791569086,0.5925925925925927,0.5714285714285714,0.9180327868852459
