,Matthews,AUC,Accuracy,F1,ActionAccuracy,ThingAccuracy
0,0.5205573939459175,0.7868131868131868,0.789010989010989,0.5999999999999999,0.6923076923076923,0.8857142857142857
1,0.34712290589740635,0.7934065934065935,0.7373626373626374,0.44000000000000006,0.8461538461538461,0.6285714285714286
2,0.22226495315660857,0.6516483516483518,0.6307692307692307,0.3636363636363637,0.46153846153846156,0.8
3,0.23977164669358758,0.6469979296066252,0.6413043478260869,0.3888888888888889,0.5,0.782608695652174
4,0.32010032046913667,0.727743271221532,0.6982401656314701,0.45,0.6428571428571429,0.7536231884057971
5,0.31733947870319484,0.7443064182194618,0.7049689440993789,0.4444444444444444,0.7142857142857143,0.6956521739130435
6,0.484472049689441,0.8033126293995859,0.7422360248447204,0.5714285714285714,0.5714285714285714,0.9130434782608695
7,0.19688049879200512,0.6231884057971013,0.6262939958592133,0.36363636363636365,0.5714285714285714,0.6811594202898551
8,0.32358029809424943,0.7335562987736901,0.6989966555183946,0.4444444444444444,0.6153846153846154,0.782608695652174
9,0.07817028982471992,0.5150501672240804,0.5451505016722409,0.25,0.3076923076923077,0.782608695652174
