,Matthews,AUC,Accuracy,F1,ActionAccuracy,ThingAccuracy
0,0.42765811449271357,0.7712355212355213,0.7113899613899614,0.5818181818181818,0.5714285714285714,0.8513513513513513
1,0.26011856053347276,0.6923262548262549,0.6452702702702703,0.5060240963855421,0.75,0.5405405405405406
2,0.2439976147581966,0.684604247104247,0.6365830115830116,0.4935064935064935,0.6785714285714286,0.5945945945945946
3,0.42927996188792256,0.7657061880018895,0.7073689182805858,0.5818181818181819,0.5517241379310345,0.863013698630137
4,0.15015533034944467,0.5642418516769012,0.5555030703826169,0.28571428571428575,0.20689655172413793,0.9041095890410958
5,0.29379518851668435,0.6876223091976517,0.6396771037181996,0.5142857142857143,0.9642857142857143,0.3150684931506849
6,0.3436104508069543,0.7025440313111546,0.6678082191780822,0.5185185185185186,0.5,0.8356164383561644
7,0.33486740461320236,0.7213796477495108,0.6859099804305284,0.5479452054794521,0.7142857142857143,0.6575342465753424
8,0.26363113464092225,0.6829745596868886,0.6418786692759295,0.49230769230769234,0.5714285714285714,0.7123287671232876
9,0.36004872852362213,0.7314090019569471,0.7010763209393347,0.5641025641025641,0.7857142857142857,0.6164383561643836
