,Matthews,AUC,Accuracy,F1,ActionAccuracy,ThingAccuracy
0,0.49669407657641956,0.7981749865807837,0.7536231884057971,0.6428571428571429,0.6666666666666666,0.8405797101449275
1,0.37708775393737415,0.7936124530327429,0.7085346215780999,0.5750000000000001,0.8518518518518519,0.5652173913043478
2,0.4949196182414956,0.7938808373590982,0.7383252818035426,0.627450980392157,0.5925925925925926,0.8840579710144928
3,0.23478260869565218,0.6172839506172839,0.6304347826086956,0.4931506849315068,0.6666666666666666,0.5942028985507246
4,0.4390636202261406,0.7237394957983194,0.7258403361344539,0.6101694915254238,0.6428571428571429,0.8088235294117647
5,0.2772739495180428,0.6675420168067226,0.6491596638655461,0.5151515151515151,0.6071428571428571,0.6911764705882353
6,0.6481903858897683,0.8251633986928104,0.7815904139433552,0.711111111111111,0.5925925925925926,0.9705882352941176
7,0.5700590959591958,0.8336056644880174,0.7706971677559913,0.68,0.6296296296296297,0.9117647058823529
8,0.6676034170861631,0.8578431372549019,0.8374183006535948,0.7636363636363638,0.7777777777777778,0.8970588235294118
9,0.6541272254669406,0.8551198257080609,0.8150871459694989,0.7450980392156864,0.7037037037037037,0.9264705882352942
