,Matthews,AUC,Accuracy,F1,ActionAccuracy,ThingAccuracy
0,0.32569286728305563,0.7582417582417583,0.6916208791208791,0.47058823529411764,0.6153846153846154,0.7678571428571429
1,0.4941862661473273,0.8296703296703296,0.7541208791208791,0.5925925925925927,0.6153846153846154,0.8928571428571429
2,0.473689632704652,0.6565934065934065,0.7039835164835164,0.5454545454545455,0.46153846153846156,0.9464285714285714
3,0.29716081940637273,0.7266483516483517,0.6854395604395604,0.45,0.6923076923076923,0.6785714285714286
4,0.4941862661473273,0.8296703296703296,0.7541208791208791,0.5925925925925927,0.6153846153846154,0.8928571428571429
5,0.4333378702763101,0.7541208791208791,0.695054945054945,0.5217391304347826,0.46153846153846156,0.9285714285714286
6,0.40202720570363654,0.8104395604395604,0.7067307692307692,0.5185185185185186,0.5384615384615384,0.875
7,0.32505932874173715,0.7733516483516484,0.7060439560439561,0.4651162790697674,0.7692307692307693,0.6428571428571429
8,0.5863453265910181,0.7953296703296703,0.801510989010989,0.6666666666666666,0.6923076923076923,0.9107142857142857
9,0.37116936509917703,0.7896103896103895,0.7123376623376624,0.5142857142857143,0.6428571428571429,0.7818181818181819
