,Matthews,AUC,Accuracy,F1,ActionAccuracy,ThingAccuracy
0,0.397389433371097,0.7165685449957948,0.6915475189234651,0.5454545454545454,0.5172413793103449,0.8658536585365854
1,0.41572170376529133,0.703111858704794,0.6976450798990749,0.5555555555555556,0.5172413793103449,0.8780487804878049
2,0.4003121090703968,0.7127572016460905,0.6882716049382716,0.5454545454545454,0.5,0.8765432098765432
3,0.32097404349438213,0.6172839506172839,0.6487654320987655,0.4814814814814815,0.43333333333333335,0.8641975308641975
4,0.4017263842362052,0.7539094650205762,0.7117283950617284,0.5757575757575758,0.6333333333333333,0.7901234567901234
5,0.2997325010613853,0.6823045267489711,0.6555555555555556,0.5,0.5333333333333333,0.7777777777777778
6,0.26201123178887586,0.5983539094650205,0.611111111111111,0.4081632653061224,0.3333333333333333,0.8888888888888888
7,0.36080959353489594,0.6901234567901234,0.6462962962962963,0.46808510638297873,0.36666666666666664,0.9259259259259259
8,0.45153080797077094,0.7493827160493827,0.7518518518518519,0.6153846153846154,0.8,0.7037037037037037
9,0.27585725431140756,0.6917837377607492,0.6458067262664964,0.5,0.896551724137931,0.3950617283950617
