,Matthews,AUC,Accuracy,F1,ActionAccuracy,ThingAccuracy
0,0.45835452254918957,0.8226537216828479,0.7468176914778857,0.6356589147286822,0.9111111111111111,0.5825242718446602
1,0.716529420927586,0.9365695792880259,0.8625674217907228,0.8043478260869565,0.8222222222222222,0.9029126213592233
2,0.5434716007283859,0.8772384034519958,0.795361380798274,0.6890756302521008,0.9111111111111111,0.6796116504854369
3,0.6192279653166318,0.8737864077669902,0.8327939590075513,0.7407407407407407,0.8888888888888888,0.7766990291262136
4,0.5506457442799056,0.8802588996763754,0.794606256742179,0.6981132075471698,0.8222222222222222,0.7669902912621359
5,0.5003539163830512,0.8511326860841424,0.7703344120819848,0.6666666666666666,0.8222222222222222,0.7184466019417476
6,0.4825342098633385,0.8379719525350594,0.7620280474649407,0.6551724137931035,0.8444444444444444,0.6796116504854369
7,0.6078720644648725,0.8777581641659311,0.8233671668137688,0.7326732673267327,0.8409090909090909,0.8058252427184466
8,0.5446384268877663,0.8440087145969498,0.7950980392156863,0.6885245901639344,0.9333333333333333,0.6568627450980392
9,0.6508063159188627,0.8973856209150326,0.8375816993464051,0.7628865979381444,0.8222222222222222,0.8529411764705882
