,Matthews,AUC,Accuracy,F1,ActionAccuracy,ThingAccuracy
0,0.49365721997300943,0.8342780026990554,0.7468286099865047,0.6410256410256411,0.6410256410256411,0.8526315789473684
1,0.4709886873051985,0.7851551956815115,0.7461538461538462,0.6352941176470588,0.6923076923076923,0.8
2,0.46781622063981687,0.8134952766531713,0.753306342780027,0.6271186440677965,0.9487179487179487,0.5578947368421052
3,0.5597088441446698,0.8356275303643725,0.775438596491228,0.6842105263157895,0.6666666666666666,0.8842105263157894
4,0.7158710879717354,0.9352226720647774,0.8825910931174089,0.8000000000000002,0.9230769230769231,0.8421052631578947
5,0.6076159555333912,0.7705802968960863,0.7383265856950068,0.6440677966101694,0.48717948717948717,0.9894736842105263
6,0.5062634587671307,0.8319148936170212,0.7704787234042554,0.6666666666666666,0.775,0.7659574468085106
7,0.4448369706594101,0.8183510638297873,0.739095744680851,0.6218487394957983,0.925,0.5531914893617021
8,0.4116844934245041,0.7821808510638298,0.7212765957446808,0.6050420168067226,0.9,0.5425531914893617
9,0.3715682851451805,0.7040370976541189,0.6744408074195308,0.5352112676056338,0.48717948717948717,0.8617021276595744
