,Matthews,AUC,Accuracy,F1,ActionAccuracy,ThingAccuracy
0,0.7754879641570646,0.9050324675324675,0.880275974025974,0.8387096774193549,0.8125,0.948051948051948
1,0.618382773737792,0.911525974025974,0.8362418831168832,0.7341772151898734,0.90625,0.7662337662337663
2,0.6440157405927857,0.8474025974025974,0.8348214285714286,0.7536231884057971,0.8125,0.8571428571428571
3,0.6128635595248673,0.9040636782572267,0.8315877670716381,0.7297297297297297,0.8709677419354839,0.7922077922077922
4,0.6521554423056215,0.8730624214495182,0.8158776707163804,0.7457627118644068,0.7096774193548387,0.922077922077922
5,0.7681154837998055,0.9099287808965228,0.8676162547130288,0.8275862068965517,0.7741935483870968,0.961038961038961
6,0.7088916674662764,0.9049015500628405,0.8577712609970674,0.7936507936507936,0.8064516129032258,0.9090909090909091
7,0.4622534556135241,0.8194386258902389,0.7538751571009635,0.6329113924050633,0.8064516129032258,0.7012987012987013
8,0.7597980047572158,0.9442815249266862,0.8900293255131965,0.8307692307692308,0.8709677419354839,0.9090909090909091
9,0.72938954565564,0.909950657894737,0.8577302631578947,0.8064516129032259,0.78125,0.9342105263157895
