,Matthews,AUC,Accuracy,F1,ActionAccuracy,ThingAccuracy
0,0.6784855204158966,0.9092938311688312,0.8478084415584415,0.7761194029850748,0.8125,0.8831168831168831
1,0.7291038808650446,0.9326298701298701,0.8790584415584415,0.8115942028985507,0.875,0.8831168831168831
2,0.3805073715146862,0.7597402597402597,0.7088068181818181,0.588235294117647,0.78125,0.6363636363636364
3,0.7001388687578194,0.9371596145789695,0.8736908253037285,0.7887323943661972,0.9032258064516129,0.8441558441558441
4,0.6455191527582079,0.8902387934645999,0.82865521575199,0.7500000000000001,0.7741935483870968,0.8831168831168831
5,0.5587432569355855,0.8072894847088397,0.7706325932132383,0.6779661016949152,0.6451612903225806,0.8961038961038961
6,0.6002039575132592,0.873481357352325,0.7836196062002514,0.7017543859649122,0.6451612903225806,0.922077922077922
7,0.5938442823730471,0.8194386258902386,0.7643485546711353,0.679245283018868,0.5806451612903226,0.948051948051948
8,0.6010857120329776,0.8642647674905739,0.8060326770004189,0.71875,0.7419354838709677,0.8701298701298701
9,0.7786650820350411,0.9510690789473684,0.9095394736842105,0.8450704225352113,0.9375,0.881578947368421
