,Matthews,AUC,Accuracy,F1,ActionAccuracy,ThingAccuracy
0,0.264722086685995,0.6393939393939394,0.6409090909090909,0.5454545454545454,0.6818181818181818,0.6
1,0.3441933426844605,0.6873737373737374,0.648989898989899,0.5000000000000001,0.4090909090909091,0.8888888888888888
2,0.3074191974418007,0.7101010101010101,0.6636363636363636,0.5714285714285714,0.7272727272727273,0.6
3,0.35380538876539114,0.6782828282828283,0.6606060606060606,0.5263157894736842,0.45454545454545453,0.8666666666666667
4,0.15334790207607873,0.5777777777777777,0.5634920634920635,0.5066666666666666,0.9047619047619048,0.2222222222222222
5,0.18308771995290685,0.6142857142857143,0.5936507936507937,0.4545454545454545,0.47619047619047616,0.7111111111111111
6,0.31962771449405775,0.6312169312169311,0.6634920634920635,0.5454545454545454,0.5714285714285714,0.7555555555555555
7,0.3333333333333333,0.7024793388429752,0.6363636363636364,0.4705882352941177,0.36363636363636365,0.9090909090909091
8,0.15110651212172094,0.5630165289256199,0.5795454545454546,0.47058823529411764,0.5454545454545454,0.6136363636363636
9,0.3608439182435161,0.7097107438016529,0.6704545454545454,0.55,0.5,0.8409090909090909
