,Matthews,AUC,Accuracy,F1,ActionAccuracy,ThingAccuracy
0,0.14521098128664062,0.6000000000000001,0.5761904761904761,0.4912280701754387,0.7,0.4523809523809524
1,0.16597921175719388,0.5357142857142857,0.5380952380952381,0.1739130434782609,0.1,0.9761904761904762
2,0.3352629055017437,0.7035714285714286,0.6535714285714286,0.5142857142857143,0.45,0.8571428571428571
3,0.48756034091629497,0.7785714285714285,0.7595238095238095,0.6666666666666667,0.9,0.6190476190476191
4,0.3067191794659486,0.6771196283391405,0.662020905923345,0.5769230769230769,0.7142857142857143,0.6097560975609756
5,0.34805709596223633,0.7084785133565621,0.6718931475029036,0.6031746031746031,0.9047619047619048,0.43902439024390244
6,0.49681575374313225,0.818815331010453,0.7590011614401858,0.6808510638297872,0.7619047619047619,0.7560975609756098
7,0.2929525405319398,0.671951219512195,0.6554878048780488,0.5660377358490566,0.75,0.5609756097560976
8,0.2765658760688979,0.6878048780487805,0.6439024390243903,0.5614035087719298,0.8,0.4878048780487805
9,0.4551028890406215,0.7682926829268293,0.7420731707317073,0.6538461538461537,0.85,0.6341463414634146
