,Matthews,AUC,Accuracy,F1,ActionAccuracy,ThingAccuracy
0,0.6079621444949308,0.8344947735191638,0.7848432055749129,0.7346938775510204,0.6428571428571429,0.926829268292683
1,0.3773102209731506,0.7526132404181185,0.6846689895470384,0.6666666666666665,0.8571428571428571,0.5121951219512195
2,0.6311687442672026,0.877145438121048,0.8224932249322493,0.7868852459016393,0.8888888888888888,0.7560975609756098
3,0.43243005340622526,0.7551942186088527,0.6982836495031617,0.6086956521739131,0.5185185185185185,0.8780487804878049
4,0.4813732667734306,0.8030713640469738,0.7420957542908763,0.6909090909090909,0.7037037037037037,0.7804878048780488
5,0.5984677661384584,0.8355916892502258,0.7971996386630533,0.7547169811320754,0.7407407407407407,0.8536585365853658
6,0.4780914437337574,0.8071428571428572,0.7428571428571429,0.7096774193548386,0.7857142857142857,0.7
7,0.5092010548749033,0.8071428571428572,0.7357142857142858,0.6666666666666666,0.5714285714285714,0.9
8,0.6349615513197886,0.8473214285714287,0.8017857142857143,0.76,0.6785714285714286,0.925
9,0.6776762142823225,0.8892857142857143,0.8089285714285714,0.7659574468085106,0.6428571428571429,0.975
