,Matthews,AUC,Accuracy,F1,ActionAccuracy,ThingAccuracy
0,0.45163515057783876,0.7702702702702702,0.7235872235872236,0.6511627906976744,0.6363636363636364,0.8108108108108109
1,0.26898326898326896,0.6988416988416988,0.6344916344916345,0.5862068965517242,0.8095238095238095,0.4594594594594595
2,0.4606518288963268,0.7812097812097811,0.7181467181467182,0.6315789473684211,0.5714285714285714,0.8648648648648649
3,0.3671295885435207,0.7181467181467182,0.6853281853281853,0.631578947368421,0.8571428571428571,0.5135135135135135
4,0.3868077150778379,0.7374517374517374,0.6981981981981982,0.6222222222222222,0.6666666666666666,0.7297297297297297
5,0.5195660731394097,0.8043758043758044,0.7696267696267696,0.7083333333333334,0.8095238095238095,0.7297297297297297
6,0.26898326898326896,0.6898326898326899,0.6344916344916345,0.5862068965517242,0.8095238095238095,0.4594594594594595
7,0.21320071635561041,0.63510101010101,0.6098484848484849,0.5490196078431373,0.6363636363636364,0.5833333333333334
8,0.39141414141414144,0.7487373737373738,0.6957070707070707,0.6551724137931034,0.8636363636363636,0.5277777777777778
9,0.2960528777048222,0.6767676767676767,0.6502525252525253,0.6071428571428571,0.7727272727272727,0.5277777777777778
