,Matthews,Accuracy,F1,ActionAccuracy,ThingAccuracy
0,0.2962628656622826,0.6337606837606837,0.5,0.4230769230769231,0.8444444444444444
1,-0.06324664744548819,0.47094017094017093,0.26666666666666666,0.23076923076923078,0.7111111111111111
2,0.23895392319750144,0.573931623931624,0.30303030303030304,0.19230769230769232,0.9555555555555556
3,0.23762449032219357,0.5820512820512821,0.3428571428571429,0.23076923076923078,0.9333333333333333
4,0.10793224332593643,0.5457264957264957,0.3414634146341463,0.2692307692307692,0.8222222222222222
5,0.2032647960998817,0.579059829059829,0.3684210526315789,0.2692307692307692,0.8888888888888888
6,0.12256517540566825,0.5577777777777777,0.39999999999999997,0.36,0.7555555555555555
7,-0.02923526731023431,0.48666666666666664,0.27906976744186046,0.24,0.7333333333333333
8,0.009554144082570746,0.5031818181818182,0.18181818181818182,0.12,0.8863636363636364
9,0.203573620093938,0.5745454545454545,0.34285714285714286,0.24,0.9090909090909091
