,Matthews,AUC,Accuracy,F1,ActionAccuracy,ThingAccuracy
0,0.4933104111889036,0.7760714285714286,0.7375,0.6382978723404256,0.6,0.875
1,0.39284389311859097,0.6391608391608392,0.6255244755244755,0.411764705882353,0.2692307692307692,0.9818181818181818
2,0.49839402423845675,0.8041958041958042,0.7339160839160839,0.6382978723404256,0.5769230769230769,0.8909090909090909
3,0.37816435797764614,0.7720279720279719,0.7017482517482517,0.6031746031746031,0.7307692307692307,0.6727272727272727
4,0.4332962134431326,0.7993006993006994,0.729020979020979,0.6333333333333334,0.7307692307692307,0.7272727272727273
5,0.3295718504629978,0.7454545454545455,0.6763636363636364,0.5666666666666667,0.68,0.6727272727272727
6,0.4417389749191147,0.8160000000000001,0.7381818181818182,0.6363636363636365,0.84,0.6363636363636364
7,0.4558584016809974,0.7956363636363637,0.7163636363636363,0.6086956521739131,0.56,0.8727272727272727
8,0.3659020326817838,0.7381818181818182,0.6963636363636363,0.5901639344262295,0.72,0.6727272727272727
9,0.2966479394838265,0.6821818181818182,0.6599999999999999,0.5538461538461539,0.72,0.6
