,Matthews,AUC,Accuracy,F1,ActionAccuracy,ThingAccuracy
0,0.3840576345531227,0.7432687765706186,0.7078412848370336,0.5797101449275363,0.6896551724137931,0.726027397260274
1,0.44822772746210515,0.8003913894324853,0.7448630136986301,0.6176470588235295,0.75,0.7397260273972602
2,0.4255423097372072,0.6712328767123288,0.6690313111545988,0.5116279069767441,0.39285714285714285,0.9452054794520548
3,0.3888736224315405,0.8047945205479452,0.7133072407045009,0.5797101449275363,0.7142857142857143,0.7123287671232876
4,0.43725117256346663,0.8003913894324853,0.7421722113502935,0.6111111111111112,0.7857142857142857,0.6986301369863014
5,0.29519613196409483,0.7177103718199609,0.6597358121330723,0.5151515151515151,0.6071428571428571,0.7123287671232876
6,0.3210925277309497,0.7169765166340508,0.6778375733855186,0.5411764705882353,0.8214285714285714,0.5342465753424658
7,0.45484820998474024,0.7145303326810176,0.7130626223091976,0.5882352941176471,0.5357142857142857,0.8904109589041096
8,0.35069762282501793,0.6977969348659004,0.6886973180076628,0.5588235294117647,0.6551724137931034,0.7222222222222222
9,0.44733786059811764,0.7447318007662835,0.7133620689655172,0.5925925925925927,0.5517241379310345,0.875
