,Matthews,AUC,Accuracy,F1,ActionAccuracy,ThingAccuracy
0,0.3312862310652588,0.7417989417989418,0.7095238095238096,0.47058823529411764,0.8,0.6190476190476191
1,0.4868338201673969,0.7792338709677419,0.7782258064516129,0.6,0.75,0.8064516129032258
2,0.5282258064516129,0.8286290322580646,0.7641129032258065,0.625,0.625,0.9032258064516129
3,0.22948627871070168,0.6875,0.6219758064516129,0.39999999999999997,0.4375,0.8064516129032258
4,0.3077256933488254,0.7409274193548387,0.689516129032258,0.47058823529411753,0.75,0.6290322580645161
5,0.3677867822183806,0.8084677419354838,0.7076612903225806,0.5128205128205128,0.625,0.7903225806451613
6,0.3709677419354839,0.7308467741935484,0.685483870967742,0.5,0.5,0.8709677419354839
7,0.3466885321228528,0.7698924731182796,0.7134408602150537,0.4888888888888889,0.7333333333333333,0.6935483870967742
8,0.39465850082785736,0.7247311827956989,0.7021505376344086,0.5161290322580646,0.5333333333333333,0.8709677419354839
9,0.33110087822788303,0.6774193548387097,0.6516129032258065,0.4444444444444445,0.4,0.9032258064516129
