,Matthews,AUC,Accuracy,F1,ActionAccuracy,ThingAccuracy
0,0.42272076337362874,0.7570754716981132,0.7279874213836478,0.625,0.8333333333333334,0.6226415094339622
1,0.33382432392694666,0.7193396226415094,0.6733490566037736,0.5753424657534246,0.875,0.4716981132075472
2,0.2652132974009541,0.5644654088050314,0.6234276729559749,0.46511627906976744,0.4166666666666667,0.8301886792452831
3,0.18402743938641197,0.5963050314465409,0.5939465408805031,0.5066666666666667,0.7916666666666666,0.39622641509433965
4,0.053676767897994436,0.4453846153846155,0.5284615384615384,0.4067796610169491,0.48,0.5769230769230769
5,0.36135904187228685,0.71875,0.6875,0.576923076923077,0.625,0.75
6,0.12684039844119843,0.5,0.5641025641025641,0.4081632653061225,0.4166666666666667,0.7115384615384616
7,0.4153231717704492,0.7744391025641026,0.719551282051282,0.6181818181818182,0.7083333333333334,0.7307692307692307
8,0.37431924104065883,0.704326923076923,0.6602564102564102,0.5128205128205129,0.4166666666666667,0.9038461538461539
9,0.24228797602361601,0.6598557692307692,0.6266025641025641,0.5352112676056338,0.7916666666666666,0.46153846153846156
