,Matthews,AUC,Accuracy,F1,ActionAccuracy,ThingAccuracy
0,0.38852813852813856,0.7151875901875903,0.6942640692640694,0.5833333333333334,0.5833333333333334,0.8051948051948052
1,0.3508622901278483,0.7365491651205938,0.674025974025974,0.5507246376811593,0.5428571428571428,0.8051948051948052
2,0.35238439283479095,0.7447124304267162,0.6831168831168831,0.5849056603773585,0.8857142857142857,0.4805194805194805
3,0.32252099115263094,0.675139146567718,0.6506493506493506,0.5079365079365079,0.45714285714285713,0.8441558441558441
4,0.4415619299211169,0.7716141001855288,0.7350649350649351,0.6341463414634146,0.7428571428571429,0.7272727272727273
5,0.4526171434518241,0.7306122448979592,0.7311688311688311,0.6301369863013698,0.6571428571428571,0.8051948051948052
6,0.35116484673925763,0.7161410018552876,0.6857142857142857,0.575,0.6571428571428571,0.7142857142857143
7,0.45796428526314675,0.776252319109462,0.7402597402597403,0.6410256410256411,0.7142857142857143,0.7662337662337663
8,0.2607144567760445,0.700556586270872,0.6402597402597403,0.528735632183908,0.6571428571428571,0.6233766233766234
9,0.21054607146124707,0.6198830409356725,0.6067251461988304,0.5272727272727273,0.8055555555555556,0.40789473684210525
