,Matthews,AUC,Accuracy,F1,ActionAccuracy,ThingAccuracy
0,0.36281522630415314,0.7670588235294118,0.6835294117647059,0.6545454545454547,0.72,0.6470588235294118
1,0.4390030497688788,0.7647058823529411,0.7011764705882353,0.6190476190476191,0.52,0.8823529411764706
2,0.470451926188454,0.7990196078431372,0.7365196078431373,0.6938775510204083,0.7083333333333334,0.7647058823529411
3,0.44034755759456745,0.741421568627451,0.7169117647058824,0.7000000000000001,0.875,0.5588235294117647
4,0.3778240857990175,0.7205882352941176,0.6899509803921569,0.6666666666666667,0.7916666666666666,0.5882352941176471
5,0.4089864237548135,0.7879901960784313,0.7071078431372549,0.6666666666666667,0.7083333333333334,0.7058823529411765
6,0.5411415938540767,0.8590686274509803,0.7720588235294117,0.7346938775510204,0.75,0.7941176470588235
7,0.35860707440933887,0.6890909090909091,0.6466666666666666,0.6760563380281689,0.96,0.3333333333333333
8,0.40748827421413786,0.7503030303030302,0.6872727272727273,0.6969696969696971,0.92,0.45454545454545453
9,0.48535417351712545,0.7812121212121212,0.7096969696969697,0.6153846153846153,0.48,0.9393939393939394
