,Matthews,AUC,Accuracy,F1,ActionAccuracy,ThingAccuracy
0,0.34599953073845463,0.7534722222222222,0.6851851851851852,0.5797101449275363,0.8333333333333334,0.5370370370370371
1,0.19313021993633922,0.6103395061728395,0.599537037037037,0.5066666666666667,0.7916666666666666,0.4074074074074074
2,0.4720932056297987,0.7299382716049383,0.7268518518518519,0.6222222222222222,0.5833333333333334,0.8703703703703703
3,0.233999509108495,0.6215780998389694,0.6219806763285024,0.48,0.5217391304347826,0.7222222222222222
4,0.35525573672412736,0.7185990338164252,0.6936392914653784,0.5762711864406781,0.7391304347826086,0.6481481481481481
5,0.32523534868862775,0.6892109500805152,0.6557971014492754,0.5116279069767442,0.4782608695652174,0.8333333333333334
6,0.3544694563080982,0.6626409017713366,0.6493558776167472,0.4864864864864865,0.391304347826087,0.9074074074074074
7,0.29488391230979427,0.7073268921095008,0.6594202898550725,0.5357142857142857,0.6521739130434783,0.6666666666666666
8,0.3544694563080982,0.6952495974235104,0.6493558776167472,0.4864864864864865,0.391304347826087,0.9074074074074074
9,0.4735505280511643,0.7198067632850241,0.7145732689210951,0.6,0.5217391304347826,0.9074074074074074
