,Matthews,Accuracy,F1,ActionAccuracy,ThingAccuracy
0,0.37449860230650756,0.678498985801217,0.5806451612903226,0.5294117647058824,0.8275862068965517
1,0.16413304107465318,0.5808189655172413,0.45161290322580644,0.4375,0.7241379310344828
2,0.3030644901238066,0.646551724137931,0.5333333333333333,0.5,0.7931034482758621
3,0.19364916731037085,0.59375,0.4666666666666667,0.4375,0.75
4,0.4918419280041679,0.7276785714285714,0.6428571428571429,0.5625,0.8928571428571429
5,0.09221388919541469,0.5446428571428572,0.39999999999999997,0.375,0.7142857142857143
6,0.3125,0.65625,0.5625,0.5625,0.75
7,0.3533791834427155,0.6741071428571428,0.5806451612903225,0.5625,0.7857142857142857
8,0.1336306209562122,0.5535714285714286,0.3333333333333333,0.25,0.8571428571428571
9,0.3273268353539886,0.6473214285714286,0.5185185185185185,0.4375,0.8571428571428571
