,Matthews,AUC,Accuracy,F1,ActionAccuracy,ThingAccuracy
0,0.42272076337362874,0.7987421383647799,0.7279874213836478,0.625,0.8333333333333334,0.6226415094339622
1,0.5404774768341041,0.8655660377358491,0.7806603773584906,0.6923076923076924,0.75,0.8113207547169812
2,0.5513546013849088,0.8136792452830188,0.7786949685534592,0.6938775510204083,0.7083333333333334,0.8490566037735849
3,0.40131365887287695,0.738993710691824,0.7165880503144654,0.6129032258064516,0.7916666666666666,0.6415094339622641
4,0.5867318360353386,0.8317610062893082,0.7995283018867925,0.7199999999999999,0.75,0.8490566037735849
5,0.5134775490115757,0.8474842767295597,0.7771226415094339,0.6774193548387096,0.875,0.6792452830188679
6,0.45600390397403445,0.7892307692307692,0.7342307692307692,0.6415094339622641,0.68,0.7884615384615384
7,0.5486117033576735,0.8753846153846154,0.7838461538461539,0.7037037037037037,0.76,0.8076923076923077
8,0.39220201276307365,0.7400000000000001,0.7053846153846154,0.6071428571428571,0.68,0.7307692307692307
9,0.6534082243837367,0.8984615384615385,0.8438461538461539,0.7719298245614036,0.88,0.8076923076923077
