,Matthews,Accuracy,F1,ActionAccuracy,ThingAccuracy
0,0.25323705817244146,0.6189458689458689,0.4680851063829788,0.4230769230769231,0.8148148148148148
1,0.4907372911936095,0.7229344729344729,0.6222222222222222,0.5384615384615384,0.9074074074074074
2,0.2652298700504067,0.6182336182336182,0.4545454545454546,0.38461538461538464,0.8518518518518519
3,0.345438493920493,0.636039886039886,0.46153846153846156,0.34615384615384615,0.9259259259259259
4,0.4224268069175737,0.6844729344729346,0.558139534883721,0.46153846153846156,0.9074074074074074
5,0.42802326037014504,0.6944444444444444,0.5777777777777778,0.5,0.8888888888888888
6,0.1452991452991453,0.5605413105413105,0.3414634146341463,0.2692307692307692,0.8518518518518519
7,0.4406112289764176,0.7129898403483309,0.6122448979591837,0.5769230769230769,0.8490566037735849
8,0.646614662979917,0.8084179970972424,0.7500000000000001,0.6923076923076923,0.9245283018867925
9,0.3975963115909476,0.6839622641509434,0.5652173913043479,0.5,0.8679245283018868
