,Matthews,AUC,Accuracy,F1,ActionAccuracy,ThingAccuracy
0,0.15534244150030002,0.5968858131487889,0.5735294117647058,0.5185185185185186,0.8235294117647058,0.3235294117647059
1,0.47368648068904984,0.7629757785467127,0.75,0.6666666666666667,0.8823529411764706,0.6176470588235294
2,0.2229112850301411,0.6003460207612457,0.6176470588235294,0.5333333333333333,0.7058823529411765,0.5294117647058824
3,0.36223083817397933,0.6470588235294117,0.6911764705882353,0.6,0.7058823529411765,0.6764705882352942
4,0.2773500981126145,0.5709342560553632,0.6470588235294118,0.558139534883721,0.7058823529411765,0.5882352941176471
5,0.15907119074394444,0.5726643598615917,0.5735294117647058,0.4000000000000001,0.35294117647058826,0.7941176470588235
6,0.26111648393354675,0.6211072664359862,0.6323529411764706,0.5142857142857143,0.5294117647058824,0.7352941176470589
7,0.26967994498529685,0.6176470588235294,0.6176470588235294,0.5614035087719298,0.9411764705882353,0.29411764705882354
8,0.27937211830783126,0.6211072664359861,0.6176470588235294,0.4444444444444445,0.35294117647058826,0.8823529411764706
9,0.2773500981126145,0.6730103806228374,0.6470588235294118,0.558139534883721,0.7058823529411765,0.5882352941176471
