,Matthews,AUC,Accuracy,F1,ActionAccuracy,ThingAccuracy
0,0.5809636795811604,0.8459821428571429,0.7991071428571428,0.742857142857143,0.8125,0.7857142857142857
1,0.42804964166145,0.7299107142857142,0.71875,0.6470588235294118,0.6875,0.75
2,0.4918419280041679,0.7790178571428571,0.7276785714285714,0.6428571428571429,0.5625,0.8928571428571429
3,0.6071428571428571,0.8794642857142857,0.8035714285714286,0.75,0.75,0.8571428571428571
4,0.25074294368839933,0.6227678571428572,0.6160714285714286,0.5833333333333334,0.875,0.35714285714285715
5,0.5089285714285714,0.8504464285714286,0.7544642857142857,0.6875,0.6875,0.8214285714285714
6,0.5645398656266274,0.8549107142857143,0.7857142857142857,0.7272727272727272,0.75,0.8214285714285714
7,0.6495574257478735,0.8861607142857143,0.8080357142857143,0.7586206896551724,0.6875,0.9285714285714286
8,0.38441353161606423,0.738562091503268,0.6971677559912854,0.65,0.7647058823529411,0.6296296296296297
9,0.5500724015942576,0.8779956427015251,0.7821350762527233,0.7368421052631577,0.8235294117647058,0.7407407407407407
