,Matthews,AUC,Accuracy,F1,ActionAccuracy,ThingAccuracy
0,0.40438465505164134,0.7614285714285715,0.6785714285714286,0.5423728813559322,0.45714285714285713,0.9
1,0.4151020022954266,0.7825,0.7107142857142857,0.6017699115044248,0.9714285714285714,0.45
2,0.4036883522152772,0.7689285714285714,0.7089285714285714,0.6000000000000001,0.9428571428571428,0.475
3,0.49026791688567495,0.8107142857142857,0.7589285714285714,0.6582278481012659,0.7428571428571429,0.775
4,0.5045194800986185,0.8396428571428572,0.7741071428571429,0.6666666666666667,0.8857142857142857,0.6625
5,0.47467658623488884,0.8246428571428571,0.7562500000000001,0.6511627906976745,0.8,0.7125
6,0.5014858873767987,0.8078571428571428,0.7669642857142858,0.6666666666666667,0.7714285714285715,0.7625
7,0.5972144764539068,0.8889705882352942,0.8202205882352941,0.725,0.8529411764705882,0.7875
8,0.4551470588235294,0.8022058823529412,0.7275735294117647,0.6176470588235294,0.6176470588235294,0.8375
9,0.5284768849754362,0.8361663652802893,0.78625678119349,0.6808510638297872,0.9142857142857143,0.6582278481012658
