,Matthews,Accuracy,F1,ActionAccuracy,ThingAccuracy
0,0.7960810674883173,0.8940383830134748,0.8524590163934426,0.8387096774193549,0.9493670886075949
1,0.7472800413894174,0.8617803184973458,0.8135593220338982,0.7741935483870968,0.9493670886075949
2,0.5330877798861658,0.7690894242547979,0.6666666666666667,0.6774193548387096,0.8607594936708861
3,0.7472800413894174,0.8617803184973458,0.8135593220338982,0.7741935483870968,0.9493670886075949
4,0.7472800413894174,0.8617803184973458,0.8135593220338982,0.7741935483870968,0.9493670886075949
5,0.7546422665961254,0.8808933002481389,0.8253968253968254,0.8387096774193549,0.9230769230769231
6,0.7230769230769231,0.8615384615384616,0.8000000000000002,0.8,0.9230769230769231
7,0.6388446365397674,0.8256410256410256,0.7419354838709677,0.7666666666666667,0.8846153846153846
8,0.8370151126240422,0.9141025641025642,0.8813559322033899,0.8666666666666667,0.9615384615384616
9,0.7692307692307693,0.8846153846153846,0.8333333333333334,0.8333333333333334,0.9358974358974359
