,Matthews,AUC,Accuracy,F1,ActionAccuracy,ThingAccuracy
0,0.36965972928175894,0.6225296442687747,0.6190711462450593,0.4,0.2608695652173913,0.9772727272727273
1,0.18870665340597143,0.6442687747035573,0.5968379446640316,0.53125,0.7391304347826086,0.45454545454545453
2,0.2184820145948255,0.5553359683794465,0.5746047430830039,0.3225806451612903,0.21739130434782608,0.9318181818181818
3,0.5621171880166099,0.8450413223140496,0.7840909090909092,0.711111111111111,0.7272727272727273,0.8409090909090909
4,0.28747978728803447,0.6363636363636365,0.6136363636363636,0.4242424242424242,0.3181818181818182,0.9090909090909091
5,0.4073091397134585,0.7809917355371901,0.7159090909090908,0.6296296296296297,0.7727272727272727,0.6590909090909091
6,0.4991154357965482,0.8068756319514662,0.7588473205257835,0.6885245901639344,0.9130434782608695,0.6046511627906976
7,0.3983390330691972,0.7128412537917089,0.6708796764408493,0.5405405405405405,0.43478260869565216,0.9069767441860465
8,0.24171039084714221,0.5050556117290192,0.5434782608695652,0.16,0.08695652173913043,1.0
9,0.31962771449405775,0.6430738119312437,0.6562184024266936,0.5454545454545454,0.5217391304347826,0.7906976744186046
