,Matthews,AUC,Accuracy,F1,ActionAccuracy,ThingAccuracy
0,0.3080782207210445,0.6636363636363636,0.6590909090909092,0.47619047619047616,0.5,0.8181818181818182
1,0.2786522184076944,0.696969696969697,0.6666666666666666,0.46153846153846156,0.6666666666666666,0.6666666666666666
2,0.3091410387156351,0.721875,0.68125,0.5000000000000001,0.8,0.5625
3,0.23032671985243935,0.63125,0.625,0.4347826086956522,0.5,0.75
4,0.4721697756975007,0.853125,0.75625,0.608695652173913,0.7,0.8125
5,0.2781106573963628,0.65625,0.6625,0.48275862068965514,0.7,0.625
6,0.1995059687802532,0.575,0.56875,0.28571428571428575,0.2,0.9375
7,0.03952847075210474,0.5375000000000001,0.521875,0.3684210526315789,0.7,0.34375
8,0.19764235376052372,0.621875,0.609375,0.41666666666666663,0.5,0.71875
9,0.22235371926412256,0.6656249999999999,0.628125,0.4444444444444445,0.6,0.65625
