,Matthews,AUC,Accuracy,F1,ActionAccuracy,ThingAccuracy
0,0.21565918015994065,0.6130718954248365,0.598202614379085,0.4126984126984127,0.3611111111111111,0.8352941176470589
1,0.1766924634860033,0.6106209150326797,0.5954248366013072,0.4597701149425288,0.5555555555555556,0.6352941176470588
2,0.10044498792015107,0.555718954248366,0.5468954248366014,0.3384615384615385,0.3055555555555556,0.788235294117647
3,0.2849619962069803,0.6834967320261438,0.6483660130718955,0.5128205128205129,0.5555555555555556,0.7411764705882353
4,0.3348006918570717,0.698202614379085,0.6761437908496732,0.55,0.6111111111111112,0.7411764705882353
5,0.2577105283534301,0.6496732026143791,0.6230392156862745,0.5238095238095238,0.9166666666666666,0.32941176470588235
6,0.19152713664679896,0.5833333333333333,0.5821895424836601,0.3728813559322034,0.3055555555555556,0.8588235294117647
7,0.12882137383929898,0.5071895424836601,0.5586601307189543,0.3492063492063492,0.3055555555555556,0.8117647058823529
8,0.4134619636828818,0.6941176470588235,0.6490196078431373,0.47058823529411764,0.3333333333333333,0.9647058823529412
9,0.15819290368790484,0.5852941176470589,0.584640522875817,0.4770642201834862,0.7222222222222222,0.4470588235294118
