,Matthews,Accuracy,F1,ActionAccuracy,ThingAccuracy
0,0.08928958963652148,0.5402097902097902,0.3157894736842105,0.2727272727272727,0.8076923076923077
1,0.3339045991051966,0.5757575757575758,0.2631578947368421,0.15151515151515152,1.0
2,0.2356789085095522,0.5627705627705628,0.25,0.15151515151515152,0.974025974025974
3,0.14285714285714285,0.5324675324675324,0.15789473684210525,0.09090909090909091,0.974025974025974
4,0.021713491635397368,0.5064935064935064,0.14285714285714288,0.09090909090909091,0.922077922077922
5,0.19611613513818404,0.5909090909090909,0.4067796610169492,0.36363636363636365,0.8181818181818182
6,0.10714285714285714,0.538961038961039,0.2553191489361702,0.18181818181818182,0.8961038961038961
7,0.1664701025380465,0.5497835497835498,0.2380952380952381,0.15151515151515152,0.948051948051948
8,0.13801311186847084,0.5432900432900433,0.23255813953488375,0.15151515151515152,0.935064935064935
9,0.14406038432872442,0.5456574675324675,0.23809523809523808,0.15625,0.935064935064935
