,Matthews,Accuracy,F1,ActionAccuracy,ThingAccuracy
0,0.2348479829116566,0.6091081593927894,0.4666666666666667,0.4117647058823529,0.8064516129032258
1,0.13682447700070427,0.5635673624288425,0.4000000000000001,0.35294117647058826,0.7741935483870968
2,0.2348479829116566,0.6091081593927894,0.4666666666666667,0.4117647058823529,0.8064516129032258
3,0.13636651138364203,0.5531309297912713,0.31999999999999995,0.23529411764705882,0.8709677419354839
4,0.08918406072106262,0.5445920303605313,0.4117647058823529,0.4117647058823529,0.6774193548387096
5,0.48383237356693354,0.6892156862745098,0.56,0.4117647058823529,0.9666666666666667
6,0.149563635439072,0.5725490196078431,0.43749999999999994,0.4117647058823529,0.7333333333333333
7,0.2274717835184081,0.6058823529411765,0.4666666666666667,0.4117647058823529,0.8
8,-0.034570865256115434,0.484313725490196,0.27586206896551724,0.23529411764705882,0.7333333333333333
9,0.16839382851364085,0.5729166666666667,0.38461538461538464,0.3125,0.8333333333333334
