,Matthews,AUC,Accuracy,F1,ActionAccuracy,ThingAccuracy
0,0.17907249653425555,0.6245791245791246,0.5984848484848484,0.47368421052631576,0.6666666666666666,0.5303030303030303
1,0.3571019368124709,0.6835016835016835,0.6616161616161615,0.5106382978723405,0.4444444444444444,0.8787878787878788
2,0.4340331622650066,0.7760942760942761,0.7373737373737375,0.6176470588235294,0.7777777777777778,0.696969696969697
3,0.1180154590670704,0.5572390572390572,0.5648148148148149,0.4415584415584416,0.6296296296296297,0.5
4,0.32657192421494774,0.5780022446689114,0.6574074074074074,0.5098039215686274,0.48148148148148145,0.8333333333333334
5,0.3592944452822507,0.7893356643356644,0.6993006993006994,0.5675675675675675,0.8076923076923077,0.5909090909090909
6,0.3488484000282192,0.6905594405594406,0.6625874125874126,0.5106382978723405,0.46153846153846156,0.8636363636363636
7,0.5097504428278224,0.7686480186480187,0.7196969696969697,0.6046511627906976,0.5,0.9393939393939394
8,0.5094230856582134,0.8161421911421911,0.7628205128205128,0.6545454545454545,0.6923076923076923,0.8333333333333334
9,0.39636363772071787,0.7214452214452214,0.708041958041958,0.574712643678161,0.9615384615384616,0.45454545454545453
