,Matthews,Accuracy,F1,ActionAccuracy,ThingAccuracy
0,0.521749194749951,0.7625,0.7450980392156864,0.7916666666666666,0.7333333333333333
1,0.4401410432248219,0.7208333333333333,0.6938775510204083,0.7083333333333334,0.7333333333333333
2,0.5533985905294664,0.7625,0.7142857142857143,0.625,0.9
3,0.3960924191971547,0.6958333333333333,0.6521739130434783,0.625,0.7666666666666667
4,0.6381312862268536,0.8208333333333333,0.8076923076923077,0.875,0.7666666666666667
5,0.16292365588538338,0.5791666666666666,0.5,0.4583333333333333,0.7
6,0.3172723825136413,0.6541666666666667,0.5909090909090908,0.5416666666666666,0.7666666666666667
7,0.4581897949526569,0.7260869565217392,0.6818181818181819,0.6521739130434783,0.8
8,0.2318840579710145,0.6159420289855072,0.5652173913043478,0.5652173913043478,0.6666666666666666
9,0.3025227492315619,0.6492753623188405,0.5909090909090909,0.5652173913043478,0.7333333333333333
