,Matthews,AUC,Accuracy,F1,ActionAccuracy,ThingAccuracy
0,0.40605178091037575,0.7808164883075703,0.7241379310344828,0.5714285714285714,0.6896551724137931,0.7586206896551724
1,0.36289160386585906,0.6888624653190647,0.632183908045977,0.4285714285714286,0.3103448275862069,0.9540229885057471
2,0.422500834917518,0.7974633372968687,0.735632183908046,0.5833333333333334,0.7241379310344828,0.7471264367816092
3,0.5982629838250387,0.8941860465116279,0.8135658914728683,0.7076923076923077,0.7666666666666667,0.8604651162790697
4,0.5151135108579978,0.8352713178294574,0.7887596899224807,0.6493506493506493,0.8333333333333334,0.7441860465116279
5,0.4828578134461026,0.8356589147286821,0.7569767441860464,0.626865671641791,0.7,0.813953488372093
6,0.5522752233354742,0.8186046511627906,0.7593023255813953,0.6545454545454547,0.6,0.9186046511627907
7,0.5151135108579978,0.8496124031007751,0.7887596899224807,0.6493506493506493,0.8333333333333334,0.7441860465116279
8,0.5430791927981834,0.8608660785886126,0.7921010425020047,0.6666666666666667,0.7586206896551724,0.8255813953488372
9,0.4284228479048476,0.8047313552526063,0.7287489975942261,0.5846153846153845,0.6551724137931034,0.8023255813953488
