,Matthews,Accuracy,F1,ActionAccuracy,ThingAccuracy
0,0.7913447436927886,0.8926435406698565,0.8533333333333334,0.8421052631578947,0.9431818181818182
1,0.7098374065002153,0.840011961722488,0.7887323943661972,0.7368421052631579,0.9431818181818182
2,0.6394644120777218,0.8172846889952152,0.7466666666666667,0.7368421052631579,0.8977272727272727
3,0.5664864059146737,0.7628588516746411,0.676470588235294,0.6052631578947368,0.9204545454545454
4,0.788500127009474,0.8776913875598087,0.8450704225352113,0.7894736842105263,0.9659090909090909
5,0.6001393359683054,0.8023648648648649,0.7200000000000001,0.7297297297297297,0.875
6,0.5763731439097713,0.7632063882063882,0.676923076923077,0.5945945945945946,0.9318181818181818
7,0.6235436686592636,0.7980651105651105,0.7246376811594203,0.6756756756756757,0.9204545454545454
8,0.6235436686592636,0.7980651105651105,0.7246376811594203,0.6756756756756757,0.9204545454545454
9,0.6544840294840295,0.8272420147420148,0.7567567567567567,0.7567567567567568,0.8977272727272727
