,Matthews,AUC,Accuracy,F1,ActionAccuracy,ThingAccuracy
0,0.5773278137225123,0.8461538461538461,0.7745358090185677,0.6944444444444444,0.6410256410256411,0.9080459770114943
1,0.5758167996310984,0.8700265251989391,0.7984084880636605,0.7142857142857142,0.7692307692307693,0.8275862068965517
2,0.5182961108717935,0.8547008547008547,0.7793987621573828,0.6804123711340206,0.8461538461538461,0.7126436781609196
3,0.5915119363395226,0.8420277040966696,0.7957559681697612,0.717948717948718,0.717948717948718,0.8735632183908046
4,0.405532037478854,0.765988800471559,0.7192749778956675,0.6138613861386139,0.7948717948717948,0.6436781609195402
5,0.5311678555496127,0.7491895078101976,0.7418213969938108,0.6470588235294118,0.5641025641025641,0.9195402298850575
6,0.6196470419855983,0.8856469201296788,0.8001768346595932,0.7297297297297296,0.6923076923076923,0.9080459770114943
7,0.4885967564883422,0.7926613616268787,0.7387267904509284,0.64,0.6153846153846154,0.8620689655172413
8,0.5054639835737542,0.8185117967332123,0.76497277676951,0.6666666666666666,0.7368421052631579,0.7931034482758621
9,0.6273106738223018,0.8935599284436494,0.8136553369111509,0.7435897435897437,0.7435897435897436,0.8837209302325582
