,Matthews,AUC,Accuracy,F1,ActionAccuracy,ThingAccuracy
0,0.38069579260719355,0.7618390804597701,0.7082758620689655,0.5714285714285714,0.896551724137931,0.52
1,0.3485962025264534,0.7481981981981982,0.6725225225225225,0.5523809523809524,0.9666666666666667,0.3783783783783784
2,0.42695851293451914,0.7648648648648649,0.709009009009009,0.5862068965517241,0.5666666666666667,0.8513513513513513
3,0.5015511104375132,0.7996272134203168,0.7390493942218079,0.6296296296296295,0.5862068965517241,0.8918918918918919
4,0.4611190574059032,0.8480894687791241,0.7509319664492078,0.6285714285714286,0.7586206896551724,0.7432432432432432
5,0.3411641159292698,0.7092264678471575,0.6819664492078286,0.5454545454545455,0.6206896551724138,0.7432432432432432
6,0.38701462788131835,0.7404473438956198,0.7096924510717615,0.5797101449275363,0.6896551724137931,0.7297297297297297
7,0.38701462788131835,0.7730661696178938,0.7096924510717615,0.5797101449275363,0.6896551724137931,0.7297297297297297
8,0.31901554004645105,0.7493010251630942,0.6759086672879777,0.5405405405405405,0.6896551724137931,0.6621621621621622
9,0.45389790914686295,0.7972972972972973,0.7292637465051258,0.6101694915254238,0.6206896551724138,0.8378378378378378
