,Matthews,AUC,Accuracy,F1,ActionAccuracy,ThingAccuracy
0,0.40733048897527735,0.7606477373558119,0.7158385093167702,0.6168224299065421,0.717391304347826,0.7142857142857143
1,0.3244191939621926,0.6766439909297053,0.6680272108843538,0.5735294117647058,0.8666666666666667,0.46938775510204084
2,0.337099931231621,0.6870748299319728,0.6309523809523809,0.4477611940298507,0.3333333333333333,0.9285714285714286
3,0.2690584850506808,0.6532879818594104,0.6445578231292517,0.5357142857142857,0.6666666666666666,0.6224489795918368
4,0.22114370518094803,0.6249433106575963,0.6190476190476191,0.5128205128205129,0.6666666666666666,0.5714285714285714
5,0.2646258503401361,0.683219954648526,0.6323129251700681,0.5454545454545454,0.8666666666666667,0.3979591836734694
6,0.2676854661059362,0.6937641723356008,0.6430839002267574,0.5439999999999999,0.7555555555555555,0.5306122448979592
7,0.3619047619047619,0.7222222222222222,0.6895691609977325,0.58,0.6444444444444445,0.7346938775510204
8,0.33051654081656,0.6875283446712018,0.677891156462585,0.5739130434782609,0.7333333333333333,0.6224489795918368
9,0.19173207147870203,0.6282312925170068,0.601360544217687,0.5076923076923077,0.7333333333333333,0.46938775510204084
