,Matthews,AUC,Accuracy,F1,ActionAccuracy,ThingAccuracy
0,0.41113802341504757,0.743421052631579,0.7184210526315788,0.6222222222222222,0.7368421052631579,0.7
1,0.5587021593077813,0.8197368421052631,0.7657894736842106,0.6857142857142857,0.631578947368421,0.9
2,0.6894736842105263,0.8756578947368421,0.8447368421052632,0.7894736842105263,0.7894736842105263,0.9
3,0.4107523382326403,0.75,0.7197368421052632,0.625,0.7894736842105263,0.65
4,0.3949809927566349,0.7705128205128206,0.7083333333333333,0.6250000000000001,0.75,0.6666666666666666
5,0.48318789599398215,0.7730769230769231,0.7115384615384616,0.6060606060606061,0.5,0.9230769230769231
6,0.4255627790699815,0.7564102564102564,0.7192307692307692,0.6428571428571429,0.9,0.5384615384615384
7,0.5003432887462433,0.8141025641025641,0.7596153846153846,0.6818181818181818,0.75,0.7692307692307693
8,0.46668523451860866,0.7814102564102564,0.7461538461538462,0.6666666666666666,0.8,0.6923076923076923
9,0.4040950971038548,0.7651821862348177,0.7152496626180838,0.625,0.7894736842105263,0.6410256410256411
