,Matthews,AUC,Accuracy,F1,ActionAccuracy,ThingAccuracy
0,0.6687545434147737,0.8855263157894737,0.8460526315789474,0.7804878048780488,0.8421052631578947,0.85
1,0.45907038026329655,0.8092105263157895,0.7447368421052631,0.6521739130434783,0.7894736842105263,0.7
2,0.34162317633572914,0.7072368421052632,0.6782894736842104,0.5714285714285715,0.631578947368421,0.725
3,0.45907038026329655,0.8052631578947368,0.7447368421052631,0.6521739130434783,0.7894736842105263,0.7
4,0.5859234823426126,0.8512820512820514,0.8083333333333333,0.7307692307692308,0.95,0.6666666666666666
5,0.6947225328427153,0.9192307692307692,0.8121794871794872,0.7647058823529412,0.65,0.9743589743589743
6,0.39487179487179486,0.7756410256410257,0.6974358974358974,0.6,0.6,0.7948717948717948
7,0.3192307692307692,0.7102564102564103,0.6596153846153847,0.55,0.55,0.7692307692307693
8,0.5182924844104245,0.7974358974358974,0.7717948717948718,0.6956521739130435,0.8,0.7435897435897436
9,0.3849731293344686,0.7165991902834008,0.7031039136302294,0.6153846153846154,0.8421052631578947,0.5641025641025641
