,Matthews,AUC,Accuracy,F1,ActionAccuracy,ThingAccuracy
0,0.5703227281159174,0.8579773640014603,0.8066812705366923,0.7012987012987013,0.8181818181818182,0.7951807228915663
1,0.6086927144882829,0.8977729098211026,0.8340635268346112,0.7228915662650602,0.9090909090909091,0.7590361445783133
2,0.5309433016507707,0.8378970427163198,0.7855056589996349,0.6753246753246752,0.7878787878787878,0.7831325301204819
3,0.4721061558856355,0.8124103299856528,0.7568149210903874,0.6428571428571429,0.7941176470588235,0.7195121951219512
4,0.3311966195995579,0.7539454806312769,0.6796987087517934,0.5542168674698795,0.6764705882352942,0.6829268292682927
5,0.6258925181005491,0.9017216642754663,0.8375179340028694,0.7407407407407407,0.8823529411764706,0.7926829268292683
6,0.5174800800099914,0.8127690100430415,0.7564562410329986,0.6567164179104478,0.6470588235294118,0.8658536585365854
7,0.4376272192191369,0.787878787878788,0.7385439763488544,0.617283950617284,0.7575757575757576,0.7195121951219512
8,0.6300340360180272,0.877309682187731,0.8058019216555803,0.7301587301587302,0.696969696969697,0.9146341463414634
9,0.5284254586363101,0.8492239467849224,0.7871396895787139,0.675,0.8181818181818182,0.7560975609756098
