,Matthews,AUC,Accuracy,F1,ActionAccuracy,ThingAccuracy
0,0.11998387468990934,0.5405844155844155,0.548051948051948,0.46043165467625896,0.9142857142857143,0.18181818181818182
1,0.363906290455893,0.6746753246753247,0.6545454545454545,0.4912280701754386,0.4,0.9090909090909091
2,0.24548516748315471,0.650974025974026,0.6274350649350648,0.5084745762711865,0.8571428571428571,0.3977272727272727
3,0.20598929650333245,0.6545454545454545,0.6094155844155844,0.4556962025316455,0.5142857142857142,0.7045454545454546
4,0.38092881270711065,0.7383116883116881,0.6832792207792208,0.5454545454545455,0.5142857142857142,0.8522727272727273
5,0.3293817557065676,0.711038961038961,0.6758116883116883,0.5486725663716814,0.8857142857142857,0.4659090909090909
6,0.193456201685954,0.5448051948051947,0.5659090909090909,0.2916666666666667,0.2,0.9318181818181818
7,0.17703830106837884,0.5977606951871658,0.598596256684492,0.4565217391304348,0.6176470588235294,0.5795454545454546
8,0.41609954064334514,0.6681149732620321,0.6717914438502673,0.5185185185185185,0.4117647058823529,0.9318181818181818
9,0.37947612600666564,0.7211822660098522,0.7049261083743843,0.5783132530120482,0.6857142857142857,0.7241379310344828
