,Matthews,AUC,Accuracy,F1,ActionAccuracy,ThingAccuracy
0,0.0,0.6,0.5,0.16,0.6666666666666666,0.3333333333333333
1,0.12422599874998831,0.6222222222222222,0.5833333333333334,0.2222222222222222,0.3333333333333333,0.8333333333333334
2,0.2502172968684897,0.8444444444444446,0.7,0.30769230769230765,0.6666666666666666,0.7333333333333333
3,-0.12422599874998831,0.4222222222222222,0.41666666666666663,0.13333333333333333,0.6666666666666666,0.16666666666666666
4,0.0,0.5222222222222221,0.5,0.0,0.0,1.0
5,0.45434411125112145,0.9222222222222223,0.7833333333333333,0.5,0.6666666666666666,0.9
6,0.05816750507471109,0.6333333333333333,0.55,0.18181818181818182,0.6666666666666666,0.43333333333333335
7,0.06666666666666667,0.8166666666666667,0.5666666666666667,0.14285714285714285,0.5,0.6333333333333333
8,0.1044465935734187,0.85,0.6,0.16666666666666669,0.5,0.7
9,0.2457581620011381,0.8160919540229885,0.6954022988505747,0.30769230769230765,0.6666666666666666,0.7241379310344828
