,Matthews,AUC,Accuracy,F1,ActionAccuracy,ThingAccuracy
0,0.51034939197693,0.8181492109038737,0.7776183644189383,0.6666666666666666,0.8235294117647058,0.7317073170731707
1,0.49789411548695567,0.8324964131994261,0.7664992826398852,0.6582278481012658,0.7647058823529411,0.7682926829268293
2,0.5914681805813429,0.8945480631276901,0.8005738880918221,0.7142857142857144,0.7352941176470589,0.8658536585365854
3,0.5661964792461486,0.8296269727403157,0.7661406025824964,0.6774193548387097,0.6176470588235294,0.9146341463414634
4,0.2780068264387317,0.6868723098995695,0.6459827833572453,0.5321100917431193,0.8529411764705882,0.43902439024390244
5,0.5457652375390319,0.8558758314855877,0.7873244641537325,0.6849315068493151,0.7575757575757576,0.8170731707317073
6,0.4894242583084093,0.818920916481892,0.7629342202512934,0.6493506493506495,0.7575757575757576,0.7682926829268293
7,0.5157708469017496,0.8529194382852919,0.7601626016260162,0.6567164179104478,0.6666666666666666,0.8536585365853658
8,0.4331403750062559,0.8111837327523602,0.7365649963689179,0.6206896551724137,0.7941176470588235,0.6790123456790124
9,0.49197873301843054,0.7981118373275236,0.7518155410312273,0.6478873239436619,0.6764705882352942,0.8271604938271605
