,Matthews,AUC,Accuracy,F1,ActionAccuracy,ThingAccuracy
0,0.611794098542976,0.9017695099818512,0.8364337568058076,0.7222222222222221,0.896551724137931,0.7763157894736842
1,0.5391508189418228,0.8725045372050817,0.7953720508166969,0.676056338028169,0.8275862068965517,0.7631578947368421
2,0.6742123436385905,0.8999546279491832,0.8439201451905627,0.7666666666666667,0.7931034482758621,0.8947368421052632
3,0.7016182048043513,0.8897459165154266,0.8611615245009074,0.7868852459016394,0.8275862068965517,0.8947368421052632
4,0.5968557429921966,0.835632183908046,0.8204597701149425,0.716417910447761,0.8275862068965517,0.8133333333333334
5,0.6260807316977555,0.8508045977011495,0.8193103448275862,0.7333333333333333,0.7586206896551724,0.88
6,0.5010162193401353,0.8445977011494252,0.7788505747126437,0.6428571428571428,0.9310344827586207,0.6266666666666667
7,0.5370274363875185,0.8464367816091954,0.7898850574712644,0.676470588235294,0.7931034482758621,0.7866666666666666
8,0.5174710090533845,0.8850574712643677,0.7882758620689656,0.6582278481012658,0.896551724137931,0.68
9,0.709390586592863,0.9439080459770115,0.8710344827586207,0.7936507936507937,0.8620689655172413,0.88
