,Matthews,AUC,Accuracy,F1,ActionAccuracy,ThingAccuracy
0,0.4900980294098034,0.7913602941176471,0.7702205882352942,0.5945945945945946,0.6875,0.8529411764705882
1,0.4900980294098034,0.8455882352941178,0.7702205882352942,0.5945945945945946,0.6875,0.8529411764705882
2,0.4375875262587531,0.8575367647058825,0.7757352941176471,0.5384615384615385,0.875,0.6764705882352942
3,0.40964701783877283,0.8068481123792801,0.7546093064091308,0.5263157894736842,0.8823529411764706,0.6268656716417911
4,0.6241525811653554,0.8762071992976294,0.8590869183494293,0.6976744186046512,0.8823529411764706,0.835820895522388
5,0.3516126024610341,0.7541703248463565,0.7111501316944688,0.5,0.7058823529411765,0.7164179104477612
6,0.4758035971784174,0.8481123792800702,0.7919227392449517,0.5769230769230769,0.8823529411764706,0.7014925373134329
7,0.4959647649846956,0.8226514486391571,0.7853380158033363,0.6046511627906976,0.7647058823529411,0.8059701492537313
8,0.6991609479473588,0.9496268656716418,0.8852611940298507,0.7567567567567567,0.875,0.8955223880597015
9,0.4114679106348926,0.7966417910447761,0.7392723880597014,0.5365853658536586,0.6875,0.7910447761194029
