,Matthews,AUC,Accuracy,F1,ActionAccuracy,ThingAccuracy
0,0.208590611543286,0.5911111111111111,0.6027777777777777,0.5151515151515151,0.85,0.35555555555555557
1,0.4103049699311091,0.7377777777777778,0.7222222222222223,0.6153846153846154,0.8,0.6444444444444445
2,0.5048267902790239,0.738888888888889,0.6888888888888889,0.5517241379310346,0.4,0.9777777777777777
3,0.4330127018922193,0.6433333333333334,0.625,0.4,0.25,1.0
4,0.36244121780453775,0.6711111111111112,0.6416666666666666,0.4666666666666667,0.35,0.9333333333333333
5,0.19765946491191377,0.6190476190476191,0.6028138528138528,0.4782608695652174,0.5238095238095238,0.6818181818181818
6,0.6366624736381951,0.8354978354978356,0.7867965367965368,0.7222222222222222,0.6190476190476191,0.9545454545454546
7,0.16723706539750752,0.6071428571428571,0.5854978354978355,0.5079365079365079,0.7619047619047619,0.4090909090909091
8,0.47701497884583255,0.6558441558441558,0.704004329004329,0.588235294117647,0.47619047619047616,0.9318181818181818
9,0.35163765946995834,0.6612554112554112,0.670995670995671,0.5500000000000002,0.5238095238095238,0.8181818181818182
