,Matthews,AUC,Accuracy,F1,ActionAccuracy,ThingAccuracy
0,0.447773662839645,0.8157894736842105,0.7255639097744361,0.689655172413793,0.7142857142857143,0.7368421052631579
1,0.6500112459665917,0.8908382066276803,0.8230994152046784,0.7924528301886792,0.7777777777777778,0.868421052631579
2,0.6167456961782172,0.884990253411306,0.7992202729044835,0.76,0.7037037037037037,0.8947368421052632
3,0.6832358674463938,0.9025341130604289,0.8416179337231968,0.8148148148148148,0.8148148148148148,0.868421052631579
4,0.5299005369314066,0.8703703703703703,0.7680311890838207,0.7419354838709677,0.8518518518518519,0.6842105263157895
5,0.6327496415258457,0.9103313840155945,0.8206627680311891,0.7931034482758621,0.8518518518518519,0.7894736842105263
6,0.5802715780209848,0.8976608187134503,0.7943469785575048,0.7666666666666667,0.8518518518518519,0.7368421052631579
7,0.4813179811068103,0.8323586744639376,0.7441520467836258,0.711864406779661,0.7777777777777778,0.7105263157894737
8,0.586284653224769,0.8693957115009746,0.7914230019493177,0.7547169811320754,0.7407407407407407,0.8421052631578947
9,0.4857932485052936,0.7846003898635477,0.7305068226120858,0.6666666666666666,0.5925925925925926,0.868421052631579
