,Matthews,AUC,Accuracy,F1,ActionAccuracy,ThingAccuracy
0,0.6062108704159627,0.8606237816764132,0.8075048732943471,0.7796610169491525,0.8518518518518519,0.7631578947368421
1,0.7530836820370708,0.9615384615384616,0.8825910931174089,0.8571428571428571,0.9230769230769231,0.8421052631578947
2,0.6255774501577784,0.8947368421052632,0.8178137651821862,0.7857142857142856,0.8461538461538461,0.7894736842105263
3,0.8050112948805689,0.9372469635627529,0.8967611336032388,0.8799999999999999,0.8461538461538461,0.9473684210526315
4,0.6380271411821636,0.8668668668668669,0.8228228228228228,0.7999999999999999,0.8888888888888888,0.7567567567567568
5,0.7107074680240142,0.9099099099099099,0.8483483483483484,0.823529411764706,0.7777777777777778,0.918918918918919
6,0.6130252671244131,0.8438438438438439,0.7977977977977978,0.76,0.7037037037037037,0.8918918918918919
7,0.8078078078078078,0.9689689689689689,0.9039039039039038,0.8888888888888888,0.8888888888888888,0.918918918918919
8,0.6221599387795478,0.8268268268268268,0.7877877877877878,0.7391304347826088,0.6296296296296297,0.9459459459459459
9,0.7276877967435826,0.9479479479479479,0.8683683683683684,0.847457627118644,0.9259259259259259,0.8108108108108109
