,Matthews,AUC,Accuracy,F1,ActionAccuracy,ThingAccuracy
0,0.17678760844880928,0.4957142857142857,0.5803571428571428,0.5,0.8857142857142857,0.275
1,0.2967763598079232,0.6703571428571429,0.6544642857142857,0.5263157894736842,0.5714285714285714,0.7375
2,0.1539120195905313,0.54625,0.5633928571428571,0.4923076923076923,0.9142857142857143,0.2125
3,0.2161492562762909,0.5978571428571429,0.6125,0.5137614678899083,0.8,0.425
4,0.2296595447472334,0.4991071428571429,0.5508928571428572,0.19999999999999998,0.11428571428571428,0.9875
5,0.15001172012346986,0.4998241912798874,0.5646976090014064,0.5,0.8888888888888888,0.24050632911392406
6,0.1839810830284735,0.5256680731364276,0.5668073136427567,0.3137254901960784,0.2222222222222222,0.9113924050632911
7,0.1797757483201324,0.6302742616033755,0.5952883263009845,0.4999999999999999,0.7222222222222222,0.46835443037974683
8,0.10979427949720151,0.5325497287522604,0.5576853526220614,0.41025641025641024,0.45714285714285713,0.6582278481012658
9,0.09207085955453939,0.5276672694394213,0.5448462929475588,0.3582089552238806,0.34285714285714286,0.7468354430379747
