,Matthews,AUC,Accuracy,F1,ActionAccuracy,ThingAccuracy
0,0.3249367801745855,0.75,0.6789926289926289,0.5168539325842696,0.6216216216216216,0.7363636363636363
1,0.43256781215771484,0.7705159705159705,0.72002457002457,0.5789473684210528,0.5945945945945946,0.8454545454545455
2,0.40502035392146335,0.6748157248157248,0.6753071253071253,0.5161290322580645,0.43243243243243246,0.9181818181818182
3,0.36166984426545234,0.7422604422604423,0.7057739557739557,0.5454545454545454,0.7297297297297297,0.6818181818181818
4,0.2890387062916683,0.6544226044226044,0.638943488943489,0.45714285714285713,0.43243243243243246,0.8454545454545455
5,0.23589050601530015,0.656879606879607,0.6293611793611793,0.4545454545454546,0.5405405405405406,0.7181818181818181
6,0.26943918296018077,0.6674447174447175,0.6517199017199017,0.48421052631578954,0.6216216216216216,0.6818181818181818
7,0.2782559221776803,0.6921375921375922,0.6601965601965603,0.495575221238938,0.7567567567567568,0.5636363636363636
8,0.337811328220786,0.7081081081081081,0.6703931203931204,0.5066666666666666,0.5135135135135135,0.8272727272727273
9,0.30186574368178004,0.6965038432928341,0.672452268782544,0.5098039215686274,0.7027027027027027,0.6422018348623854
