,Matthews,AUC,Accuracy,F1,ActionAccuracy,ThingAccuracy
0,0.0,0.3282828282828283,0.5,0.0,0.0,1.0
1,0.20116856232719482,0.4696969696969697,0.5631313131313131,0.28571428571428575,0.18181818181818182,0.9444444444444444
2,0.3181818181818182,0.7070707070707071,0.6590909090909092,0.6206896551724137,0.8181818181818182,0.5
3,0.0,0.4747474747474747,0.5,0.0,0.0,1.0
4,0.0309344112444873,0.3787878787878788,0.5151515151515151,0.380952380952381,0.36363636363636365,0.6666666666666666
5,0.11112278183338595,0.5392156862745098,0.5563725490196079,0.5185185185185186,0.5833333333333334,0.5294117647058824
6,0.05340057506991744,0.4852941176470588,0.5269607843137255,0.5,0.5833333333333334,0.47058823529411764
7,0.1805404556443455,0.5490196078431373,0.5784313725490196,0.4210526315789474,0.3333333333333333,0.8235294117647058
8,0.31030390813871883,0.6666666666666667,0.6348039215686274,0.6470588235294118,0.9166666666666666,0.35294117647058826
9,0.36563621206356534,0.732620320855615,0.6871657754010696,0.64,0.7272727272727273,0.6470588235294118
