,Matthews,AUC,Accuracy,F1,ActionAccuracy,ThingAccuracy
0,0.0,0.5977272727272727,0.5,0.0,0.0,1.0
1,0.5240285271313068,0.8,0.7662337662337663,0.689655172413793,0.7142857142857143,0.8181818181818182
2,0.5004405022670931,0.7672077922077922,0.7399350649350649,0.6538461538461539,0.6071428571428571,0.8727272727272727
3,0.3772078710042284,0.733766233766234,0.6941558441558442,0.6000000000000001,0.6428571428571429,0.7454545454545455
4,0.2824346666377309,0.6008939974457216,0.644955300127714,0.5483870967741935,0.5862068965517241,0.7037037037037037
5,0.22143797660530892,0.6200510855683269,0.6159003831417624,0.5294117647058824,0.6206896551724138,0.6111111111111112
6,0.25238641514079824,0.6641123882503193,0.6280332056194126,0.5679012345679012,0.7931034482758621,0.46296296296296297
7,0.4391654190394075,0.7394636015325671,0.7177522349936143,0.6315789473684211,0.6206896551724138,0.8148148148148148
8,0.4488669671073219,0.7757936507936508,0.7202380952380952,0.6296296296296297,0.6071428571428571,0.8333333333333334
9,0.31749181407509625,0.6636904761904762,0.66005291005291,0.5925925925925926,0.8571428571428571,0.46296296296296297
