,Matthews,AUC,Accuracy,F1,ActionAccuracy,ThingAccuracy
0,0.27460675150505515,0.645042194092827,0.6078586497890296,0.3783783783783784,0.2916666666666667,0.9240506329113924
1,0.384333256905971,0.7737341772151899,0.6948839662447257,0.5306122448979592,0.5416666666666666,0.8481012658227848
2,0.17152469981937016,0.6352848101265822,0.5938818565400844,0.4210526315789474,0.8333333333333334,0.35443037974683544
3,0.32914128345854937,0.675632911392405,0.6595464135021097,0.4782608695652174,0.4583333333333333,0.8607594936708861
4,0.3157897931745,0.7529380341880342,0.6778846153846154,0.5,0.625,0.7307692307692307
5,0.2544973691863181,0.6818910256410257,0.6442307692307693,0.45901639344262296,0.5833333333333334,0.7051282051282052
6,0.5096153846153846,0.8402777777777778,0.7548076923076923,0.625,0.625,0.8846153846153846
7,0.42669069590910663,0.7735042735042734,0.7387820512820513,0.576271186440678,0.7083333333333334,0.7692307692307693
8,0.28887333244486624,0.6639957264957265,0.6298076923076923,0.42857142857142855,0.375,0.8846153846153846
9,0.2984565685101429,0.6931089743589745,0.6746794871794872,0.49275362318840576,0.7083333333333334,0.6410256410256411
