,Matthews,AUC,Accuracy,F1,ActionAccuracy,ThingAccuracy
0,0.482359466029935,0.8019704433497538,0.7549261083743842,0.6461538461538462,0.7241379310344828,0.7857142857142857
1,0.5806824590312687,0.8729064039408867,0.8007389162561576,0.7096774193548386,0.7586206896551724,0.8428571428571429
2,0.37463627959503853,0.7610837438423644,0.7019704433497538,0.5797101449275363,0.6896551724137931,0.7142857142857143
3,0.4931942037330172,0.8014778325123153,0.7490147783251231,0.6440677966101694,0.6551724137931034,0.8428571428571429
4,0.510643351316666,0.8645320197044335,0.7780788177339901,0.6666666666666666,0.8275862068965517,0.7285714285714285
5,0.6306964781857597,0.9152709359605912,0.8120689655172414,0.736842105263158,0.7241379310344828,0.9
6,0.5527212869232218,0.8408866995073891,0.7704433497536946,0.6785714285714286,0.6551724137931034,0.8857142857142857
7,0.5128859177085543,0.8463054187192118,0.7810344827586206,0.6666666666666666,0.8620689655172413,0.7
8,0.6094518183791157,0.8830917874396136,0.8224637681159421,0.7352941176470588,0.8333333333333334,0.8115942028985508
9,0.5013222138296993,0.8229468599033816,0.7695652173913043,0.6666666666666666,0.8,0.7391304347826086
