,Matthews,AUC,Accuracy,F1,ActionAccuracy,ThingAccuracy
0,0.37302918197154306,0.7516544117647058,0.7064338235294118,0.5679012345679012,0.71875,0.6941176470588235
1,0.42923339823507184,0.7082720588235295,0.6737132352941176,0.52,0.40625,0.9411764705882353
2,0.42788946864244237,0.7797619047619047,0.737012987012987,0.6041666666666666,0.8787878787878788,0.5952380952380952
3,0.48774270694016736,0.6825396825396826,0.6515151515151515,0.4651162790697675,0.30303030303030304,1.0
4,0.37128352060257175,0.7132034632034633,0.6553030303030303,0.490566037735849,0.3939393939393939,0.9166666666666666
5,0.4552613437933131,0.786075036075036,0.7413419913419914,0.6216216216216217,0.696969696969697,0.7857142857142857
6,0.5282647804436963,0.7965367965367967,0.737012987012987,0.631578947368421,0.5454545454545454,0.9285714285714286
7,0.48749802152178456,0.8504689754689756,0.75,0.6376811594202899,0.6666666666666666,0.8333333333333334
8,0.3590578427632852,0.6971500721500722,0.6585497835497836,0.5,0.42424242424242425,0.8928571428571429
9,0.3120763724256009,0.7103174603174603,0.6693722943722944,0.5316455696202532,0.6363636363636364,0.7023809523809523
