,Matthews,AUC,Accuracy,F1,ActionAccuracy,ThingAccuracy
0,0.2797829587736927,0.6490713587487782,0.6490713587487781,0.48648648648648646,0.5454545454545454,0.7526881720430108
1,0.3798254296329046,0.7407289002557544,0.7039641943734016,0.5641025641025642,0.6470588235294118,0.7608695652173914
2,0.3444865341010753,0.7237851662404092,0.6876598465473146,0.54320987654321,0.6470588235294118,0.7282608695652174
3,0.4832143603541365,0.7842555994729908,0.7603754940711462,0.6315789473684211,0.7272727272727273,0.7934782608695652
4,0.4647562582345191,0.7743741765480896,0.7323781291172595,0.6060606060606061,0.6060606060606061,0.8586956521739131
5,0.4042624161134889,0.7789855072463768,0.7266139657444005,0.5813953488372093,0.7575757575757576,0.6956521739130435
6,0.34260715872913605,0.719038208168643,0.6940052700922266,0.5434782608695652,0.7575757575757576,0.6304347826086957
7,0.3494885187866808,0.7462121212121212,0.694828722002635,0.5420560747663552,0.8787878787878788,0.5108695652173914
8,0.3945980740033546,0.7068511198945981,0.713768115942029,0.5714285714285715,0.6666666666666666,0.7608695652173914
9,0.4067967389283704,0.7462121212121213,0.7106389986824769,0.5714285714285714,0.6060606060606061,0.8152173913043478
