,Matthews,AUC,Accuracy,F1,ActionAccuracy,ThingAccuracy
0,0.5746116701117124,0.9055555555555556,0.8071428571428572,0.7200000000000001,0.9,0.7142857142857143
1,0.6221247797850323,0.9349206349206349,0.8325396825396825,0.7435897435897435,0.9666666666666667,0.6984126984126984
2,0.6977160738033348,0.9412698412698413,0.8349206349206348,0.7857142857142856,0.7333333333333333,0.9365079365079365
3,0.47079190906919977,0.8317460317460317,0.7285714285714285,0.631578947368421,0.6,0.8571428571428571
4,0.5285833451156838,0.8714285714285714,0.7825396825396825,0.6933333333333332,0.8666666666666667,0.6984126984126984
5,0.5938052299894223,0.9058201058201059,0.8166666666666667,0.725,0.9666666666666667,0.6666666666666666
6,0.6321931286095527,0.9121693121693122,0.8293650793650793,0.7575757575757577,0.8333333333333334,0.8253968253968254
7,0.5958540230683373,0.8673257023933403,0.814516129032258,0.7397260273972603,0.8709677419354839,0.7580645161290323
8,0.7420230490920403,0.9495317377731529,0.8790322580645161,0.8307692307692308,0.8709677419354839,0.8870967741935484
9,0.5165419150866234,0.8811827956989247,0.7731182795698925,0.6829268292682926,0.9333333333333333,0.6129032258064516
