,Matthews,AUC,Accuracy,F1,ActionAccuracy,ThingAccuracy
0,0.11376392303190627,0.55,0.5607142857142857,0.4489795918367347,0.55,0.5714285714285714
1,0.20935894733965596,0.5511904761904762,0.6071428571428572,0.47619047619047616,0.5,0.7142857142857143
2,0.033757378776945034,0.4587688734030197,0.5145180023228804,0.4857142857142857,0.8095238095238095,0.21951219512195122
3,0.0721454966345612,0.4831591173054588,0.5255516840882695,0.5066666666666666,0.9047619047619048,0.14634146341463414
4,0.17321765325940905,0.525,0.5506097560975609,0.24,0.15,0.9512195121951219
5,0.12061535195691343,0.5024390243902439,0.5475609756097561,0.5070422535211269,0.9,0.1951219512195122
6,0.19810603353891412,0.5865853658536585,0.6054878048780488,0.5098039215686274,0.65,0.5609756097560976
7,0.1830918680255257,0.5719512195121952,0.5945121951219512,0.5172413793103448,0.75,0.43902439024390244
8,0.1771856787343797,0.5926829268292683,0.5914634146341464,0.46511627906976744,0.5,0.6829268292682927
9,0.208919189701812,0.5871951219512195,0.6030487804878049,0.46153846153846156,0.45,0.7560975609756098
