,Matthews,AUC,Accuracy,F1,ActionAccuracy,ThingAccuracy
0,0.4882749977452298,0.8458540042523033,0.7671863926293409,0.6511627906976744,0.8235294117647058,0.7108433734939759
1,0.43551813007934764,0.8217576187101348,0.7397236002834868,0.6170212765957447,0.8529411764705882,0.6265060240963856
2,0.601248768747467,0.8958185683912119,0.8100637845499645,0.7222222222222222,0.7647058823529411,0.8554216867469879
3,0.505813124661752,0.8334514528703048,0.7625797306874558,0.6575342465753424,0.7058823529411765,0.8192771084337349
4,0.46250560922347694,0.8341601700921332,0.7544294826364281,0.631578947368421,0.8823529411764706,0.6265060240963856
5,0.39652233878659904,0.7738675958188154,0.7151567944250871,0.6,0.8571428571428571,0.573170731707317
6,0.582374438338182,0.8536585365853658,0.8106271777003484,0.7160493827160495,0.8285714285714286,0.7926829268292683
7,0.5868358641595189,0.8633428981348636,0.8192252510760402,0.7142857142857143,0.8823529411764706,0.7560975609756098
8,0.36712872378258493,0.7543041606886658,0.697274031563845,0.5769230769230769,0.8823529411764706,0.5121951219512195
9,0.5620380480581005,0.8561692969870875,0.8070301291248206,0.6976744186046512,0.8823529411764706,0.7317073170731707
