,Matthews,AUC,Accuracy,F1,ActionAccuracy,ThingAccuracy
0,0.511283601416784,0.7642036124794747,0.7510673234811166,0.6470588235294118,0.6285714285714286,0.8735632183908046
1,0.22685050523247183,0.6078817733990148,0.6243021346469623,0.5000000000000001,0.7428571428571429,0.5057471264367817
2,0.27840384012860414,0.6451559934318555,0.6477832512315271,0.5063291139240506,0.5714285714285714,0.7241379310344828
3,0.4340120077246498,0.7509031198686371,0.7390804597701149,0.6153846153846154,0.8,0.6781609195402298
4,0.37947612600666564,0.7441707717569787,0.7049261083743843,0.5783132530120482,0.6857142857142857,0.7241379310344828
5,0.3339651832344692,0.7257799671592775,0.6845648604269294,0.5567010309278351,0.7714285714285715,0.5977011494252874
6,0.35810614762589676,0.7376026272577997,0.6962233169129721,0.5681818181818181,0.7142857142857143,0.6781609195402298
7,0.30104013407041774,0.6398671096345514,0.6551495016611295,0.5135135135135135,0.5428571428571428,0.7674418604651163
8,0.3892388493232612,0.7385382059800665,0.7064784053156146,0.5822784810126581,0.6571428571428571,0.7558139534883721
9,0.4520961907477224,0.7980066445182724,0.7461794019933554,0.627906976744186,0.7714285714285715,0.7209302325581395
