,Matthews,AUC,Accuracy,F1,ActionAccuracy,ThingAccuracy
0,0.359211778863913,0.8131868131868132,0.7148351648351648,0.47058823529411764,0.6153846153846154,0.8142857142857143
1,0.3035612460913352,0.7934065934065935,0.7087912087912087,0.4074074074074075,0.8461538461538461,0.5714285714285714
2,0.22484504835121838,0.6626373626373627,0.6532967032967033,0.3673469387755102,0.6923076923076923,0.6142857142857143
3,0.3917346905008312,0.7032967032967032,0.6395604395604395,0.42105263157894735,0.3076923076923077,0.9714285714285714
4,0.4354638956048459,0.7802197802197801,0.7604395604395604,0.5294117647058824,0.6923076923076923,0.8285714285714286
5,0.47384279539145263,0.8461538461538461,0.7917582417582418,0.5555555555555555,0.7692307692307693,0.8142857142857143
6,0.1620185174601965,0.6071428571428571,0.575,0.2727272727272727,0.25,0.9
7,0.24394713378441782,0.625,0.5964285714285714,0.3157894736842105,0.25,0.9428571428571428
8,0.23690867337135774,0.6226190476190476,0.655952380952381,0.3684210526315789,0.5833333333333334,0.7285714285714285
9,0.40184252074340204,0.8226190476190476,0.7738095238095238,0.47619047619047616,0.8333333333333334,0.7142857142857143
