,Matthews,AUC,Accuracy,F1,ActionAccuracy,ThingAccuracy
0,0.6145150286899934,0.8954378954378954,0.825008325008325,0.7474747474747475,0.9487179487179487,0.7012987012987013
1,0.46854747088380705,0.7908757908757909,0.7479187479187479,0.6666666666666666,0.8205128205128205,0.6753246753246753
2,0.6837603471433421,0.9089244089244088,0.8265068265068265,0.7777777777777778,0.717948717948718,0.935064935064935
3,0.564966400304255,0.8624708624708626,0.7873792873792874,0.7160493827160495,0.7435897435897436,0.8311688311688312
4,0.6844209709287047,0.9410589410589411,0.8578088578088578,0.7954545454545455,0.8974358974358975,0.8181818181818182
5,0.7287092856157995,0.9312354312354314,0.8772893772893773,0.8235294117647058,0.8974358974358975,0.8571428571428571
6,0.6095194893337245,0.9024309024309024,0.8130203130203131,0.746987951807229,0.7948717948717948,0.8311688311688312
7,0.6914055446045758,0.9094239094239094,0.857975357975358,0.7999999999999999,0.8717948717948718,0.8441558441558441
8,0.6642421381638017,0.9129554655870444,0.8496963562753037,0.7826086956521738,0.9230769230769231,0.7763157894736842
9,0.771839361738561,0.941970310391363,0.9019905533063428,0.8505747126436781,0.9487179487179487,0.8552631578947368
