,Matthews,AUC,Accuracy,F1,ActionAccuracy,ThingAccuracy
0,0.3333333333333333,0.6171428571428572,0.6666666666666667,0.5333333333333333,0.5333333333333333,0.8
1,0.23581055457094965,0.6231617647058824,0.6011029411764706,0.5357142857142857,0.9375,0.2647058823529412
2,0.2619684159977919,0.6158088235294117,0.6286764705882353,0.5490196078431373,0.875,0.38235294117647056
3,0.6323529411764706,0.8584558823529411,0.8161764705882353,0.75,0.75,0.8823529411764706
4,0.2362820946305948,0.6360294117647058,0.625,0.5333333333333333,0.75,0.5
5,0.463681664063742,0.7849264705882353,0.7058823529411764,0.5925925925925926,0.5,0.9117647058823529
6,0.42542914446285074,0.7176470588235295,0.6705882352941177,0.5217391304347827,0.4,0.9411764705882353
7,0.5761945405366717,0.8313725490196079,0.7931372549019607,0.7096774193548386,0.7333333333333333,0.8529411764705882
8,0.32288294111822996,0.6156862745098038,0.6411764705882352,0.48,0.4,0.8823529411764706
9,0.16706986983639835,0.6196078431372549,0.5862745098039216,0.43749999999999994,0.4666666666666667,0.7058823529411765
