,Matthews,AUC,Accuracy,F1,ActionAccuracy,ThingAccuracy
0,0.6613713993518902,0.894736842105263,0.8352130325814536,0.7692307692307692,0.7894736842105263,0.8809523809523809
1,0.6006359175909709,0.9097744360902256,0.8114035087719298,0.7317073170731707,0.7894736842105263,0.8333333333333334
2,0.5187222655811402,0.7343358395989975,0.6986215538847118,0.5714285714285714,0.42105263157894735,0.9761904761904762
3,0.645120979114953,0.81203007518797,0.8063909774436091,0.742857142857143,0.6842105263157895,0.9285714285714286
4,0.5105539961351974,0.8421052631578947,0.7587719298245614,0.6666666666666667,0.6842105263157895,0.8333333333333334
5,0.46968129716874873,0.8120300751879699,0.7518796992481203,0.6521739130434783,0.7894736842105263,0.7142857142857143
6,0.5723619236378754,0.8709273182957393,0.7994987468671679,0.7142857142857143,0.7894736842105263,0.8095238095238095
7,0.35973659291850474,0.7218045112781954,0.6823308270676691,0.5641025641025641,0.5789473684210527,0.7857142857142857
8,0.6825396825396826,0.9001322751322751,0.8412698412698413,0.7777777777777778,0.7777777777777778,0.9047619047619048
9,0.33207783609126584,0.7235449735449736,0.6746031746031746,0.55,0.6111111111111112,0.7380952380952381
