,Matthews,AUC,Accuracy,F1,ActionAccuracy,ThingAccuracy
0,0.3859408221856236,0.7916666666666667,0.7121212121212122,0.5882352941176471,0.8333333333333334,0.5909090909090909
1,0.3656260139075998,0.7441860465116279,0.6915544675642595,0.5862068965517242,0.8947368421052632,0.4883720930232558
2,0.3721523966152359,0.6891064871481027,0.7001223990208079,0.5925925925925926,0.8421052631578947,0.5581395348837209
3,0.19747403725893747,0.5878552971576226,0.6078811369509044,0.4782608695652174,0.6111111111111112,0.6046511627906976
4,0.36548616456319283,0.689922480620155,0.6640826873385013,0.5161290322580646,0.4444444444444444,0.8837209302325582
5,0.41231121994625053,0.7945736434108528,0.7170542635658914,0.6,0.6666666666666666,0.7674418604651163
6,0.4318267708896374,0.8191214470284238,0.7351421188630491,0.6153846153846153,0.8888888888888888,0.5813953488372093
7,0.31456670291071426,0.6912144702842377,0.6705426356589147,0.5454545454545455,0.6666666666666666,0.6744186046511628
8,0.4652473320219722,0.7260981912144703,0.7196382428940569,0.606060606060606,0.5555555555555556,0.8837209302325582
9,0.33745709965838955,0.7093023255813954,0.6776485788113695,0.55,0.6111111111111112,0.7441860465116279
