,Matthews,AUC,Accuracy,F1,ActionAccuracy,ThingAccuracy
0,0.23162111127044044,0.6146848602988955,0.6078622482131254,0.5354330708661418,0.8947368421052632,0.32098765432098764
1,0.30817136123398353,0.5990131578947367,0.5996710526315789,0.36,0.23684210526315788,0.9625
2,0.06575034017648845,0.506578947368421,0.531578947368421,0.47154471544715454,0.7631578947368421,0.3
3,0.26501065364704873,0.6190789473684211,0.6407894736842106,0.5333333333333333,0.631578947368421,0.65
4,0.21642794042492025,0.6305921052631579,0.6029605263157896,0.532258064516129,0.868421052631579,0.3375
5,0.2479596894089156,0.6207236842105264,0.6167763157894737,0.46376811594202894,0.42105263157894735,0.8125
6,0.21915598910925188,0.655921052631579,0.6171052631578948,0.5200000000000001,0.6842105263157895,0.55
7,0.38769503384910037,0.7036184210526315,0.6963815789473684,0.5897435897435896,0.6052631578947368,0.7875
8,0.36400097746294596,0.7302631578947368,0.6832236842105264,0.5714285714285715,0.5789473684210527,0.7875
9,0.2672476508604228,0.6493421052631578,0.6394736842105263,0.5238095238095238,0.5789473684210527,0.7
