,Matthews,AUC,Accuracy,F1,ActionAccuracy,ThingAccuracy
0,0.6436278744709709,0.9176954732510287,0.837962962962963,0.7457627118644067,0.8148148148148148,0.8611111111111112
1,0.558843261532652,0.8906893004115226,0.8078703703703703,0.6865671641791045,0.8518518518518519,0.7638888888888888
2,0.46460301093269135,0.8292181069958846,0.7476851851851851,0.6229508196721312,0.7037037037037037,0.7916666666666666
3,0.4371366323864309,0.8405349794238683,0.7453703703703703,0.6052631578947368,0.8518518518518519,0.6388888888888888
4,0.5510057698757176,0.8516096579476862,0.7942655935613683,0.6875000000000001,0.7857142857142857,0.8028169014084507
5,0.668918331832595,0.9235412474849094,0.8473340040241448,0.7666666666666666,0.8214285714285714,0.8732394366197183
6,0.5432019170155502,0.8511066398390341,0.7796780684104627,0.6779661016949152,0.7142857142857143,0.8450704225352113
7,0.5194822595302204,0.8988933601609658,0.7882293762575453,0.6582278481012658,0.9285714285714286,0.647887323943662
8,0.5347628228077644,0.8573943661971831,0.7872233400402414,0.676923076923077,0.7857142857142857,0.7887323943661971
9,0.5585218151330186,0.8907146583202922,0.8124673969744391,0.6753246753246753,0.9629629629629629,0.6619718309859155
