,Matthews,AUC,Accuracy,F1,ActionAccuracy,ThingAccuracy
0,0.6362562213874811,0.9068930041152263,0.8518518518518519,0.7352941176470589,0.9259259259259259,0.7777777777777778
1,0.5126231421577709,0.8600823045267489,0.7824074074074074,0.6567164179104479,0.8148148148148148,0.75
2,0.600099198148979,0.8739711934156379,0.7800925925925926,0.6938775510204083,0.6296296296296297,0.9305555555555556
3,0.43804790253153897,0.8297325102880658,0.7430555555555556,0.6086956521739131,0.7777777777777778,0.7083333333333334
4,0.6306964781857597,0.8704728370221329,0.818661971830986,0.736842105263158,0.75,0.8873239436619719
5,0.5953178505099084,0.8968812877263581,0.8229376257545271,0.7164179104477612,0.8571428571428571,0.7887323943661971
6,0.7083752931493036,0.9144869215291751,0.8614185110663983,0.793103448275862,0.8214285714285714,0.9014084507042254
7,0.48285365733242847,0.8153923541247484,0.7439637826961771,0.6315789473684211,0.6428571428571429,0.8450704225352113
8,0.6793689007443041,0.8817907444668008,0.8581488933601609,0.7741935483870968,0.8571428571428571,0.8591549295774648
9,0.5253113442011076,0.8901930099113198,0.7939488784559208,0.6578947368421053,0.9259259259259259,0.6619718309859155
