,Matthews,AUC,Accuracy,F1,ActionAccuracy,ThingAccuracy
0,0.2997570104148722,0.6626984126984127,0.6746031746031746,0.5,0.7777777777777778,0.5714285714285714
1,0.22235445801031414,0.6666666666666666,0.6074074074074074,0.4210526315789474,0.4,0.8148148148148148
2,0.45153080797077094,0.7777777777777778,0.7518518518518519,0.6153846153846154,0.8,0.7037037037037037
3,0.5719379428280168,0.8592592592592593,0.8074074074074074,0.6956521739130435,0.8,0.8148148148148148
4,0.06254627916220945,0.3740740740740741,0.5240740740740741,0.4285714285714286,0.9,0.14814814814814814
5,0.6123724356957946,0.7489711934156378,0.7222222222222222,0.6153846153846153,0.4444444444444444,1.0
6,0.3872983346207417,0.7448559670781894,0.7222222222222222,0.56,0.7777777777777778,0.6666666666666666
7,0.4200840252084029,0.5967078189300412,0.6111111111111112,0.3636363636363636,0.2222222222222222,1.0
8,0.3872983346207417,0.7654320987654322,0.7222222222222222,0.56,0.7777777777777778,0.6666666666666666
9,0.22487239817113244,0.6131687242798354,0.6296296296296295,0.46153846153846156,0.6666666666666666,0.5925925925925926
