,Matthews,AUC,Accuracy,F1,ActionAccuracy,ThingAccuracy
0,0.41881093886451554,0.7640796703296704,0.7170329670329669,0.6486486486486486,0.8571428571428571,0.5769230769230769
1,0.43583586846268,0.7472527472527473,0.7266483516483516,0.6575342465753424,0.8571428571428571,0.5961538461538461
2,0.32025630761017426,0.7273351648351648,0.6538461538461539,0.5384615384615384,0.5,0.8076923076923077
3,0.31581773045741696,0.606456043956044,0.614010989010989,0.4102564102564102,0.2857142857142857,0.9423076923076923
4,0.38310314400755063,0.6826923076923077,0.7005494505494505,0.6285714285714286,0.7857142857142857,0.6153846153846154
5,0.4884436009311861,0.7717086834733894,0.7492997198879552,0.6779661016949152,0.7142857142857143,0.7843137254901961
6,0.24809911308245952,0.5815826330532213,0.6162464985994398,0.4799999999999999,0.42857142857142855,0.803921568627451
7,0.5423348987317492,0.8105742296918768,0.7464985994397759,0.6666666666666666,0.5714285714285714,0.9215686274509803
8,0.511795722592485,0.7857142857142858,0.728641456582633,0.6382978723404255,0.5357142857142857,0.9215686274509803
9,0.4663716426038363,0.6414565826330532,0.6687675070028011,0.5128205128205129,0.35714285714285715,0.9803921568627451
