,Matthews,AUC,Accuracy,F1,ActionAccuracy,ThingAccuracy
0,0.43583586846268,0.7760989010989011,0.7266483516483516,0.6575342465753424,0.8571428571428571,0.5961538461538461
1,0.4040950971038548,0.7554945054945055,0.7115384615384616,0.6363636363636364,0.75,0.6730769230769231
2,0.45820511887392085,0.6888736263736264,0.6771978021978022,0.5365853658536585,0.39285714285714285,0.9615384615384616
3,0.40942157340433577,0.7754120879120879,0.7129120879120879,0.634920634920635,0.7142857142857143,0.7115384615384616
4,0.40109431160931747,0.7760989010989011,0.7101648351648351,0.6376811594202899,0.7857142857142857,0.6346153846153846
5,0.38472149074207695,0.7738095238095238,0.7002801120448179,0.6250000000000001,0.7142857142857143,0.6862745098039216
6,0.39190050549532285,0.726190476190476,0.7020308123249299,0.6229508196721312,0.6785714285714286,0.7254901960784313
7,0.4328762811623293,0.7629551820728292,0.7209383753501402,0.6578947368421053,0.8928571428571429,0.5490196078431373
8,0.42061769134593047,0.7521008403361344,0.6911764705882353,0.5833333333333334,0.5,0.8823529411764706
9,0.32604737473612766,0.7254901960784315,0.6505602240896359,0.6046511627906977,0.9285714285714286,0.37254901960784315
