,Matthews,AUC,Accuracy,F1,ActionAccuracy,ThingAccuracy
0,0.5019286390935603,0.7523076923076923,0.7534615384615384,0.6666666666666666,0.68,0.8269230769230769
1,0.5003304521319498,0.83,0.7669230769230769,0.676923076923077,0.88,0.6538461538461539
2,0.42829666609493255,0.7880769230769231,0.7253846153846153,0.631578947368421,0.72,0.7307692307692307
3,0.3931460567663917,0.79,0.7084615384615385,0.6176470588235294,0.84,0.5769230769230769
4,0.42829666609493255,0.7876923076923077,0.7253846153846153,0.631578947368421,0.72,0.7307692307692307
5,0.4115414885052704,0.7761538461538462,0.6926923076923077,0.5777777777777778,0.52,0.8653846153846154
6,0.2652830730307671,0.7119391025641026,0.6426282051282051,0.5396825396825398,0.7083333333333334,0.5769230769230769
7,0.3435143908952531,0.6802884615384616,0.6506410256410257,0.5,0.4166666666666667,0.8846153846153846
8,0.45262926523618835,0.8068910256410257,0.7403846153846154,0.6428571428571429,0.75,0.7307692307692307
9,0.40369515711502485,0.7686274509803921,0.7129411764705882,0.6206896551724138,0.72,0.7058823529411765
