,Matthews,AUC,Accuracy,F1,ActionAccuracy,ThingAccuracy
0,0.6070347255016324,0.8874458874458875,0.8138528138528138,0.7500000000000001,0.8181818181818182,0.8095238095238095
1,0.5056936741642399,0.8051948051948052,0.7467532467532467,0.6666666666666666,0.6363636363636364,0.8571428571428571
2,0.6457765999379483,0.8614718614718615,0.7943722943722944,0.7368421052631579,0.6363636363636364,0.9523809523809523
3,0.5204358386562267,0.8416666666666667,0.7416666666666667,0.6666666666666666,0.5833333333333334,0.9
4,0.5918640302493726,0.875,0.7833333333333333,0.7272727272727272,0.6666666666666666,0.9
5,0.6180700462007377,0.9083333333333333,0.8166666666666667,0.7692307692307692,0.8333333333333334,0.8
6,0.6640043458717375,0.8583333333333334,0.8083333333333333,0.761904761904762,0.6666666666666666,0.95
7,0.5918640302493726,0.8583333333333334,0.7833333333333333,0.7272727272727272,0.6666666666666666,0.9
8,0.39072951343551293,0.7833333333333333,0.6916666666666667,0.6086956521739131,0.5833333333333334,0.8
9,0.5913123959890826,0.7590909090909091,0.7272727272727273,0.625,0.45454545454545453,1.0
