,Matthews,Accuracy,F1,ActionAccuracy,ThingAccuracy
0,0.5450565998927974,0.7664092664092663,0.7142857142857142,0.6756756756756757,0.8571428571428571
1,0.5233642813865955,0.7574806949806949,0.7042253521126761,0.6756756756756757,0.8392857142857143
2,0.4321311451748741,0.7125965250965252,0.6478873239436619,0.6216216216216216,0.8035714285714286
3,0.40868941258156927,0.7087355212355213,0.6666666666666666,0.7567567567567568,0.6607142857142857
4,0.5345390548255449,0.751984126984127,0.6875000000000001,0.6111111111111112,0.8928571428571429
5,0.37080667028897507,0.6795634920634921,0.5970149253731343,0.5555555555555556,0.8035714285714286
6,0.5857929269761979,0.7896825396825397,0.7428571428571428,0.7222222222222222,0.8571428571428571
7,0.5436507936507936,0.7718253968253967,0.7222222222222222,0.7222222222222222,0.8214285714285714
8,0.5077361320808786,0.7419191919191919,0.676923076923077,0.6111111111111112,0.8727272727272727
9,0.65186559552637,0.8204545454545454,0.7826086956521738,0.75,0.8909090909090909
