,Matthews,AUC,Accuracy,F1,ActionAccuracy,ThingAccuracy
0,0.46680803467169607,0.8067150635208711,0.7291288566243195,0.5945945945945946,0.5789473684210527,0.8793103448275862
1,0.41740708563237894,0.8411978221415608,0.7395644283121597,0.5769230769230769,0.7894736842105263,0.6896551724137931
2,0.3099225290503959,0.7614942528735632,0.6781609195402298,0.5,0.6666666666666666,0.6896551724137931
3,0.4235839976351468,0.8026819923371649,0.6982758620689655,0.5454545454545454,0.5,0.896551724137931
4,0.34956991031712414,0.7590027700831026,0.7017543859649122,0.5357142857142857,0.7894736842105263,0.6140350877192983
5,0.46625240412015684,0.8642659279778393,0.763157894736842,0.6122448979591837,0.7894736842105263,0.7368421052631579
6,0.5905863785521986,0.9039704524469067,0.8333333333333333,0.6938775510204083,0.8947368421052632,0.7719298245614035
7,0.5087719298245614,0.850415512465374,0.7543859649122806,0.631578947368421,0.631578947368421,0.8771929824561403
8,0.3950291315507966,0.7894736842105263,0.7280701754385965,0.5614035087719298,0.8421052631578947,0.6140350877192983
9,0.30151134457776363,0.7349953831948293,0.6578947368421053,0.4878048780487805,0.5263157894736842,0.7894736842105263
