,Matthews,AUC,Accuracy,F1,ActionAccuracy,ThingAccuracy
0,0.34587592641330467,0.7152204836415362,0.6815078236130867,0.5432098765432098,0.5945945945945946,0.7684210526315789
1,0.31462492495950317,0.7256045519203415,0.6716927453769559,0.5333333333333334,0.6486486486486487,0.6947368421052632
2,0.5474965357249848,0.8359886201991465,0.7889046941678521,0.6829268292682927,0.7567567567567568,0.8210526315789474
3,0.33974654642019114,0.758321479374111,0.6873399715504979,0.5535714285714286,0.8378378378378378,0.5368421052631579
4,0.33974654642019114,0.7197724039829303,0.6873399715504979,0.5535714285714286,0.8378378378378378,0.5368421052631579
5,0.4237113109134575,0.7326427771556551,0.7250839865621501,0.6046511627906976,0.6842105263157895,0.7659574468085106
6,0.38754593489891764,0.7329227323628219,0.713885778275476,0.5882352941176471,0.7894736842105263,0.6382978723404256
7,0.49287012916657,0.8174692049272116,0.7695968645016797,0.6526315789473685,0.8157894736842105,0.723404255319149
8,0.37728199052031347,0.719484882418813,0.7012877939529676,0.574712643678161,0.6578947368421053,0.7446808510638298
9,0.3817301435921717,0.7550391937290034,0.6937290033594625,0.5641025641025641,0.5789473684210527,0.8085106382978723
