,Matthews,AUC,Accuracy,F1,ActionAccuracy,ThingAccuracy
0,0.526982458752368,0.7949074074074074,0.7416666666666667,0.6415094339622641,0.5666666666666667,0.9166666666666666
1,0.25357525810424353,0.64375,0.6388888888888888,0.5128205128205129,0.6666666666666666,0.6111111111111112
2,0.3282545083660054,0.6619718309859155,0.6574284416174466,0.5172413793103449,0.4838709677419355,0.8309859154929577
3,0.2975920036347115,0.6865061335756474,0.6487960018173557,0.5490196078431372,0.9032258064516129,0.39436619718309857
4,0.3395732915445992,0.6912766924125399,0.6665152203543844,0.5333333333333333,0.5161290322580645,0.8169014084507042
5,0.24934453397087547,0.6288050885960926,0.6181281235801909,0.45614035087719296,0.41935483870967744,0.8169014084507042
6,0.3754633807975503,0.745115856428896,0.6937755565651976,0.5757575757575757,0.6129032258064516,0.7746478873239436
7,0.25151968822849763,0.6737846433439346,0.6206269877328487,0.5283018867924528,0.9032258064516129,0.3380281690140845
8,0.09768224358990987,0.5463425715583825,0.5529304861426625,0.4418604651162791,0.6129032258064516,0.49295774647887325
9,0.26803801189603277,0.6694835680751172,0.6375586854460094,0.5306122448979592,0.8666666666666667,0.4084507042253521
