,Matthews,AUC,Accuracy,F1,ActionAccuracy,ThingAccuracy
0,0.09428685604761969,0.5285185185185185,0.5494444444444444,0.4197530864197531,0.4722222222222222,0.6266666666666667
1,0.16537377315791296,0.5268518518518519,0.5527777777777778,0.5147058823529411,0.9722222222222222,0.13333333333333333
2,0.11048862279464705,0.5266666666666667,0.558888888888889,0.4631578947368421,0.6111111111111112,0.5066666666666667
3,0.16156769167483642,0.5427777777777778,0.565,0.515625,0.9166666666666666,0.21333333333333335
4,0.16712519786749508,0.5405714285714286,0.579047619047619,0.40625,0.37142857142857144,0.7866666666666666
5,0.22594252483670677,0.6449523809523809,0.6209523809523809,0.5116279069767442,0.6285714285714286,0.6133333333333333
6,0.09272650639567578,0.5158095238095237,0.5485714285714286,0.41025641025641024,0.45714285714285713,0.64
7,0.13841887438057277,0.5367867867867867,0.5656906906906907,0.39393939393939387,0.3611111111111111,0.7702702702702703
8,0.286521542985156,0.6715465465465466,0.652027027027027,0.5625000000000001,0.75,0.5540540540540541
9,0.2582231189866221,0.6388888888888888,0.637012012012012,0.5348837209302325,0.6388888888888888,0.6351351351351351
