,Matthews,Accuracy,F1,ActionAccuracy,ThingAccuracy
0,-0.01781741612749496,0.4944444444444444,0.16000000000000003,0.1,0.8888888888888888
1,-0.3898035641364574,0.35185185185185186,0.0,0.0,0.7037037037037037
2,-0.05405445695993212,0.4865384615384616,0.08695652173913045,0.05,0.9230769230769231
3,-0.02450255567326755,0.4923076923076923,0.16000000000000003,0.1,0.8846153846153846
4,-0.13074409009212268,0.4807692307692308,0.0,0.0,0.9615384615384616
5,-0.07925939239012171,0.47307692307692306,0.15384615384615383,0.1,0.8461538461538461
6,-0.10852509381807648,0.451417004048583,0.2580645161290323,0.21052631578947367,0.6923076923076923
7,0.19239442809755272,0.5809716599190283,0.41379310344827586,0.3157894736842105,0.8461538461538461
8,0.0,0.5,0.0,0.0,1.0
9,0.0,0.5,0.0,0.0,1.0
