,Matthews,AUC,Accuracy,F1,ActionAccuracy,ThingAccuracy
0,0.3018438502970848,0.6961950059453033,0.646551724137931,0.5777777777777777,0.896551724137931,0.39655172413793105
1,0.4524614483346644,0.7960760998810938,0.6982758620689655,0.5833333333333334,0.4827586206896552,0.9137931034482759
2,0.3097101167974211,0.6891812865497076,0.6456140350877193,0.5185185185185186,0.4666666666666667,0.8245614035087719
3,0.41583587890252577,0.7494152046783626,0.7175438596491228,0.6376811594202899,0.7333333333333333,0.7017543859649122
4,0.22530752934828133,0.6011695906432748,0.6096491228070176,0.5555555555555556,0.8333333333333334,0.38596491228070173
5,0.2523660701205217,0.6228070175438597,0.6052631578947368,0.42553191489361697,0.3333333333333333,0.8771929824561403
6,0.34969591653685805,0.6894736842105263,0.6833333333333333,0.6,0.7,0.6666666666666666
7,0.3332578725652712,0.728654970760234,0.6710526315789473,0.6024096385542169,0.8333333333333334,0.5087719298245614
8,0.3603587833784459,0.7283726557773744,0.6872353297035693,0.5937499999999999,0.6551724137931034,0.7192982456140351
9,0.36543520073969077,0.7341197822141561,0.6793708408953418,0.5714285714285714,0.5517241379310345,0.8070175438596491
