,Matthews,Accuracy,F1,ActionAccuracy,ThingAccuracy
0,0.26841790944039673,0.6281512605042017,0.5161290322580646,0.47058823529411764,0.7857142857142857
1,0.2556653716805367,0.6165966386554622,0.4827586206896552,0.4117647058823529,0.8214285714285714
2,-0.026948402781814772,0.4880174291938998,0.2857142857142857,0.23529411764705882,0.7407407407407407
3,0.02014148736276902,0.5098039215686274,0.37500000000000006,0.35294117647058826,0.6666666666666666
4,0.08084520834544433,0.5359477124183006,0.35714285714285715,0.29411764705882354,0.7777777777777778
5,0.5602787088220383,0.7679738562091503,0.7096774193548386,0.6470588235294118,0.8888888888888888
6,0.2964324305999625,0.6318082788671024,0.5,0.4117647058823529,0.8518518518518519
7,-0.026948402781814772,0.4880174291938998,0.2857142857142857,0.23529411764705882,0.7407407407407407
8,0.4600662568376087,0.7200435729847494,0.6451612903225806,0.5882352941176471,0.8518518518518519
9,0.14291548761875736,0.565359477124183,0.41379310344827586,0.35294117647058826,0.7777777777777778
