,Matthews,AUC,Accuracy,F1,ActionAccuracy,ThingAccuracy
0,0.05711023204334191,0.47256515775034286,0.5308641975308641,0.3225806451612903,0.37037037037037035,0.691358024691358
1,0.09470020269564763,0.5539351851851851,0.5479166666666666,0.32727272727272727,0.3333333333333333,0.7625
2,0.25787299880439674,0.6518518518518518,0.6460648148148148,0.47887323943661975,0.6296296296296297,0.6625
3,0.20901083472001306,0.5935185185185186,0.6069444444444444,0.4571428571428572,0.8888888888888888,0.325
4,0.10398465527173581,0.5509259259259259,0.5592592592592592,0.3835616438356165,0.5185185185185185,0.6
5,0.15787037037037038,0.5604166666666667,0.5789351851851852,0.37037037037037035,0.37037037037037035,0.7875
6,0.18446619684315546,0.6125,0.5972222222222222,0.4067796610169491,0.4444444444444444,0.75
7,0.11503696774986577,0.5115740740740741,0.5543981481481481,0.31999999999999995,0.2962962962962963,0.8125
8,0.3597601997197596,0.6444444444444445,0.6476851851851853,0.4651162790697674,0.37037037037037035,0.925
9,0.20598641114584001,0.6381944444444444,0.6152777777777778,0.4411764705882353,0.5555555555555556,0.675
