,Matthews,AUC,Accuracy,F1,ActionAccuracy,ThingAccuracy
0,0.1622554660529344,0.5863060989643268,0.5811277330264673,0.396039603960396,0.9090909090909091,0.25316455696202533
1,0.1387768260876597,0.5914844649021864,0.5828538550057537,0.37499999999999994,0.5454545454545454,0.620253164556962
2,0.169039393482703,0.5638665132336018,0.5906214039125431,0.36734693877551017,0.4090909090909091,0.7721518987341772
3,0.1688958936471513,0.5701956271576525,0.594361334867664,0.3773584905660377,0.45454545454545453,0.7341772151898734
4,0.14314956839606116,0.5713463751438435,0.5799769850402762,0.39130434782608686,0.8181818181818182,0.34177215189873417
5,0.19495052862857015,0.5960874568469504,0.610759493670886,0.4,0.5,0.7215189873417721
6,0.2593219577807255,0.6288837744533947,0.64614499424626,0.4444444444444444,0.5454545454545454,0.7468354430379747
7,0.17025830302039138,0.5798673899939721,0.6039783001808319,0.3947368421052631,0.7142857142857143,0.4936708860759494
8,0.17718508606450095,0.6142191142191142,0.6043123543123543,0.40963855421686746,0.7727272727272727,0.4358974358974359
9,0.17261278697135615,0.5524475524475524,0.6031468531468531,0.39999999999999997,0.5909090909090909,0.6153846153846154
