,Matthews,Accuracy,F1,ActionAccuracy,ThingAccuracy
0,0.43488538203562815,0.6111111111111112,0.3636363636363636,0.2222222222222222,1.0
1,0.11791249501847327,0.5215277777777778,0.09999999999999999,0.05555555555555555,0.9875
2,0.009776474334756886,0.5027777777777778,0.08695652173913045,0.05555555555555555,0.95
3,0.36906190613707246,0.6048611111111111,0.3478260869565218,0.2222222222222222,0.9875
4,0.23034511405329858,0.552494415487714,0.2,0.11764705882352941,0.9873417721518988
5,0.3144417147739585,0.5588235294117647,0.21052631578947367,0.11764705882352941,1.0
6,0.12338852098724955,0.5230826507818317,0.10526315789473684,0.058823529411764705,0.9873417721518988
7,0.4328106381302833,0.680565897244974,0.5,0.4117647058823529,0.9493670886075949
8,0.33114196538796276,0.6049888309754281,0.3478260869565218,0.23529411764705882,0.9746835443037974
9,0.3144417147739585,0.5588235294117647,0.21052631578947367,0.11764705882352941,1.0
