,Matthews,AUC,Accuracy,F1,ActionAccuracy,ThingAccuracy
0,0.6882472016116853,0.858710562414266,0.8333333333333333,0.7843137254901961,0.7407407407407407,0.9259259259259259
1,0.5735393346764044,0.845679012345679,0.7777777777777777,0.7058823529411765,0.6666666666666666,0.8888888888888888
2,0.5,0.8017832647462277,0.7592592592592593,0.6779661016949152,0.7407407407407407,0.7777777777777778
3,0.5535714285714286,0.8539094650205761,0.787037037037037,0.711864406779661,0.7777777777777778,0.7962962962962963
4,0.3392857142857143,0.7369684499314129,0.6759259259259259,0.5762711864406779,0.6296296296296297,0.7222222222222222
5,0.455649764201308,0.7980109739368999,0.7407407407407407,0.65625,0.7777777777777778,0.7037037037037037
6,0.3412500738508723,0.7215363511659807,0.6759259259259259,0.5974025974025975,0.8518518518518519,0.5
7,0.4424250621944567,0.784366576819407,0.726078167115903,0.6440677966101694,0.6785714285714286,0.7735849056603774
8,0.21698094466801687,0.5505390835579514,0.5862533692722371,0.38095238095238093,0.2857142857142857,0.8867924528301887
9,0.343963572613512,0.7302585604472397,0.6813417190775681,0.6000000000000001,0.7777777777777778,0.5849056603773585
