,Matthews,AUC,Accuracy,F1,ActionAccuracy,ThingAccuracy
0,0.4899971346818779,0.8093617021276596,0.7268085106382979,0.6363636363636364,0.56,0.8936170212765957
1,0.5097872340425532,0.8042553191489361,0.7548936170212766,0.68,0.68,0.8297872340425532
2,0.27121251999684587,0.7140425531914893,0.6404255319148936,0.5454545454545454,0.6,0.6808510638297872
3,0.5670807236297686,0.8323404255319149,0.7936170212765958,0.7272727272727272,0.8,0.7872340425531915
4,0.3158343118112248,0.6902127659574468,0.6617021276595745,0.5660377358490566,0.6,0.723404255319149
5,0.5223863876422519,0.8034042553191489,0.7280851063829787,0.6341463414634146,0.52,0.9361702127659575
6,0.439671510095091,0.7575250836120401,0.7274247491638797,0.6666666666666667,0.8461538461538461,0.6086956521739131
7,0.62068376959593,0.8344481605351171,0.8168896321070234,0.7636363636363636,0.8076923076923077,0.8260869565217391
8,0.4789900188178145,0.8001672240802675,0.745819397993311,0.6785714285714285,0.7307692307692307,0.7608695652173914
9,0.4499113033554504,0.7269565217391304,0.6873913043478261,0.5641025641025641,0.44,0.9347826086956522
