,Matthews,AUC,Accuracy,F1,ActionAccuracy,ThingAccuracy
0,0.20502342539679272,0.5596153846153845,0.6092307692307692,0.5151515151515151,0.68,0.5384615384615384
1,0.38879388639628404,0.72,0.7061538461538461,0.6101694915254237,0.72,0.6923076923076923
2,0.3910707237838536,0.7395833333333334,0.7067307692307692,0.608695652173913,0.875,0.5384615384615384
3,0.1086310236566852,0.5432692307692307,0.5576923076923077,0.42857142857142855,0.5,0.6153846153846154
4,0.35656240987624055,0.6915064102564104,0.6907051282051282,0.5862068965517241,0.7083333333333334,0.6730769230769231
5,0.23799864840657528,0.5985576923076923,0.5865384615384616,0.35294117647058826,0.25,0.9230769230769231
6,0.27652843699695057,0.6746794871794871,0.6330128205128205,0.4888888888888889,0.4583333333333333,0.8076923076923077
7,0.2476563939386372,0.6454326923076923,0.6330128205128205,0.53125,0.7083333333333334,0.5576923076923077
8,0.36135904187228685,0.6774839743589745,0.6875,0.576923076923077,0.625,0.75
9,0.39864244833530155,0.5992156862745099,0.6301960784313725,0.42424242424242425,0.28,0.9803921568627451
