,Matthews,AUC,Accuracy,F1,ActionAccuracy,ThingAccuracy
0,0.4104421727337839,0.7692810457516339,0.7222222222222222,0.6140350877192984,0.7777777777777778,0.6666666666666666
1,0.41806026117661493,0.7705553164012052,0.7181446405510117,0.6138613861386139,0.6739130434782609,0.7623762376237624
2,0.44837839555893483,0.7602238484718038,0.7339647008179079,0.6336633663366337,0.6956521739130435,0.7722772277227723
3,0.49992539458274227,0.7864829961256995,0.7527981058975463,0.6595744680851064,0.6739130434782609,0.8316831683168316
4,0.43276226550581076,0.7516142918639691,0.7221265604821352,0.6185567010309279,0.6521739130434783,0.7920792079207921
5,0.4686535041081758,0.7588558855885589,0.7245324532453246,0.619047619047619,0.5777777777777777,0.8712871287128713
6,0.3108973327540692,0.7161716171617162,0.658965896589659,0.5319148936170212,0.5555555555555556,0.7623762376237624
7,0.4718216563662301,0.7575357535753575,0.7466446644664466,0.6464646464646464,0.7111111111111111,0.7821782178217822
8,0.27697070274329866,0.6605060506050605,0.6453245324532453,0.52,0.5777777777777777,0.7128712871287128
9,0.4666511291399955,0.8026402640264027,0.7514851485148515,0.6486486486486486,0.8,0.7029702970297029
