,Matthews,Accuracy,F1,ActionAccuracy,ThingAccuracy
0,0.5337252367234178,0.757252457444258,0.6666666666666666,0.627906976744186,0.8865979381443299
1,0.6476376743914658,0.8348117957324382,0.7608695652173914,0.813953488372093,0.8556701030927835
2,0.558253397203335,0.7753536322224885,0.6904761904761904,0.6744186046511628,0.8762886597938144
3,0.635669860099195,0.8011268280987773,0.7341772151898734,0.6744186046511628,0.9278350515463918
4,0.5579474288518533,0.748141932390314,0.6575342465753425,0.5581395348837209,0.9381443298969072
5,0.584157449226386,0.7791896427715177,0.7000000000000001,0.6511627906976745,0.9072164948453608
6,0.5608074432443431,0.7698821796759941,0.6835443037974683,0.6428571428571429,0.8969072164948454
7,0.6103521699958778,0.8071919489445263,0.7294117647058824,0.7380952380952381,0.8762886597938144
8,0.5152813234540493,0.7388392857142857,0.64,0.5714285714285714,0.90625
9,0.4469476870855065,0.7113095238095238,0.5974025974025974,0.5476190476190477,0.875
