,Matthews,AUC,Accuracy,F1,ActionAccuracy,ThingAccuracy
0,0.4665158494188477,0.8298226164079823,0.7566518847006651,0.6352941176470589,0.8181818181818182,0.6951219512195121
1,0.5548758732513993,0.8774944567627495,0.7993348115299335,0.6923076923076923,0.8181818181818182,0.7804878048780488
2,0.5568707316264386,0.8584626755358462,0.7963784183296378,0.6933333333333334,0.7878787878787878,0.8048780487804879
3,0.625522596471556,0.8861788617886179,0.7967479674796748,0.721311475409836,0.6666666666666666,0.926829268292683
4,0.5935594584451656,0.8963414634146342,0.823540280857354,0.7160493827160493,0.8787878787878788,0.7682926829268293
5,0.6310211782922421,0.8946986201888163,0.8206245461147421,0.7428571428571428,0.7647058823529411,0.8765432098765432
6,0.6000231869496205,0.8685548293391431,0.7973856209150327,0.7164179104477613,0.7058823529411765,0.8888888888888888
7,0.5358703957179024,0.836238198983297,0.7930283224400871,0.6818181818181819,0.8823529411764706,0.7037037037037037
8,0.4572781096617289,0.8197167755991286,0.7489106753812635,0.6352941176470589,0.7941176470588235,0.7037037037037037
9,0.5807423591719743,0.8832772166105499,0.8103254769921437,0.7105263157894738,0.8181818181818182,0.8024691358024691
