,Matthews,AUC,Accuracy,F1,ActionAccuracy,ThingAccuracy
0,0.3513486802372442,0.7640866873065015,0.7269349845201238,0.4705882352941176,0.8421052631578947,0.611764705882353
1,0.23084839497894732,0.6873065015479876,0.6309597523219814,0.391304347826087,0.47368421052631576,0.788235294117647
2,0.3019715061155207,0.7430340557275542,0.6891640866873066,0.44827586206896547,0.6842105263157895,0.6941176470588235
3,0.28767879759252357,0.6142414860681115,0.6544891640866873,0.42857142857142855,0.47368421052631576,0.8352941176470589
4,0.37459010792021624,0.7603715170278638,0.7071207430340558,0.5,0.5789473684210527,0.8352941176470589
5,0.21943493003441988,0.6563467492260062,0.6393188854489165,0.39344262295081966,0.631578947368421,0.6470588235294118
6,0.3823865142395903,0.8074303405572755,0.7417956656346749,0.4999999999999999,0.7894736842105263,0.6941176470588235
7,0.24853198155334688,0.6398692810457516,0.5875816993464051,0.30769230769230765,0.2222222222222222,0.9529411764705882
8,0.397372423240518,0.7606516290726817,0.7349624060150376,0.5200000000000001,0.6842105263157895,0.7857142857142857
9,0.44278841733693525,0.7857142857142857,0.7781954887218046,0.5423728813559322,0.8421052631578947,0.7142857142857143
