,Matthews,AUC,Accuracy,F1,ActionAccuracy,ThingAccuracy
0,0.3899798164087578,0.7450110864745011,0.7001108647450112,0.6333333333333333,0.8636363636363636,0.5365853658536586
1,0.28013971669430454,0.6146739130434783,0.6445652173913043,0.5862068965517241,0.7391304347826086,0.55
2,0.2564388222660863,0.683695652173913,0.6255434782608695,0.5846153846153845,0.8260869565217391,0.425
3,0.4652340139618293,0.7630434782608696,0.741304347826087,0.6792452830188679,0.782608695652174,0.7
4,0.3018817718513035,0.6673913043478261,0.6543478260869565,0.5714285714285715,0.6086956521739131,0.7
5,0.5049886998305226,0.7315217391304348,0.7233695652173913,0.6315789473684211,0.5217391304347826,0.925
6,0.44824996408592194,0.8284090909090909,0.7340909090909091,0.6666666666666666,0.8181818181818182,0.65
7,0.3261462959645661,0.6647727272727273,0.6681818181818182,0.5833333333333334,0.6363636363636364,0.7
8,0.3133397807202561,0.6988636363636364,0.6636363636363636,0.5925925925925926,0.7272727272727273,0.6
9,0.4090909090909091,0.7227272727272728,0.7045454545454546,0.6451612903225806,0.9090909090909091,0.5
