,Matthews,AUC,Accuracy,F1,ActionAccuracy,ThingAccuracy
0,0.21110184085186476,0.5668449197860962,0.6118538324420677,0.5074626865671642,0.7727272727272727,0.45098039215686275
1,0.427239930144825,0.7027629233511586,0.7290552584670231,0.6153846153846153,0.9090909090909091,0.5490196078431373
2,0.12412914500946672,0.48930481283422456,0.5628342245989305,0.47222222222222227,0.7727272727272727,0.35294117647058826
3,0.22234770669785825,0.6158645276292335,0.6149732620320856,0.5142857142857142,0.8181818181818182,0.4117647058823529
4,0.27249799376894096,0.5971479500891266,0.6443850267379679,0.537313432835821,0.8181818181818182,0.47058823529411764
5,0.3356960690802225,0.6347826086956522,0.6339130434782609,0.4571428571428571,0.34782608695652173,0.92
6,0.33304347826086955,0.6026086956521739,0.6665217391304348,0.5753424657534246,0.9130434782608695,0.42
7,0.11048859429189528,0.5095652173913043,0.5578260869565217,0.47058823529411764,0.6956521739130435,0.42
8,0.1831752025385164,0.5539130434782609,0.5978260869565217,0.5000000000000001,0.6956521739130435,0.5
9,0.22357372715928564,0.5991304347826085,0.6130434782608696,0.5277777777777779,0.8260869565217391,0.4
