,Matthews,Accuracy,F1,ActionAccuracy,ThingAccuracy
0,0.13115784746777812,0.5607142857142857,0.4,0.35,0.7714285714285715
1,-0.007887966148203324,0.49642857142857144,0.2941176470588235,0.25,0.7428571428571429
2,0.14870813293635055,0.5714285714285714,0.4324324324324324,0.4,0.7428571428571429
3,0.1497506232689374,0.5642857142857143,0.37499999999999994,0.3,0.8285714285714286
4,0.3480058312845614,0.6642857142857144,0.5555555555555556,0.5,0.8285714285714286
5,0.1658231428822884,0.5721804511278196,0.3870967741935484,0.3157894736842105,0.8285714285714286
6,0.500214952075619,0.6958204334365325,0.5714285714285714,0.42105263157894735,0.9705882352941176
7,0.0656300769842501,0.5286377708978328,0.3225806451612903,0.2631578947368421,0.7941176470588235
8,0.2965362340229889,0.6253869969040248,0.4666666666666667,0.3684210526315789,0.8823529411764706
9,0.19952129326238144,0.5843653250773994,0.39999999999999997,0.3157894736842105,0.8529411764705882
