,Matthews,AUC,Accuracy,F1,ActionAccuracy,ThingAccuracy
0,0.45796696466511033,0.8075076385857703,0.7435617634220865,0.6153846153846154,0.6896551724137931,0.7974683544303798
1,0.37477199224604985,0.7590571802706243,0.7112614578786556,0.5647058823529412,0.8275862068965517,0.5949367088607594
2,0.4250066941409892,0.7726495726495727,0.7371794871794872,0.6024096385542169,0.8333333333333334,0.6410256410256411
3,0.412482363750086,0.7346153846153846,0.7102564102564102,0.5806451612903225,0.6,0.8205128205128205
4,0.4086574694089205,0.7462422634836429,0.6945181255526083,0.5555555555555556,0.5172413793103449,0.8717948717948718
5,0.5166577412584511,0.7391688770999116,0.7265694076038904,0.6122448979591838,0.5172413793103449,0.9358974358974359
6,0.36315402015645315,0.7583996463306809,0.7042440318302388,0.5609756097560975,0.7931034482758621,0.6153846153846154
7,0.38138223396409393,0.7420424403183025,0.7110963748894783,0.5652173913043478,0.896551724137931,0.5256410256410257
8,0.39972677592440364,0.5919540229885057,0.603448275862069,0.34285714285714286,0.20689655172413793,1.0
9,0.45881915335836876,0.8364279398762157,0.7579575596816976,0.6172839506172839,0.8620689655172413,0.6538461538461539
