,Matthews,AUC,Accuracy,F1,ActionAccuracy,ThingAccuracy
0,0.37955778497000825,0.6900093370681606,0.7086834733893557,0.5862068965517242,0.8095238095238095,0.6078431372549019
1,0.3241018617760822,0.7236227824463118,0.6680672268907563,0.5333333333333333,0.5714285714285714,0.7647058823529411
2,0.3486297548564629,0.728095238095238,0.690952380952381,0.5714285714285714,0.7619047619047619,0.62
3,0.3610922276915204,0.7476190476190476,0.6933333333333334,0.5714285714285715,0.6666666666666666,0.72
4,0.4976924570610136,0.8400000000000001,0.7723809523809524,0.6551724137931034,0.9047619047619048,0.64
5,0.4086706892219254,0.779047619047619,0.7095238095238096,0.5909090909090909,0.6190476190476191,0.8
6,0.30445905393760886,0.7228571428571429,0.6647619047619048,0.5483870967741935,0.8095238095238095,0.52
7,0.3433132840264283,0.7333333333333333,0.6871428571428572,0.5660377358490566,0.7142857142857143,0.66
8,0.4268047783713061,0.7438095238095238,0.7233333333333334,0.6086956521739131,0.6666666666666666,0.78
9,0.4872695800326468,0.7919047619047619,0.7647619047619048,0.6538461538461537,0.8095238095238095,0.72
