,Matthews,AUC,Accuracy,F1,ActionAccuracy,ThingAccuracy
0,0.26846076326670526,0.6571428571428571,0.6361344537815126,0.5142857142857143,0.5294117647058824,0.7428571428571429
1,0.36985757785414636,0.7176470588235294,0.6957983193277311,0.6,0.7058823529411765,0.6857142857142857
2,0.34159431299403675,0.7512605042016808,0.6815126050420168,0.5853658536585366,0.7058823529411765,0.6571428571428571
3,0.7130240959073808,0.8974789915966386,0.8697478991596639,0.8108108108108107,0.8823529411764706,0.8571428571428571
4,0.3286878675669582,0.6839285714285714,0.6669642857142857,0.5454545454545455,0.5625,0.7714285714285715
5,0.5936657514041415,0.7612456747404845,0.75,0.6666666666666667,0.5294117647058824,0.9705882352941176
6,0.827170191868511,0.9342560553633218,0.8823529411764706,0.8666666666666666,0.7647058823529411,1.0
7,0.5,0.78719723183391,0.7647058823529411,0.6818181818181819,0.8823529411764706,0.6470588235294118
8,0.5833333333333334,0.9013840830449827,0.8088235294117647,0.7272727272727272,0.9411764705882353,0.6764705882352942
9,0.5572782125753528,0.8546712802768166,0.7941176470588236,0.7111111111111111,0.9411764705882353,0.6470588235294118
