,Matthews,AUC,Accuracy,F1,ActionAccuracy,ThingAccuracy
0,0.6904761904761905,0.9047619047619048,0.8452380952380952,0.8571428571428571,0.8571428571428571,0.8333333333333334
1,0.3535533905932738,0.6666666666666667,0.6666666666666667,0.7142857142857143,0.8333333333333334,0.5
2,0.0,0.3055555555555556,0.5,0.0,0.0,1.0
3,0.6666666666666666,0.8333333333333334,0.8333333333333334,0.8333333333333334,0.8333333333333334,0.8333333333333334
4,0.4472135954999579,0.6388888888888888,0.6666666666666666,0.5,0.3333333333333333,1.0
5,0.3535533905932738,0.638888888888889,0.6666666666666667,0.6,0.5,0.8333333333333334
6,0.50709255283711,0.888888888888889,0.75,0.7272727272727272,0.6666666666666666,0.8333333333333334
7,0.30151134457776363,0.5555555555555556,0.5833333333333334,0.2857142857142857,0.16666666666666666,1.0
8,0.3535533905932738,0.5833333333333334,0.6666666666666667,0.6,0.5,0.8333333333333334
9,-0.07559289460184544,0.2857142857142857,0.4714285714285714,0.22222222222222224,0.14285714285714285,0.8
