,Matthews,AUC,Accuracy,F1,ActionAccuracy,ThingAccuracy
0,0.5658939835446168,0.8333333333333333,0.7659883720930232,0.6976744186046512,0.625,0.9069767441860465
1,0.6187657204218748,0.8604651162790697,0.814437984496124,0.76,0.7916666666666666,0.8372093023255814
2,0.5067935837112575,0.8449612403100775,0.7606589147286822,0.6984126984126983,0.9166666666666666,0.6046511627906976
3,0.6187657204218748,0.8943798449612403,0.814437984496124,0.76,0.7916666666666666,0.8372093023255814
4,0.5410596749236898,0.7819767441860466,0.7795542635658914,0.7169811320754716,0.7916666666666666,0.7674418604651163
5,0.3507751937984496,0.7412790697674418,0.6753875968992249,0.5833333333333334,0.5833333333333334,0.7674418604651163
6,0.6465179185249169,0.8828571428571429,0.8204761904761905,0.7755102040816326,0.76,0.8809523809523809
7,0.4257142857142857,0.7823809523809524,0.7128571428571429,0.64,0.64,0.7857142857142857
8,0.486387502098689,0.7658730158730159,0.7470238095238095,0.68,0.7083333333333334,0.7857142857142857
9,0.5784757093789362,0.8635912698412699,0.7916666666666667,0.7346938775510204,0.75,0.8333333333333334
