,Matthews,AUC,Accuracy,F1,ActionAccuracy,ThingAccuracy
0,0.5543672014260249,0.8609625668449198,0.7771836007130125,0.7058823529411765,0.7058823529411765,0.8484848484848485
1,0.46442036401282394,0.7593582887700535,0.7450980392156863,0.6666666666666666,0.8235294117647058,0.6666666666666666
2,0.4703764518024435,0.8012152777777777,0.7447916666666667,0.6818181818181818,0.8333333333333334,0.65625
3,0.32904437697703026,0.7309027777777778,0.6701388888888888,0.6086956521739131,0.7777777777777778,0.5625
4,0.24379200284813904,0.5746527777777778,0.6232638888888888,0.5714285714285714,0.7777777777777778,0.46875
5,0.468259222798067,0.7465277777777778,0.6788194444444444,0.5384615384615385,0.3888888888888889,0.96875
6,0.5808640532349616,0.8107638888888888,0.8003472222222222,0.7391304347826088,0.9444444444444444,0.65625
7,0.4822335380441995,0.7095588235294118,0.7178308823529411,0.6206896551724139,0.5294117647058824,0.90625
8,0.45955882352941174,0.7959558823529412,0.7297794117647058,0.6470588235294118,0.6470588235294118,0.8125
9,0.2417895095285345,0.6323529411764706,0.6121323529411764,0.4666666666666667,0.4117647058823529,0.8125
