,Matthews,AUC,Accuracy,F1,ActionAccuracy,ThingAccuracy
0,0.43991190258951157,0.7630813953488372,0.7262596899224807,0.6538461538461539,0.7083333333333334,0.7441860465116279
1,0.5088306208041666,0.8367248062015504,0.751937984496124,0.6808510638297872,0.6666666666666666,0.8372093023255814
2,0.5658939835446168,0.811046511627907,0.7659883720930232,0.6976744186046512,0.625,0.9069767441860465
3,0.4869619298532989,0.8323643410852714,0.7538759689922481,0.6896551724137931,0.8333333333333334,0.6744186046511628
4,0.5898206854887363,0.8846899224806202,0.8047480620155039,0.7419354838709677,0.9583333333333334,0.6511627906976745
5,0.6708197381528562,0.8740310077519379,0.810077519379845,0.761904761904762,0.6666666666666666,0.9534883720930233
6,0.5777009050869972,0.7866666666666666,0.7804761904761905,0.7234042553191491,0.68,0.8809523809523809
7,0.46836152617527077,0.7885714285714285,0.7414285714285714,0.6885245901639344,0.84,0.6428571428571429
8,0.5039526306789696,0.8353174603174603,0.7619047619047619,0.7017543859649124,0.8333333333333334,0.6904761904761905
9,0.6071428571428571,0.85515873015873,0.8035714285714286,0.75,0.75,0.8571428571428571
