,Matthews,AUC,Accuracy,F1,ActionAccuracy,ThingAccuracy
0,0.42831700148147395,0.7672098436980379,0.7499168606584636,0.574468085106383,0.8709677419354839,0.6288659793814433
1,0.3352174933402738,0.7036913867642168,0.6932158297306286,0.5142857142857142,0.8709677419354839,0.5154639175257731
2,0.38256743819546124,0.7958097771865646,0.7228134353175922,0.5494505494505494,0.8064516129032258,0.6391752577319587
3,0.3184389927209522,0.711340206185567,0.6536415031592949,0.47457627118644063,0.45161290322580644,0.8556701030927835
4,0.4205548496258717,0.8051213834386431,0.7304622547389424,0.5753424657534247,0.6774193548387096,0.7835051546391752
5,0.33142008819792507,0.7588959095443963,0.6925507149983372,0.5148514851485149,0.8387096774193549,0.5463917525773195
6,0.21951095470282553,0.6468240771533089,0.6280345859660792,0.45360824742268047,0.7096774193548387,0.5463917525773195
7,0.30070605418988794,0.7166611240438976,0.6744263385433987,0.4999999999999999,0.7096774193548387,0.6391752577319587
8,0.35131012427597846,0.7418619791666666,0.6979166666666667,0.5365853658536586,0.6875,0.7083333333333334
9,0.35096448985915774,0.7516801075268817,0.6980846774193548,0.5316455696202531,0.6774193548387096,0.71875
