,Matthews,AUC,Accuracy,F1,ActionAccuracy,ThingAccuracy
0,0.36373669756812455,0.7118441971383148,0.7056173820879703,0.5576923076923076,0.7837837837837838,0.6274509803921569
1,0.2785739857461569,0.668918918918919,0.6554054054054055,0.5084745762711864,0.8108108108108109,0.5
2,0.3196244564220536,0.6813725490196079,0.6787228404875464,0.5299145299145299,0.8378378378378378,0.5196078431372549
3,0.29014364827498296,0.6711601307189543,0.6650326797385621,0.5098039215686274,0.7222222222222222,0.6078431372549019
4,0.27316475606713847,0.6918572984749456,0.6495098039215687,0.4883720930232558,0.5833333333333334,0.7156862745098039
5,0.2893104792296479,0.6909041394335512,0.6617647058823529,0.5084745762711864,0.8333333333333334,0.49019607843137253
6,0.3409906048666344,0.7137799564270152,0.6936274509803921,0.54,0.75,0.6372549019607843
7,0.39677962296314445,0.7121459694989107,0.7034313725490196,0.5599999999999999,0.5833333333333334,0.8235294117647058
8,0.33913944672833896,0.741830065359477,0.6830065359477124,0.5301204819277109,0.6111111111111112,0.7549019607843137
9,0.24490163023479442,0.6549371153331549,0.6316564088841317,0.47058823529411764,0.5405405405405406,0.7227722772277227
