,Matthews,AUC,Accuracy,F1,ActionAccuracy,ThingAccuracy
0,0.34688077991340815,0.7009803921568627,0.6776629570747218,0.5294117647058825,0.972972972972973,0.38235294117647056
1,0.340042857060707,0.6585850556438793,0.6921038685744568,0.5436893203883495,0.7567567567567568,0.6274509803921569
2,0.24960039132072537,0.6238738738738739,0.6392421833598304,0.48421052631578954,0.6216216216216216,0.6568627450980392
3,0.31810388495271635,0.6966230936819172,0.6748366013071895,0.5203252032520325,0.8888888888888888,0.46078431372549017
4,0.25710749030307894,0.667211328976035,0.6462418300653594,0.4901960784313726,0.6944444444444444,0.5980392156862745
5,0.38316042325527944,0.7258986928104576,0.7173202614379085,0.5656565656565655,0.7777777777777778,0.6568627450980392
6,0.37408252010685633,0.7493191721132898,0.7124183006535948,0.56,0.7777777777777778,0.6470588235294118
7,0.2893104792296479,0.6237745098039215,0.6617647058823529,0.5084745762711864,0.8333333333333334,0.49019607843137253
8,0.3492182047266962,0.7431917211328976,0.6952614379084967,0.5434782608695653,0.6944444444444444,0.696078431372549
9,0.25069839294471863,0.6871822317366872,0.6407546160021408,0.495575221238938,0.7567567567567568,0.5247524752475248
