,Matthews,AUC,Accuracy,F1,ActionAccuracy,ThingAccuracy
0,0.13449109746432147,0.5826822916666667,0.5729166666666667,0.37837837837837834,0.4375,0.7083333333333334
1,0.14907119849998599,0.5084635416666667,0.5625,0.42857142857142866,0.9375,0.1875
2,0.1624591083221647,0.59765625,0.59375,0.425531914893617,0.625,0.5625
3,0.22360679774997896,0.580078125,0.625,0.46428571428571436,0.8125,0.4375
4,0.1268540658512312,0.5481770833333333,0.5729166666666667,0.4,0.5625,0.5833333333333334
5,0.21650635094610968,0.6744791666666667,0.625,0.4583333333333333,0.6875,0.5625
6,0.06367924903008046,0.538563829787234,0.5365691489361701,0.375,0.5625,0.5106382978723404
7,-0.0364033207389342,0.432845744680851,0.4886968085106383,0.09523809523809523,0.0625,0.9148936170212766
8,0.31987666868989834,0.6928191489361702,0.6835106382978724,0.5217391304347827,0.75,0.6170212765957447
9,0.1928179191483701,0.6037234042553191,0.6090425531914894,0.4528301886792453,0.75,0.46808510638297873
