,Matthews,AUC,Accuracy,F1,ActionAccuracy,ThingAccuracy
0,0.09245003270420485,0.490234375,0.5416666666666666,0.411764705882353,0.875,0.20833333333333334
1,0.24037008503093263,0.6393229166666667,0.6354166666666666,0.4727272727272727,0.8125,0.4583333333333333
2,0.20339007194925068,0.6106770833333334,0.6145833333333333,0.43902439024390244,0.5625,0.6666666666666666
3,0.22360679774997896,0.625,0.625,0.46428571428571436,0.8125,0.4375
4,0.1624591083221647,0.6106770833333333,0.59375,0.425531914893617,0.625,0.5625
5,0.11396057645963795,0.55859375,0.5625,0.4137931034482759,0.75,0.375
6,0.39974446652710877,0.6914893617021276,0.726063829787234,0.5714285714285714,0.75,0.7021276595744681
7,0.3149912264023449,0.6409574468085106,0.6742021276595744,0.5128205128205128,0.625,0.723404255319149
8,0.13861971552385646,0.5797872340425532,0.5791223404255319,0.40909090909090917,0.5625,0.5957446808510638
9,0.13644420572745383,0.5186170212765957,0.5651595744680851,0.4307692307692308,0.875,0.2553191489361702
