,Matthews,AUC,Accuracy,F1,ActionAccuracy,ThingAccuracy
0,0.43019765643650576,0.7934959349593496,0.7414634146341463,0.6,0.8,0.6829268292682927
1,0.37625182947568986,0.6959349593495935,0.6211382113821138,0.4,0.26666666666666666,0.975609756097561
2,0.33910912729884146,0.7626016260162602,0.6869918699186992,0.5405405405405405,0.6666666666666666,0.7073170731707317
3,0.6198126623538811,0.8227642276422764,0.826829268292683,0.7272727272727272,0.8,0.8536585365853658
4,0.5820252464746485,0.8130081300813009,0.7845528455284553,0.689655172413793,0.6666666666666666,0.9024390243902439
5,0.39408355825998287,0.7170731707317073,0.6634146341463415,0.5,0.4,0.926829268292683
6,0.263106079160189,0.6601626016260163,0.640650406504065,0.5000000000000001,0.8666666666666667,0.4146341463414634
7,0.31817380140614115,0.5902439024390244,0.5666666666666667,0.23529411764705882,0.13333333333333333,1.0
8,0.5447154471544715,0.8341463414634146,0.7723577235772358,0.6666666666666666,0.6666666666666666,0.8780487804878049
9,0.304819971239475,0.7142857142857144,0.6742160278745645,0.5128205128205129,0.7142857142857143,0.6341463414634146
