,Matthews,AUC,Accuracy,F1,ActionAccuracy,ThingAccuracy
0,0.18397492595910211,0.5977272727272727,0.5931818181818183,0.5079365079365079,0.8,0.38636363636363635
1,0.1286949299057178,0.5215909090909091,0.5681818181818181,0.4347826086956522,0.5,0.6363636363636364
2,0.37998029782867415,0.7784090909090908,0.7045454545454546,0.6,0.75,0.6590909090909091
3,0.2234378315935356,0.634090909090909,0.6204545454545455,0.5098039215686274,0.65,0.5909090909090909
4,0.40451991747794525,0.7522727272727272,0.7181818181818183,0.6153846153846154,0.8,0.6363636363636364
5,0.3161856107455693,0.6875,0.6704545454545454,0.5660377358490566,0.75,0.5909090909090909
6,0.4330011074197121,0.6976744186046512,0.7165005537098561,0.6190476190476191,0.6190476190476191,0.813953488372093
7,0.4109749995082186,0.7380952380952381,0.7187153931339978,0.6296296296296297,0.8095238095238095,0.627906976744186
8,0.5614393654218881,0.8575581395348838,0.8005813953488372,0.7037037037037037,0.95,0.6511627906976745
9,0.18097496507665395,0.5337209302325582,0.5680232558139535,0.5135135135135135,0.95,0.18604651162790697
