,Matthews,AUC,Accuracy,F1,ActionAccuracy,ThingAccuracy
0,0.5375841492902727,0.8787878787878788,0.7922077922077921,0.6857142857142857,0.8571428571428571,0.7272727272727273
1,0.35841654429349207,0.7554112554112553,0.6958874458874459,0.5789473684210527,0.7857142857142857,0.6060606060606061
2,0.4917899439803605,0.7878787878787878,0.7673160173160174,0.65,0.9285714285714286,0.6060606060606061
3,0.4157107453789093,0.7359307359307359,0.7153679653679654,0.6000000000000001,0.6428571428571429,0.7878787878787878
4,0.41148438901385936,0.7748917748917749,0.7207792207792207,0.6060606060606061,0.7142857142857143,0.7272727272727273
5,0.5685916431234195,0.8658008658008658,0.8073593073593073,0.7058823529411764,0.8571428571428571,0.7575757575757576
6,0.41966737003926224,0.8275058275058275,0.7249417249417249,0.5999999999999999,0.6923076923076923,0.7575757575757576
7,0.43713663238643097,0.8080357142857143,0.7366071428571428,0.6285714285714286,0.7857142857142857,0.6875
8,0.531987033753298,0.890625,0.7879464285714286,0.6857142857142857,0.8571428571428571,0.71875
9,0.6681395518422918,0.9107142857142857,0.8504464285714286,0.7741935483870968,0.8571428571428571,0.84375
