,Matthews,AUC,Accuracy,F1,ActionAccuracy,ThingAccuracy
0,0.5031457842657572,0.7932098765432098,0.7638888888888888,0.6829268292682927,0.7777777777777778,0.75
1,0.2912949277328068,0.6882716049382716,0.6527777777777778,0.5714285714285714,0.7777777777777778,0.5277777777777778
2,0.3707389989326632,0.6905864197530864,0.6944444444444444,0.6122448979591837,0.8333333333333334,0.5555555555555556
3,0.35082320772281167,0.6774691358024691,0.6666666666666667,0.5454545454545454,0.5,0.8333333333333334
4,0.6380047326551185,0.8992481203007519,0.8330827067669173,0.7727272727272727,0.8947368421052632,0.7714285714285715
5,0.5484084971070818,0.8541353383458646,0.7706766917293233,0.7027027027027027,0.6842105263157895,0.8571428571428571
6,0.2774751902477184,0.6368421052631579,0.6443609022556391,0.5581395348837209,0.631578947368421,0.6571428571428571
7,0.36051043893945417,0.6857142857142857,0.6654135338345865,0.5454545454545454,0.47368421052631576,0.8571428571428571
8,0.17830465376906865,0.606015037593985,0.5917293233082707,0.4878048780487805,0.5263157894736842,0.6571428571428571
9,0.2800874499006279,0.7095238095238096,0.6476190476190475,0.5581395348837209,0.6666666666666666,0.6285714285714286
