,Matthews,AUC,Accuracy,F1,ActionAccuracy,ThingAccuracy
0,0.3676580120072232,0.7453703703703703,0.6944444444444444,0.6046511627906976,0.7222222222222222,0.6666666666666666
1,0.3525119939553163,0.6952160493827161,0.6805555555555556,0.5789473684210527,0.6111111111111112,0.75
2,0.29880715233359845,0.6450617283950617,0.6388888888888888,0.5,0.4444444444444444,0.8333333333333334
3,0.25,0.6265432098765432,0.625,0.5555555555555556,0.8333333333333334,0.4166666666666667
4,0.556215627118974,0.8390977443609022,0.78796992481203,0.72,0.9473684210526315,0.6285714285714286
5,0.36679373332749227,0.7300751879699248,0.687218045112782,0.6,0.631578947368421,0.7428571428571429
6,0.4921451314366703,0.7819548872180452,0.7203007518796992,0.625,0.5263157894736842,0.9142857142857143
7,0.32417750978592963,0.6894736842105263,0.6451127819548872,0.6,0.9473684210526315,0.34285714285714286
8,0.34911692690207097,0.7345864661654135,0.6781954887218045,0.6153846153846154,0.8421052631578947,0.5142857142857142
9,0.2569881028185029,0.6904761904761905,0.6222222222222222,0.4848484848484848,0.4444444444444444,0.8
