,Matthews,AUC,Accuracy,F1,ActionAccuracy,ThingAccuracy
0,0.5257054285483831,0.7071887784921098,0.6984219754529515,0.5714285714285715,0.41379310344827586,0.9830508474576272
1,0.6178137586661208,0.8413208649912333,0.8115137346580947,0.7457627118644068,0.7586206896551724,0.864406779661017
2,0.5425173841846873,0.8521332554061951,0.7866744593804793,0.7058823529411765,0.8275862068965517,0.7457627118644068
3,0.703822216024807,0.8498789346246974,0.8223365617433414,0.7755102040816326,0.6785714285714286,0.9661016949152542
4,0.5124500385567423,0.7758620689655172,0.7155172413793104,0.608695652173913,0.4827586206896552,0.9482758620689655
5,0.6019292654288461,0.8305588585017836,0.7586206896551724,0.6808510638297872,0.5517241379310345,0.9655172413793104
6,0.6089028755593184,0.8418549346016646,0.8017241379310345,0.736842105263158,0.7241379310344828,0.8793103448275862
7,0.5642880936468347,0.8674197384066586,0.7844827586206897,0.711864406779661,0.7241379310344828,0.8448275862068966
8,0.6969320524371696,0.8555291319857312,0.7931034482758621,0.7391304347826086,0.5862068965517241,1.0
9,0.7223151185146153,0.8498810939357908,0.8103448275862069,0.7659574468085107,0.6206896551724138,1.0
