,Matthews,AUC,Accuracy,F1,ActionAccuracy,ThingAccuracy
0,0.2981482937453963,0.7121107266435985,0.6558823529411765,0.5135135135135136,0.5588235294117647,0.7529411764705882
1,0.27285358130588516,0.676470588235294,0.6470588235294117,0.5233644859813084,0.8235294117647058,0.47058823529411764
2,0.22390140498940464,0.6314878892733563,0.6147058823529412,0.5,0.8529411764705882,0.3764705882352941
3,0.24343706245255142,0.6469387755102041,0.6261904761904762,0.48,0.5142857142857142,0.7380952380952381
4,0.25313184684917145,0.6918767507002801,0.6390056022408963,0.5057471264367817,0.6470588235294118,0.6309523809523809
5,0.3693817266355656,0.7836134453781513,0.7034313725490196,0.5773195876288659,0.8235294117647058,0.5833333333333334
6,0.4003022905511858,0.7724089635854342,0.7104341736694678,0.5866666666666668,0.6470588235294118,0.7738095238095238
7,0.45141564447529026,0.8000700280112045,0.7398459383753502,0.6233766233766234,0.7058823529411765,0.7738095238095238
8,0.49335666070430106,0.819327731092437,0.7717086834733893,0.6516853932584269,0.8529411764705882,0.6904761904761905
9,0.3752503493736857,0.6740196078431373,0.6204481792717087,0.39999999999999997,0.2647058823529412,0.9761904761904762
