,Matthews,AUC,Accuracy,F1,ActionAccuracy,ThingAccuracy
0,0.47551411259284576,0.776287657920311,0.7503401360544217,0.652482269503546,0.9387755102040817,0.5619047619047619
1,0.3897373261065722,0.7376093294460642,0.7027210884353741,0.5981308411214952,0.6530612244897959,0.7523809523809524
2,0.39723339176813377,0.7292517006802721,0.7129251700680272,0.6153846153846154,0.8163265306122449,0.6095238095238096
3,0.35042357573045624,0.7227405247813412,0.6816326530612244,0.5890410958904109,0.8775510204081632,0.4857142857142857
4,0.41953227051959424,0.7575315840621963,0.7108843537414966,0.6060606060606062,0.6122448979591837,0.8095238095238095
5,0.45123341308604054,0.7743440233236152,0.7421768707482994,0.6456692913385826,0.8367346938775511,0.6476190476190476
6,0.3608674598547599,0.6906730769230769,0.6913461538461538,0.5932203389830508,0.7,0.6826923076923077
7,0.4810511993647416,0.7982692307692307,0.7557692307692307,0.6666666666666666,0.8,0.7115384615384616
8,0.38791660316494925,0.7178846153846153,0.7,0.6122448979591837,0.9,0.5
9,0.39192307692307693,0.7351923076923077,0.6959615384615384,0.6103896103896104,0.94,0.4519230769230769
