,Matthews,AUC,Accuracy,F1,ActionAccuracy,ThingAccuracy
0,0.438367535169304,0.7426697530864199,0.7326388888888888,0.6111111111111112,0.6875,0.7777777777777778
1,0.44014825701232335,0.7521219135802469,0.7133487654320987,0.5901639344262296,0.5625,0.8641975308641975
2,0.3701212810012063,0.7291666666666666,0.6984953703703703,0.5675675675675675,0.65625,0.7407407407407407
3,0.6334564986185994,0.818672839506173,0.7783564814814814,0.7037037037037037,0.59375,0.9629629629629629
4,0.6051874249892324,0.8367184388689765,0.7855436081242533,0.7017543859649122,0.6451612903225806,0.9259259259259259
5,0.39600275481135455,0.783984375,0.715625,0.5897435897435898,0.71875,0.7125
6,0.4335081232564079,0.73125,0.690625,0.5555555555555556,0.46875,0.9125
7,0.5566900320083054,0.7593749999999999,0.73125,0.6274509803921569,0.5,0.9625
8,0.6063032274395408,0.88671875,0.815625,0.7246376811594203,0.78125,0.85
9,0.4922335896807895,0.7890625,0.74375,0.634920634920635,0.625,0.8625
