,Matthews,AUC,Accuracy,F1,ActionAccuracy,ThingAccuracy
0,0.6316637098550069,0.892811296534018,0.8135430038510911,0.7466666666666667,0.7368421052631579,0.8902439024390244
1,0.3475785175976537,0.7365211810012836,0.6816431322207959,0.5714285714285715,0.631578947368421,0.7317073170731707
2,0.6098404489610952,0.8645699614890886,0.8003851091142491,0.7297297297297298,0.7105263157894737,0.8902439024390244
3,0.4185268055971683,0.7641206675224647,0.7211168164313222,0.6206896551724138,0.7105263157894737,0.7317073170731707
4,0.34322493619745503,0.7122610415293342,0.6740276862228082,0.5526315789473685,0.5675675675675675,0.7804878048780488
5,0.40173689013995284,0.7636783124588004,0.708470665787739,0.6,0.6486486486486487,0.7682926829268293
6,0.44525034827399806,0.793012524719842,0.739452867501648,0.6373626373626374,0.7837837837837838,0.6951219512195121
7,0.4833834406893987,0.7702702702702702,0.7214897824653923,0.6153846153846154,0.5405405405405406,0.9024390243902439
8,0.4880213554604468,0.7649967040210943,0.7289057350032959,0.626865671641791,0.5675675675675675,0.8902439024390244
9,0.44439289252998665,0.7860909690177983,0.7267633487145683,0.6233766233766234,0.6486486486486487,0.8048780487804879
