,Matthews,AUC,Accuracy,F1,ActionAccuracy,ThingAccuracy
0,0.35892950964345754,0.6981981981981983,0.6615990990990991,0.5499999999999999,0.4583333333333333,0.8648648648648649
1,0.3756417957287947,0.7342342342342343,0.6920045045045045,0.6415094339622641,0.7083333333333334,0.6756756756756757
2,0.545261403335953,0.8164414414414414,0.7584459459459459,0.6976744186046512,0.625,0.8918918918918919
3,0.38175675675675674,0.6993243243243243,0.6908783783783784,0.625,0.625,0.7567567567567568
4,0.28264135602585855,0.6013513513513513,0.6272522522522522,0.5,0.4166666666666667,0.8378378378378378
5,0.33517120022123903,0.6686251468860165,0.6333725029377204,0.4705882352941176,0.34782608695652173,0.918918918918919
6,0.49748531515612265,0.6921269095182139,0.6739130434782609,0.5161290322580645,0.34782608695652173,1.0
7,0.39792351744327714,0.7414806110458284,0.6809635722679201,0.6567164179104478,0.9565217391304348,0.40540540540540543
8,0.2690951821386604,0.6592244418331374,0.6345475910693302,0.6000000000000001,0.782608695652174,0.4864864864864865
9,0.33517120022123903,0.6768507638072855,0.6333725029377204,0.4705882352941176,0.34782608695652173,0.918918918918919
