,Matthews,AUC,Accuracy,F1,ActionAccuracy,ThingAccuracy
0,0.17027145781260644,0.5976430976430975,0.5820707070707071,0.56,0.7777777777777778,0.38636363636363635
1,0.5414245615832864,0.7840909090909091,0.7508417508417509,0.6808510638297872,0.5925925925925926,0.9090909090909091
2,0.5046253445741462,0.8569023569023568,0.7567340067340067,0.7017543859649122,0.7407407407407407,0.7727272727272727
3,0.24309509612884508,0.6531986531986531,0.6245791245791246,0.5757575757575758,0.7037037037037037,0.5454545454545454
4,0.2721765724306311,0.648989898989899,0.6401515151515151,0.5806451612903226,0.6666666666666666,0.6136363636363636
5,0.32862545319869024,0.7215909090909091,0.6512237762237763,0.5333333333333333,0.46153846153846156,0.8409090909090909
6,0.2808733880948142,0.6359265734265734,0.6162587412587412,0.45,0.34615384615384615,0.8863636363636364
7,0.434824587426979,0.6914335664335665,0.6695804195804196,0.5263157894736842,0.38461538461538464,0.9545454545454546
8,0.3920194945279366,0.7010489510489509,0.673951048951049,0.558139534883721,0.46153846153846156,0.8863636363636364
9,0.2918475194310404,0.6582167832167832,0.631993006993007,0.5,0.4230769230769231,0.8409090909090909
