,Matthews,AUC,Accuracy,F1,ActionAccuracy,ThingAccuracy
0,0.2953436182700633,0.6280776515151515,0.6354166666666666,0.5660377358490566,0.9375,0.3333333333333333
1,0.2446097219734246,0.5487689393939394,0.6051136363636364,0.5454545454545454,0.9375,0.2727272727272727
2,0.13552839816239234,0.5904356060606061,0.5710227272727273,0.4888888888888889,0.6875,0.45454545454545453
3,0.19372212644378498,0.5551609848484849,0.5677083333333334,0.5254237288135593,0.96875,0.16666666666666666
4,0.2220840795370942,0.5847537878787878,0.5828598484848485,0.5344827586206897,0.96875,0.19696969696969696
5,0.18587183600328328,0.5227272727272727,0.5885416666666666,0.5242718446601942,0.84375,0.3333333333333333
6,0.24870611681018756,0.6017992424242424,0.5980113636363636,0.543859649122807,0.96875,0.22727272727272727
7,0.24678593349068895,0.6291375291375292,0.6265734265734266,0.5142857142857143,0.5454545454545454,0.7076923076923077
8,0.28221934669288645,0.6331002331002331,0.6156177156177156,0.5663716814159293,0.9696969696969697,0.26153846153846155
9,0.20029161443856114,0.5482517482517482,0.5694638694638695,0.5378151260504201,0.9696969696969697,0.16923076923076924
