,Matthews,AUC,Accuracy,F1,ActionAccuracy,ThingAccuracy
0,0.308543220195049,0.688949938949939,0.6648351648351649,0.5333333333333333,0.6153846153846154,0.7142857142857143
1,0.2939924525222785,0.5396825396825398,0.6141636141636142,0.4102564102564103,0.3076923076923077,0.9206349206349206
2,0.31639554251257335,0.5943223443223443,0.6367521367521367,0.46511627906976744,0.38461538461538464,0.8888888888888888
3,0.29365079365079366,0.5842490842490843,0.6468253968253967,0.5,0.5,0.7936507936507936
4,0.34249350579584403,0.7203907203907205,0.6807081807081807,0.5517241379310345,0.6153846153846154,0.746031746031746
5,0.6367088381109369,0.8336385836385837,0.8064713064713065,0.7346938775510203,0.6923076923076923,0.9206349206349206
6,0.2673391793962415,0.6696535244922341,0.6412783751493428,0.5365853658536586,0.8148148148148148,0.46774193548387094
7,0.458753474398298,0.7544802867383511,0.7004181600955794,0.5777777777777777,0.48148148148148145,0.9193548387096774
8,0.45550646810835715,0.7562034739454094,0.7127791563275434,0.5957446808510638,0.5384615384615384,0.8870967741935484
9,0.2363415447282356,0.5732009925558312,0.597394540942928,0.3902439024390244,0.3076923076923077,0.8870967741935484
