,Matthews,AUC,Accuracy,F1,ActionAccuracy,ThingAccuracy
0,0.3881921409293923,0.7567049808429118,0.6992337164750958,0.6511627906976745,0.7777777777777778,0.6206896551724138
1,0.30810551128662517,0.6876267748478702,0.6582150101419878,0.6046511627906976,0.7647058823529411,0.5517241379310345
2,0.2497264143554035,0.6389452332657202,0.6135902636916836,0.5882352941176471,0.8823529411764706,0.3448275862068966
3,0.47237891881843563,0.7363083164300203,0.7251521298174441,0.6451612903225806,0.5882352941176471,0.8620689655172413
4,0.37211818082477244,0.6612576064908722,0.6298174442190669,0.4347826086956522,0.29411764705882354,0.9655172413793104
5,0.27846024303636535,0.539553752535497,0.5588235294117647,0.21052631578947367,0.11764705882352941,1.0
6,0.6701523143348712,0.8823529411764706,0.8306288032454361,0.787878787878788,0.7647058823529411,0.896551724137931
7,0.37449860230650756,0.7302231237322515,0.678498985801217,0.5806451612903226,0.5294117647058824,0.8275862068965517
8,0.3370315470274015,0.716024340770791,0.6703853955375254,0.6222222222222222,0.8235294117647058,0.5172413793103449
9,0.5893066665856982,0.8452380952380953,0.8015873015873016,0.761904761904762,0.8888888888888888,0.7142857142857143
