,Matthews,AUC,Accuracy,F1,ActionAccuracy,ThingAccuracy
0,0.3794607933425728,0.7313728922340861,0.6961316296166637,0.5806451612903226,0.6206896551724138,0.7715736040609137
1,0.3337180137945499,0.7264426162553242,0.6791819826127545,0.5645933014354066,0.6781609195402298,0.6802030456852792
2,0.34971507442722355,0.7073049769531479,0.6847832428963183,0.5685279187817259,0.6436781609195402,0.7258883248730964
3,0.4174230255074319,0.7455802555575004,0.7152400956881966,0.6054054054054054,0.6436781609195402,0.7868020304568528
4,0.42252269272575144,0.7006826535970594,0.6642744617538946,0.5076923076923077,0.3793103448275862,0.949238578680203
5,0.3574715315779051,0.6714802497228544,0.6716552891067157,0.539877300613497,0.5057471264367817,0.8375634517766497
6,0.43436282023608364,0.7059921815741875,0.6603944220783009,0.496,0.3563218390804598,0.9644670050761421
7,0.2593673577891081,0.6743392263259234,0.6404399323181049,0.5248868778280542,0.6666666666666666,0.6142131979695431
8,0.350779015322791,0.7097701149425287,0.6770173586676049,0.5536723163841807,0.5632183908045977,0.7908163265306123
9,0.350133391686282,0.7111775744780671,0.650129017124091,0.49295774647887325,0.40229885057471265,0.8979591836734694
