,Matthews,AUC,Accuracy,F1,ActionAccuracy,ThingAccuracy
0,0.4708709557974187,0.8076923076923077,0.7375565610859729,0.7843137254901961,0.7692307692307693,0.7058823529411765
1,0.14493102218213913,0.4819004524886878,0.5475113122171946,0.25806451612903225,0.15384615384615385,0.9411764705882353
2,0.36199095022624433,0.6832579185520362,0.6809954751131222,0.6511627906976744,0.5384615384615384,0.8235294117647058
3,0.39687694845782434,0.7171945701357466,0.7002262443438914,0.6818181818181818,0.5769230769230769,0.8235294117647058
4,0.35185603294574186,0.6628959276018099,0.6798642533936652,0.7083333333333333,0.6538461538461539,0.7058823529411765
5,0.29625226078259,0.667420814479638,0.6391402714932126,0.75,0.8076923076923077,0.47058823529411764
6,0.26754242162397546,0.5764705882352941,0.58,0.2758620689655173,0.16,1.0
7,0.39686831106550413,0.703529411764706,0.6658823529411765,0.793103448275862,0.92,0.4117647058823529
8,0.6971153846153846,0.84375,0.8485576923076923,0.8846153846153846,0.8846153846153846,0.8125
9,0.31137618438976383,0.6225961538461539,0.6586538461538461,0.7199999999999999,0.6923076923076923,0.625
