,Matthews,AUC,Accuracy,F1,ActionAccuracy,ThingAccuracy
0,0.3944227100287662,0.7565359477124183,0.7058823529411764,0.6037735849056604,0.6666666666666666,0.7450980392156863
1,0.5614778294297794,0.8039215686274509,0.8002450980392157,0.711864406779661,0.875,0.7254901960784313
2,0.4900980294098034,0.7361111111111112,0.7573529411764706,0.6666666666666665,0.75,0.7647058823529411
3,0.446890517301253,0.8096405228758169,0.7389705882352942,0.6440677966101694,0.7916666666666666,0.6862745098039216
4,0.4231688217557182,0.7749360613810742,0.7182438192668372,0.6122448979591837,0.6521739130434783,0.7843137254901961
5,0.3761056706177411,0.7928388746803068,0.6994884910485933,0.5970149253731344,0.8695652173913043,0.5294117647058824
6,0.4966866724024491,0.7561807331628303,0.6977834612105712,0.5714285714285714,0.43478260869565216,0.9607843137254902
7,0.41786527388250283,0.7809036658141518,0.7203751065643649,0.6153846153846154,0.6956521739130435,0.7450980392156863
8,0.5773502691896257,0.8525,0.8083333333333333,0.7213114754098361,0.9166666666666666,0.7
9,0.3405193031989435,0.7366666666666667,0.6683333333333333,0.5866666666666666,0.9166666666666666,0.42
