,Matthews,Accuracy,F1,ActionAccuracy,ThingAccuracy
0,0.5795455252808152,0.7787878787878788,0.721311475409836,0.6666666666666666,0.8909090909090909
1,0.397705839334203,0.7,0.6268656716417911,0.6363636363636364,0.7636363636363637
2,0.301227212573792,0.6545454545454545,0.5833333333333334,0.6363636363636364,0.6727272727272727
3,0.730401663496404,0.8575757575757575,0.8253968253968254,0.7878787878787878,0.9272727272727272
4,0.629940788348712,0.803030303030303,0.7540983606557378,0.696969696969697,0.9090909090909091
5,0.5772447236559973,0.7866477272727272,0.7301587301587302,0.71875,0.8545454545454545
6,0.5009867413292641,0.7568181818181818,0.6956521739130435,0.75,0.7636363636363637
7,0.40560965723371634,0.6667613636363636,0.5306122448979592,0.40625,0.9272727272727272
8,0.561521349020778,0.7840909090909092,0.7272727272727272,0.75,0.8181818181818182
9,0.32024493467004,0.6565340909090909,0.5573770491803278,0.53125,0.7818181818181819
