,Matthews,AUC,Accuracy,F1,ActionAccuracy,ThingAccuracy
0,0.41426139843256704,0.753707627118644,0.7153072033898304,0.6388888888888888,0.71875,0.711864406779661
1,0.5875297358783463,0.835010593220339,0.7915783898305084,0.7301587301587302,0.71875,0.864406779661017
2,0.4522216508727269,0.7600635593220338,0.7367584745762712,0.6666666666666667,0.8125,0.6610169491525424
3,0.3734110169491525,0.7259004237288136,0.6867055084745763,0.59375,0.59375,0.7796610169491526
4,0.5063160398440779,0.7846927966101694,0.7447033898305084,0.6666666666666666,0.625,0.864406779661017
5,0.3252118644067797,0.6853813559322034,0.6626059322033898,0.5625,0.5625,0.7627118644067796
6,0.6344761841460935,0.861228813559322,0.7799258474576272,0.7169811320754718,0.59375,0.9661016949152542
7,0.4595725150090289,0.7871767241379312,0.7262931034482758,0.6451612903225806,0.625,0.8275862068965517
8,0.32879322937787064,0.7419181034482759,0.6713362068965517,0.5945945945945946,0.6875,0.6551724137931034
9,0.4721697756975007,0.8033405172413793,0.7209051724137931,0.631578947368421,0.5625,0.8793103448275862
