,Matthews,AUC,Accuracy,F1,ActionAccuracy,ThingAccuracy
0,0.26055839933079716,0.6285903667697746,0.6182059213433495,0.4444444444444444,0.3870967741935484,0.8493150684931506
1,0.18810241428336477,0.604337899543379,0.5993150684931507,0.4477611940298507,0.5,0.6986301369863014
2,0.2945205479452055,0.6904109589041096,0.6472602739726028,0.5,0.5,0.7945205479452054
3,0.32223562440730774,0.6589041095890411,0.6728310502283105,0.5428571428571427,0.6333333333333333,0.7123287671232876
4,0.31308691518773607,0.6682648401826484,0.647716894977169,0.537037037037037,0.9666666666666667,0.3287671232876712
5,0.23727238384412724,0.6312785388127854,0.6287671232876713,0.49315068493150693,0.6,0.6575342465753424
6,0.3217199913260308,0.6894977168949772,0.6698630136986301,0.5373134328358209,0.6,0.7397260273972602
7,0.10938088616927852,0.5723744292237443,0.5593607305936072,0.4444444444444444,0.6666666666666666,0.4520547945205479
8,0.244271512317272,0.6530017921146953,0.6261200716845878,0.4848484848484849,0.5161290322580645,0.7361111111111112
9,0.16369361778015704,0.6090949820788532,0.5887096774193548,0.4772727272727273,0.6774193548387096,0.5
