,Matthews,AUC,Accuracy,F1,ActionAccuracy,ThingAccuracy
0,0.30499714066520933,0.5733333333333334,0.5666666666666667,0.23529411764705882,0.13333333333333333,1.0
1,0.1737020834449128,0.5290948275862069,0.5754310344827587,0.5490196078431373,0.875,0.27586206896551724
2,0.16413304107465318,0.6023706896551724,0.5808189655172413,0.45161290322580644,0.4375,0.7241379310344828
3,0.32112068965517243,0.6594827586206896,0.6605603448275862,0.5625,0.5625,0.7586206896551724
4,0.32258958354055234,0.7047413793103448,0.6681034482758621,0.6,0.75,0.5862068965517241
5,0.3710068676214514,0.6788793103448276,0.6756465517241379,0.625,0.9375,0.41379310344827586
6,0.10643874854241832,0.4850574712643678,0.535632183908046,0.5185185185185185,0.9333333333333333,0.13793103448275862
7,0.6396626900155828,0.8160919540229884,0.7827586206896552,0.7200000000000001,0.6,0.9655172413793104
8,0.31494252873563217,0.6402298850574714,0.6574712643678161,0.5909090909090909,0.8666666666666667,0.4482758620689655
9,0.296429051470636,0.6839080459770115,0.6310344827586207,0.48,0.4,0.8620689655172413
