,Matthews,AUC,Accuracy,F1,ActionAccuracy,ThingAccuracy
0,0.5358483872914978,0.7959882583170255,0.7707925636007829,0.6666666666666666,0.6785714285714286,0.863013698630137
1,0.46459144531594965,0.7972113502935421,0.7433953033268101,0.6229508196721312,0.6785714285714286,0.8082191780821918
2,0.29269188389414164,0.7181996086105674,0.6555772994129159,0.5079365079365079,0.5714285714285714,0.7397260273972602
3,0.4778289609280984,0.8356164383561644,0.7585616438356164,0.6363636363636364,0.75,0.7671232876712328
4,0.3292745383900196,0.7231800766283525,0.6815134099616857,0.5526315789473684,0.7241379310344828,0.6388888888888888
5,0.281579273329307,0.6862599206349206,0.6547619047619048,0.5142857142857143,0.6428571428571429,0.6666666666666666
6,0.51942107536958,0.8055555555555556,0.7222222222222222,0.6086956521739131,0.5,0.9444444444444444
7,0.4935355798494862,0.8239087301587301,0.7410714285714286,0.6296296296296297,0.6071428571428571,0.875
8,0.41492009722844253,0.7564484126984128,0.7172619047619048,0.5901639344262296,0.6428571428571429,0.7916666666666666
9,0.36748420762958356,0.730654761904762,0.6964285714285714,0.5625000000000001,0.6428571428571429,0.75
