,Matthews,AUC,Accuracy,F1,ActionAccuracy,ThingAccuracy
0,0.4578926994854204,0.832442933462846,0.7518212724623603,0.631578947368421,0.8275862068965517,0.676056338028169
1,0.4990198096171807,0.8618261291889266,0.7729480330257407,0.6575342465753425,0.8275862068965517,0.7183098591549296
2,0.3325222977790361,0.699125789218067,0.6813987372510928,0.5581395348837209,0.8275862068965517,0.5352112676056338
3,0.43037214303395127,0.7338095238095239,0.7309523809523809,0.6197183098591549,0.7333333333333333,0.7285714285714285
4,0.41049154187475195,0.7192857142857142,0.7071428571428571,0.5901639344262295,0.6,0.8142857142857143
5,0.5482433793798673,0.822857142857143,0.7952380952380953,0.6944444444444444,0.8333333333333334,0.7571428571428571
6,0.4803844614152614,0.776904761904762,0.75,0.6461538461538462,0.7,0.8
7,0.4451845366010415,0.7590476190476191,0.7404761904761905,0.6301369863013698,0.7666666666666667,0.7142857142857143
8,0.5107320197728605,0.8104761904761905,0.7785714285714286,0.6666666666666667,0.9,0.6571428571428571
9,0.5718862635895969,0.8304761904761904,0.7976190476190477,0.7076923076923077,0.7666666666666667,0.8285714285714286
