,Matthews,AUC,Accuracy,F1,ActionAccuracy,ThingAccuracy
0,0.6277648205743446,0.8916256157635467,0.8251231527093597,0.7419354838709677,0.7931034482758621,0.8571428571428571
1,0.5573869745474209,0.8522167487684729,0.8054187192118227,0.6933333333333332,0.896551724137931,0.7142857142857143
2,0.581415537901316,0.8413793103448277,0.7876847290640394,0.7017543859649122,0.6896551724137931,0.8857142857142857
3,0.3646984043128985,0.7605911330049262,0.6995073891625616,0.5783132530120482,0.8275862068965517,0.5714285714285714
4,0.734669110605266,0.9527093596059113,0.870935960591133,0.8135593220338982,0.8275862068965517,0.9142857142857143
5,0.6095117559260738,0.8571428571428571,0.8179802955665025,0.7301587301587301,0.7931034482758621,0.8428571428571429
6,0.4123779500857204,0.7381642512077294,0.7217391304347827,0.611111111111111,0.7333333333333333,0.7101449275362319
7,0.5981337435350722,0.877536231884058,0.8130434782608695,0.7272727272727272,0.8,0.8260869565217391
8,0.6194535784126004,0.8521739130434782,0.8340579710144927,0.7397260273972602,0.9,0.7681159420289855
9,0.590479889651876,0.8750624687656172,0.8233383308345827,0.7088607594936709,0.9655172413793104,0.6811594202898551
