,Matthews,AUC,Accuracy,F1,ActionAccuracy,ThingAccuracy
0,0.6966567474676193,0.9316239316239316,0.8728632478632479,0.7796610169491526,0.8846153846153846,0.8611111111111112
1,0.7151542390731777,0.9391025641025641,0.8798076923076923,0.7931034482758621,0.8846153846153846,0.875
2,0.6431758808251548,0.8568376068376068,0.829059829059829,0.7407407407407408,0.7692307692307693,0.8888888888888888
3,0.7158066205428117,0.9326923076923077,0.8621794871794872,0.7924528301886792,0.8076923076923077,0.9166666666666666
4,0.6846405184707295,0.9086538461538461,0.8605769230769231,0.7719298245614036,0.8461538461538461,0.875
5,0.7853030685597574,0.8990384615384616,0.858440170940171,0.8260869565217392,0.7307692307692307,0.9861111111111112
6,0.7798599560923318,0.9349999999999999,0.8791666666666667,0.8333333333333333,0.8,0.9583333333333334
7,0.6999513011254674,0.9272222222222222,0.8452777777777778,0.7755102040816326,0.76,0.9305555555555556
8,0.6377044796510398,0.8905555555555555,0.8052777777777778,0.7234042553191491,0.68,0.9305555555555556
9,0.7076811200773807,0.9066666666666666,0.8583333333333334,0.7843137254901961,0.8,0.9166666666666666
