,Matthews,AUC,Accuracy,F1,ActionAccuracy,ThingAccuracy
0,0.6663554435733875,0.9057750759878419,0.8591691995947315,0.7692307692307692,0.9523809523809523,0.7659574468085106
1,0.576888278022428,0.7983789260385006,0.7801418439716312,0.7,0.6666666666666666,0.8936170212765957
2,0.4270669405934787,0.8059777102330294,0.7208713272543059,0.6153846153846153,0.9523809523809523,0.48936170212765956
3,0.3967487995615749,0.7365754812563323,0.7031408308004052,0.5909090909090909,0.6190476190476191,0.7872340425531915
4,0.39012925172549784,0.795339412360689,0.7107396149949341,0.6037735849056604,0.7619047619047619,0.6595744680851063
5,0.37919609097435164,0.7154150197628458,0.6936758893280632,0.6060606060606061,0.9090909090909091,0.4782608695652174
6,0.3570311068600013,0.7682806324110673,0.6907114624505929,0.5964912280701754,0.7727272727272727,0.6086956521739131
7,0.30013285753210855,0.6754658385093169,0.6480331262939959,0.5588235294117647,0.9047619047619048,0.391304347826087
8,0.4927565131989936,0.8157349896480331,0.765527950310559,0.6666666666666665,0.8571428571428571,0.6739130434782609
9,0.4528176354810642,0.7950310559006211,0.7437888198757764,0.6428571428571428,0.8571428571428571,0.6304347826086957
