,Matthews,AUC,Accuracy,F1,ActionAccuracy,ThingAccuracy
0,0.3090172239108409,0.7152988855116514,0.6545086119554204,0.5588235294117647,0.9047619047619048,0.40425531914893614
1,0.4068187799952688,0.7720364741641338,0.7006079027355623,0.5853658536585366,0.5714285714285714,0.8297872340425532
2,0.4107155554888157,0.7426545086119554,0.7213779128672746,0.6153846153846153,0.7619047619047619,0.6808510638297872
3,0.5368719152068175,0.8125633232016211,0.7563323201621074,0.6666666666666666,0.6190476190476191,0.8936170212765957
4,0.6024454715522446,0.8748733535967579,0.8247213779128673,0.7307692307692307,0.9047619047619048,0.7446808510638298
5,0.4969602785369647,0.7964426877470356,0.7598814229249011,0.6666666666666667,0.9545454545454546,0.5652173913043478
6,0.38055014479119653,0.7623517786561265,0.7025691699604744,0.6101694915254238,0.8181818181818182,0.5869565217391305
7,0.5672377072181242,0.846790890269151,0.7660455486542443,0.6842105263157895,0.6190476190476191,0.9130434782608695
8,0.5133855994626078,0.8540372670807453,0.7763975155279503,0.6792452830188678,0.8571428571428571,0.6956521739130435
9,0.46037766847421757,0.7712215320910972,0.7458592132505176,0.6440677966101696,0.9047619047619048,0.5869565217391305
