,Matthews,Accuracy,F1,ActionAccuracy,ThingAccuracy
0,0.6172144943526459,0.7851772287862513,0.7058823529411765,0.631578947368421,0.9387755102040817
1,0.6657426652986062,0.763157894736842,0.6896551724137931,0.5263157894736842,1.0
2,0.6506683853846716,0.8194444444444444,0.7428571428571428,0.7222222222222222,0.9166666666666666
3,0.5312127152597306,0.7777777777777778,0.6666666666666666,0.7222222222222222,0.8333333333333334
4,0.7640997599943631,0.8506944444444444,0.8125000000000001,0.7222222222222222,0.9791666666666666
5,0.5272031123704807,0.7847222222222222,0.6666666666666666,0.7777777777777778,0.7916666666666666
6,0.5002975305232068,0.7013888888888888,0.5714285714285714,0.4444444444444444,0.9583333333333334
7,0.8044335210322532,0.8784722222222222,0.8484848484848485,0.7777777777777778,0.9791666666666666
8,0.6856034446626805,0.8298611111111112,0.7647058823529411,0.7222222222222222,0.9375
9,0.5416666666666666,0.7708333333333333,0.6666666666666666,0.6666666666666666,0.875
