,Matthews,AUC,Accuracy,F1,ActionAccuracy,ThingAccuracy
0,0.6047934774735435,0.8936170212765957,0.8255319148936171,0.7058823529411765,0.8,0.851063829787234
1,0.6335366365899486,0.9333333333333333,0.8602836879432625,0.7179487179487181,0.9333333333333333,0.7872340425531915
2,0.6043256921816405,0.9319148936170213,0.8375886524822695,0.7027027027027029,0.8666666666666667,0.8085106382978723
3,0.6225202080013373,0.8042553191489362,0.7560283687943262,0.6666666666666667,0.5333333333333333,0.9787234042553191
4,0.6423416693719285,0.9048913043478262,0.8600543478260869,0.7317073170731707,0.9375,0.782608695652174
5,0.7942855010839416,0.9728260869565217,0.9048913043478262,0.8484848484848485,0.875,0.9347826086956522
6,0.5758238605492012,0.907608695652174,0.8274456521739131,0.6818181818181818,0.9375,0.717391304347826
7,0.5390623271253618,0.8967391304347827,0.7975543478260869,0.6666666666666667,0.8125,0.782608695652174
8,0.5674175197243831,0.8817934782608696,0.7989130434782609,0.6857142857142857,0.75,0.8478260869565217
9,0.3275546591136212,0.7228260869565217,0.6725543478260869,0.5142857142857142,0.5625,0.782608695652174
