,Matthews,AUC,Accuracy,F1,ActionAccuracy,ThingAccuracy
0,0.08671099695241201,0.5563909774436091,0.5488721804511278,0.4,0.5714285714285714,0.5263157894736842
1,0.0,0.6616541353383458,0.5,0.0,0.0,1.0
2,0.21677749238103,0.5864661654135339,0.612781954887218,0.48,0.8571428571428571,0.3684210526315789
3,-0.11470786693528089,0.368421052631579,0.4342105263157895,0.28571428571428575,0.5,0.3684210526315789
4,0.02249606353329238,0.4736842105263158,0.513157894736842,0.3333333333333333,0.5,0.5263157894736842
5,0.36324157862838946,0.5877192982456141,0.5833333333333334,0.2857142857142857,0.16666666666666666,1.0
6,0.2099632596440622,0.6491228070175439,0.6228070175438596,0.4444444444444444,0.6666666666666666,0.5789473684210527
7,0.09649122807017543,0.5263157894736843,0.5482456140350878,0.39999999999999997,0.8333333333333334,0.2631578947368421
8,0.09649122807017543,0.5175438596491229,0.5482456140350878,0.39999999999999997,0.8333333333333334,0.2631578947368421
9,0.12075557676046031,0.5701754385964912,0.5701754385964912,0.4,0.6666666666666666,0.47368421052631576
