,Matthews,AUC,Accuracy,F1,ActionAccuracy,ThingAccuracy
0,0.13379797308309913,0.481203007518797,0.575187969924812,0.4210526315789474,0.5714285714285714,0.5789473684210527
1,-0.0067504419574645775,0.3684210526315789,0.49624060150375937,0.36363636363636365,0.5714285714285714,0.42105263157894735
2,-0.01848684666616339,0.4285714285714285,0.49248120300751874,0.18181818181818182,0.14285714285714285,0.8421052631578947
3,0.35243832868824726,0.7543859649122807,0.7061403508771931,0.5263157894736842,0.8333333333333334,0.5789473684210527
4,0.1847166127834302,0.6228070175438597,0.6008771929824561,0.4347826086956522,0.8333333333333334,0.3684210526315789
5,0.16497113257747745,0.6140350877192983,0.5964912280701754,0.42105263157894735,0.6666666666666666,0.5263157894736842
6,0.09649122807017543,0.48245614035087725,0.5482456140350878,0.39999999999999997,0.8333333333333334,0.2631578947368421
7,0.14184408272449836,0.5263157894736842,0.5745614035087719,0.4166666666666667,0.8333333333333334,0.3157894736842105
8,0.07647191129018725,0.6008771929824561,0.5438596491228069,0.3809523809523809,0.6666666666666666,0.42105263157894735
9,0.11470786693528089,0.5701754385964912,0.5657894736842105,0.37499999999999994,0.5,0.631578947368421
