,Matthews,Accuracy,F1,ActionAccuracy,ThingAccuracy
0,0.15537971921347116,0.5464285714285714,0.22222222222222224,0.14285714285714285,0.95
1,-0.1673320053068151,0.45,0.0,0.0,0.9
2,0.0,0.5,0.0,0.0,1.0
3,0.36324157862838946,0.5833333333333334,0.2857142857142857,0.16666666666666666,1.0
4,0.17951965741648493,0.5570175438596491,0.25,0.16666666666666666,0.9473684210526315
5,-0.16571045299983225,0.4473684210526316,0.0,0.0,0.8947368421052632
6,-0.11470786693528089,0.47368421052631576,0.0,0.0,0.9473684210526315
7,0.0,0.5,0.0,0.0,1.0
8,0.0,0.5,0.0,0.0,1.0
9,0.0,0.5,0.0,0.0,1.0
