,Matthews,AUC,Accuracy,F1,ActionAccuracy,ThingAccuracy
0,0.09851341054817479,0.5151515151515151,0.5499108734402852,0.48979591836734687,0.7058823529411765,0.3939393939393939
1,0.4090172651337302,0.625668449197861,0.7156862745098038,0.6341463414634146,0.7647058823529411,0.6666666666666666
2,0.0196078431372549,0.4349376114081997,0.5098039215686274,0.35294117647058826,0.35294117647058826,0.6666666666666666
3,0.1554941669103437,0.45989304812834225,0.5819964349376114,0.48780487804878053,0.5882352941176471,0.5757575757575758
4,0.2625752465908215,0.4955436720142602,0.6016042780748663,0.4,0.29411764705882354,0.9090909090909091
5,0.02256755695554319,0.39572192513368987,0.5106951871657754,0.3225806451612903,0.29411764705882354,0.7272727272727273
6,0.07109027887971865,0.5,0.5369318181818181,0.39999999999999997,0.4375,0.6363636363636364
7,0.0,0.5340909090909092,0.5,0.0,0.0,1.0
8,0.1407334436402497,0.5698529411764706,0.5735294117647058,0.5,0.6470588235294118,0.5
9,0.46266119596732086,0.8014705882352942,0.7417279411764706,0.6666666666666667,0.7647058823529411,0.71875
