,Matthews,Accuracy,F1,ActionAccuracy,ThingAccuracy
0,0.6105139414683932,0.7,0.5714285714285715,0.4,1.0
1,0.8837151016885368,0.9,0.888888888888889,0.8,1.0
2,1.0,1.0,1.0,1.0,1.0
3,1.0,1.0,1.0,1.0,1.0
4,0.7563683119061863,0.8,0.7499999999999999,0.6,1.0
5,1.0,1.0,1.0,1.0,1.0
6,1.0,1.0,1.0,1.0,1.0
7,0.8834522085987723,0.9,0.888888888888889,0.8,1.0
8,0.8834522085987723,0.9,0.888888888888889,0.8,1.0
9,1.0,1.0,1.0,1.0,1.0
