,Matthews,AUC,Accuracy,F1,ActionAccuracy,ThingAccuracy
0,0.33633749883548986,0.6923076923076923,0.6717948717948719,0.5714285714285713,0.6,0.7435897435897436
1,0.3580602787341305,0.6897435897435897,0.6608974358974359,0.5294117647058824,0.45,0.8717948717948718
2,0.3580602787341305,0.7294871794871794,0.6608974358974359,0.5294117647058824,0.45,0.8717948717948718
3,0.2503571831011286,0.6333333333333333,0.632051282051282,0.5490196078431372,0.7,0.5641025641025641
4,0.5087484679934523,0.81203007518797,0.762531328320802,0.6956521739130435,0.7619047619047619,0.7631578947368421
5,0.25527318522118714,0.6867167919799498,0.6309523809523809,0.5714285714285714,0.7619047619047619,0.5
6,0.32793040331699713,0.6591478696741855,0.6378446115288221,0.4848484848484849,0.38095238095238093,0.8947368421052632
7,0.33792266766718726,0.6894736842105263,0.6776315789473684,0.6,0.75,0.6052631578947368
8,0.3299670532745312,0.6881578947368422,0.6684210526315789,0.5714285714285713,0.6,0.7368421052631579
9,0.3153944898227081,0.7059210526315789,0.6657894736842105,0.5833333333333334,0.7,0.631578947368421
