,Matthews,AUC,Accuracy,F1,ActionAccuracy,ThingAccuracy
0,0.5,0.8203125,0.75,0.625,0.625,0.875
1,0.4166666666666667,0.7643229166666666,0.7083333333333333,0.5625,0.5625,0.8541666666666666
2,0.5,0.8072916666666666,0.75,0.625,0.625,0.875
3,0.308327406296755,0.75,0.6770833333333333,0.5,0.6666666666666666,0.6875
4,0.2314354623327033,0.6583333333333334,0.6354166666666666,0.4545454545454545,0.6666666666666666,0.6041666666666666
5,0.45168487994312,0.7916666666666666,0.7145833333333333,0.5714285714285715,0.5333333333333333,0.8958333333333334
6,0.4583815401645624,0.8583333333333334,0.76875,0.5833333333333333,0.9333333333333333,0.6041666666666666
7,0.308327406296755,0.7194444444444444,0.6770833333333333,0.5,0.6666666666666666,0.6875
8,0.37397086248574524,0.7579787234042553,0.7147606382978724,0.5531914893617021,0.8125,0.6170212765957447
9,0.3670411151700605,0.6329787234042553,0.6655585106382979,0.5,0.4375,0.8936170212765957
