,Matthews,AUC,Accuracy,F1,ActionAccuracy,ThingAccuracy
0,0.07345792415087984,0.5929705215419501,0.5487528344671202,0.26666666666666666,0.4444444444444444,0.6530612244897959
1,0.10670909490621275,0.5102040816326531,0.5691609977324263,0.2857142857142857,0.4444444444444444,0.6938775510204082
2,0.25535714285714284,0.7602040816326531,0.6823979591836735,0.35,0.875,0.4897959183673469
3,0.11796267885519388,0.6296296296296295,0.5798611111111112,0.30303030303030304,0.5555555555555556,0.6041666666666666
4,0.4722222222222222,0.6990740740740741,0.7361111111111112,0.5555555555555556,0.5555555555555556,0.9166666666666666
5,0.1990210416011332,0.6770833333333334,0.6354166666666666,0.3529411764705882,0.6666666666666666,0.6041666666666666
6,0.22335448724070958,0.6643518518518519,0.6423611111111112,0.3703703703703704,0.5555555555555556,0.7291666666666666
7,0.5197435898685872,0.8124999999999999,0.78125,0.6,0.6666666666666666,0.8958333333333334
8,0.3444373818510708,0.7592592592592592,0.7361111111111112,0.43243243243243246,0.8888888888888888,0.5833333333333334
9,0.43036596321990384,0.8425925925925926,0.7743055555555556,0.5185185185185185,0.7777777777777778,0.7708333333333334
