,Matthews,Accuracy,F1,ActionAccuracy,ThingAccuracy
0,0.3709920367238503,0.6781746031746032,0.5671641791044777,0.5277777777777778,0.8285714285714286
1,0.3272001036584515,0.6571428571428571,0.537313432835821,0.5,0.8142857142857143
2,0.41931196261405734,0.7123015873015872,0.6216216216216216,0.6388888888888888,0.7857142857142857
3,0.338449529754351,0.6575396825396825,0.53125,0.4722222222222222,0.8428571428571429
4,0.40342401230816205,0.6988095238095238,0.6,0.5833333333333334,0.8142857142857143
5,0.42455535887237694,0.6928571428571428,0.5806451612903226,0.5,0.8857142857142857
6,0.21320071635561041,0.6000000000000001,0.4444444444444445,0.4,0.8
7,0.26517545113233476,0.6271221532091097,0.4923076923076923,0.45714285714285713,0.7971014492753623
8,0.18947459227561994,0.584472049689441,0.4067796610169492,0.34285714285714286,0.8260869565217391
9,0.37848638113791067,0.6635610766045549,0.5263157894736843,0.42857142857142855,0.8985507246376812
