,Matthews,AUC,Accuracy,F1,ActionAccuracy,ThingAccuracy
0,0.30324706513584787,0.6850574712643678,0.6597701149425287,0.5789473684210527,0.7333333333333333,0.5862068965517241
1,0.3155499686833813,0.7218390804597701,0.6620689655172414,0.5625,0.6,0.7241379310344828
2,0.31494252873563217,0.6804597701149424,0.6574712643678161,0.5909090909090909,0.8666666666666667,0.4482758620689655
3,0.42084115731887084,0.7425287356321839,0.6977011494252874,0.5925925925925926,0.5333333333333333,0.8620689655172413
4,0.25555632026717495,0.632183908045977,0.6229885057471265,0.5652173913043478,0.8666666666666667,0.3793103448275862
5,0.36724877387597116,0.6206896551724138,0.625615763546798,0.4210526315789473,0.2857142857142857,0.9655172413793104
6,0.47044334975369456,0.7401477832512315,0.7352216748768473,0.6428571428571429,0.6428571428571429,0.8275862068965517
7,0.3768472906403941,0.7327586206896551,0.6884236453201971,0.6046511627906977,0.9285714285714286,0.4482758620689655
8,0.2685423097297186,0.6214285714285714,0.5976190476190476,0.3809523809523809,0.26666666666666666,0.9285714285714286
9,0.33133013366886194,0.6952380952380953,0.6726190476190477,0.5882352941176471,0.6666666666666666,0.6785714285714286
