,Matthews,AUC,Accuracy,F1,ActionAccuracy,ThingAccuracy
0,0.6573757351339165,0.916015625,0.84375,0.7777777777777777,0.875,0.8125
1,0.71875,0.9375,0.859375,0.8125,0.8125,0.90625
2,0.5185629788417315,0.78125,0.75,0.6666666666666666,0.625,0.875
3,0.2672612419124244,0.6796875,0.640625,0.5581395348837209,0.75,0.53125
4,0.5790141989929938,0.8595825426944971,0.7751423149905123,0.7096774193548386,0.6470588235294118,0.9032258064516129
5,0.5358988018102869,0.855787476280835,0.77988614800759,0.7142857142857143,0.8823529411764706,0.6774193548387096
6,0.43455069479005703,0.7001897533206831,0.6603415559772297,0.5,0.35294117647058826,0.967741935483871
7,0.5662888944297417,0.8671726755218216,0.7960151802656547,0.7317073170731708,0.8823529411764706,0.7096774193548387
8,0.41615085086634973,0.7874762808349146,0.7106261859582543,0.6285714285714287,0.6470588235294118,0.7741935483870968
9,0.45918372518568756,0.7116935483870968,0.716733870967742,0.6206896551724138,0.5625,0.8709677419354839
