,Matthews,AUC,Accuracy,F1,ActionAccuracy,ThingAccuracy
0,0.21716063896031038,0.5673076923076923,0.6033653846153846,0.4827586206896552,0.4375,0.7692307692307693
1,0.19611613513818404,0.6262019230769231,0.6009615384615384,0.5405405405405405,0.625,0.5769230769230769
2,0.06933752452815364,0.5288461538461539,0.5336538461538461,0.39999999999999997,0.375,0.6923076923076923
3,0.11057692307692307,0.4831730769230769,0.5552884615384616,0.5238095238095238,0.6875,0.4230769230769231
4,0.062017367294604234,0.49278846153846156,0.5288461538461539,0.5217391304347827,0.75,0.3076923076923077
5,0.11891287353862351,0.47115384615384615,0.5480769230769231,0.3333333333333333,0.25,0.8461538461538461
6,0.0,0.515625,0.5,0.0,0.0,1.0
7,0.23862350360052176,0.5576470588235294,0.5905882352941176,0.6153846153846154,0.9411764705882353,0.24
8,0.12602520756252086,0.5670588235294117,0.5635294117647058,0.5365853658536585,0.6470588235294118,0.48
9,0.03484365738222833,0.4825,0.51625,0.35714285714285715,0.3125,0.72
