,Matthews,Accuracy,F1,ActionAccuracy,ThingAccuracy
0,0.1005659937148103,0.5411764705882353,0.25,0.2,0.8823529411764706
1,0.0,0.5,0.0,0.0,1.0
2,0.4166305453899284,0.6705882352941177,0.5,0.4,0.9411764705882353
3,-0.11834526708278771,0.47058823529411764,0.0,0.0,0.9411764705882353
4,0.0,0.5,0.0,0.0,1.0
5,0.0,0.5,0.0,0.0,1.0
6,0.375,0.6875,0.5,0.5,0.875
7,0.0,0.5,0.0,0.0,1.0
8,0.25,0.59375,0.3333333333333333,0.25,0.9375
9,-0.11470786693528087,0.46875,0.0,0.0,0.9375
