,Matthews,Accuracy,F1,ActionAccuracy,ThingAccuracy
0,0.0,0.5,0.0,0.0,1.0
1,0.1312803924978023,0.5231617647058824,0.10909090909090909,0.058823529411764705,0.9875
2,0.0,0.5,0.0,0.0,1.0
3,0.0,0.5,0.0,0.0,1.0
4,0.08607533668498876,0.5169117647058823,0.10714285714285714,0.058823529411764705,0.975
5,0.0,0.5,0.0,0.0,1.0
6,0.1299038105676658,0.55625,0.37499999999999994,0.3,0.8125
7,0.0,0.5,0.0,0.0,1.0
8,-0.03361463227264072,0.49,0.12903225806451613,0.08,0.9
9,0.0,0.5,0.0,0.0,1.0
