,Matthews,Accuracy,F1,ActionAccuracy,ThingAccuracy
0,0.0,0.5,0.0,0.0,1.0
1,0.0,0.5,0.0,0.0,1.0
2,0.0,0.5,0.0,0.0,1.0
3,0.116105091003206,0.5269607843137255,0.14285714285714285,0.08333333333333333,0.9705882352941176
4,0.0,0.5,0.0,0.0,1.0
5,-0.08856148855400954,0.4852941176470588,0.0,0.0,0.9705882352941176
6,0.0,0.5,0.0,0.0,1.0
7,0.0,0.5,0.0,0.0,1.0
8,0.0,0.5,0.0,0.0,1.0
9,0.0,0.5,0.0,0.0,1.0
