,Matthews,Accuracy,F1
0,0.14775933371767697,0.5457599855684672,0.20125786163522014
1,0.07814059780140897,0.5244809909652591,0.15
2,0.0,0.5,0.0
3,0.14613631564897747,0.5557643450940304,0.24175824175824173
4,0.0,0.5,0.0
5,0.05613875379479374,0.5169720840035478,0.12738853503184713
6,0.10265440315146879,0.5328843523097969,0.1728395061728395
7,0.17156276303346135,0.5478194855759835,0.1986754966887417
8,0.18703118605726995,0.5592594819681003,0.23602484472049684
9,0.0,0.5,0.0
10,0.19438647899948,0.5958870131236752,0.3333333333333333
11,0.21695456107611424,0.5360262172847672,0.13846153846153844
12,0.0,0.5,0.0
13,0.18681420380398564,0.5210084033613446,0.08064516129032258
14,0.0839193658671373,0.5326964417251695,0.19459459459459458
15,0.0,0.5,0.0
16,0.04749928882089177,0.5130409945731423,0.10666666666666666
17,0.005176324633980663,0.5013304069391621,0.0684931506849315
18,0.045608006269720135,0.5142887208550683,0.125
19,0.0,0.5,0.0
20,0.0,0.5,0.0
21,0.12562434190155922,0.5443243487019137,0.20930232558139536
22,0.1360387896293376,0.5336961260353873,0.15277777777777776
23,0.0,0.5,0.0
24,0.16340300646031325,0.5396867154733092,0.16783216783216784
25,0.018341559676140443,0.5052614963695675,0.0915032679738562
26,0.0463964707287827,0.5033072262894425,0.01652892561983471
27,0.0,0.5,0.0
28,0.026724385370063997,0.5089219945581095,0.12048192771084337
29,-0.032289406764598155,0.4908675455871078,0.05263157894736842
