,Matthews,Accuracy,F1
0,0.23510570037147568,0.5723471913280491,0.267515923566879
1,0.21941461526183162,0.5624079701745042,0.23841059602649006
2,0.2729590037118988,0.5859832701525738,0.3018867924528302
3,0.35964745278449844,0.6379115887089194,0.4198895027624309
4,0.2953190218912537,0.5863670541057051,0.3006535947712418
5,0.17970955456271975,0.5392164541495661,0.16058394160583944
6,0.2749644661290585,0.5940740624706288,0.3233532934131736
7,0.3557198231747893,0.6498558852094364,0.4387755102040817
8,0.2995900649356385,0.5839781948056016,0.29333333333333333
9,0.15613324628965491,0.5474638929791034,0.20512820512820512
10,0.27093257855434805,0.6074830038535042,0.3548387096774193
11,0.08509913198885731,0.5185704439362135,0.10218978102189781
12,0.33310962643740744,0.6000031329302297,0.3354838709677419
13,0.3213911828858249,0.6439268147498356,0.42307692307692313
14,0.2306434509741747,0.5585544659920424,0.2222222222222222
15,0.23605532645092847,0.5699583320279458,0.2597402597402597
16,0.3129679958122055,0.5915285566590431,0.3137254901960785
17,0.227014765849651,0.5495394592562424,0.18978102189781018
18,0.0,0.5,0.0
19,0.25912014176566606,0.6109527240828346,0.3618090452261306
20,0.20707415228649437,0.5605595413390144,0.23529411764705882
21,0.0,0.5,0.0
22,0.20416276317860357,0.569190764121683,0.26506024096385544
23,0.0,0.5,0.0
24,0.3535286367401449,0.6231946489551677,0.39053254437869817
25,0.08316915543901239,0.5214997337009305,0.12413793103448277
26,0.2238025134278376,0.5704987624925593,0.2641509433962264
27,0.06799600935621737,0.5172624455653373,0.1111111111111111
28,0.36673522441838413,0.6445377361446161,0.4324324324324324
29,0.05173576415616555,0.5239042576521821,0.20465116279069764
