,Matthews,Accuracy,F1
0,0.2602442384863262,0.6123071509771016,0.4
1,0.0,0.5,0.0
2,0.13505169105393505,0.5458236344935853,0.23598820058997047
3,0.06251225681298009,0.5111243436366589,0.07434944237918215
4,0.13747826666464583,0.5544497374546635,0.2796833773087071
5,0.1721337297393722,0.5737373463974449,0.32923832923832924
6,0.15359639684244855,0.5526092134466518,0.25219941348973607
7,0.0,0.5,0.0
8,0.12307789035482004,0.5360255508038759,0.19169329073482427
9,0.18198321136233528,0.5634764250527797,0.2782608695652174
10,0.1911381490572967,0.5883830455259027,0.3665158371040725
11,0.15347989704657403,0.5737941861094571,0.34913793103448276
12,0.15974352269970443,0.5661343582525848,0.30964467005076135
13,0.0,0.5,0.0
14,0.04850205515320109,0.5152113895956261,0.154320987654321
15,0.13681453331563517,0.5633843988523791,0.32505643340857787
16,0.13102022089091692,0.5539408866995074,0.2857142857142857
17,0.16119716035554718,0.5581713852649813,0.27195467422096314
18,0.06779600213644957,0.5275131272668219,0.23255813953488375
19,0.11093378065225247,0.5443485086342229,0.2617801047120419
20,0.1404164556545334,0.5442916689222108,0.22153846153846152
21,0.0,0.5,0.0
22,0.01709823588663039,0.5083906241541709,0.25157232704402516
23,0.16312396067602367,0.5733313484545012,0.33644859813084116
24,0.0,0.5,0.0
25,0.11042608100583737,0.5391923347588372,0.22922636103151858
26,0.16478667018365584,0.5652655226546852,0.30079155672823216
27,0.09301454258225124,0.5301602338548151,0.19393939393939397
28,0.15367308388505058,0.5641449683321604,0.30730478589420657
29,0.12445244525390423,0.551236940399502,0.2806122448979592
