,Matthews,Accuracy,F1
0,0.3730263101137243,0.6492065733500433,0.4577464788732395
1,0.18643152725760237,0.5612412405344818,0.2591093117408907
2,0.1627633512589385,0.5579801599209221,0.26153846153846155
3,0.176428396018163,0.5541851270012179,0.2352941176470588
4,0.20039373243789002,0.5495913720367853,0.20276497695852533
5,0.15287365885173515,0.570163980724763,0.32
6,0.1933850166441306,0.5733235662718655,0.3014705882352941
7,0.23791695885624778,0.5880006354473726,0.3295880149812734
8,0.3713579398117552,0.6441141687112775,0.4476534296028881
9,0.14943270313206095,0.5462640989885796,0.21757322175732216
10,0.15227646885090088,0.5640389741055195,0.2962962962962963
11,0.22274509620115482,0.5793470778246519,0.3076923076923077
12,0.07885123006317613,0.532054789684571,0.22916666666666666
13,0.2314940352562825,0.5668984872822269,0.2597402597402597
14,0.12786238810749898,0.5529892503486135,0.27303754266211605
15,0.2581863906812271,0.6219176389599845,0.41071428571428575
16,0.2510362291217869,0.604809101018481,0.3728813559322034
17,0.31303856026304105,0.6262422113568566,0.4125874125874126
18,0.33570325755280456,0.607169964520855,0.36213991769547327
19,0.24859583856396067,0.5981854447249042,0.35587188612099646
20,0.0,0.5,0.0
21,0.23530744269626092,0.5751195876652605,0.2880658436213992
22,0.21963869162589097,0.5913632111273895,0.346938775510204
23,0.2543875967857513,0.5669646797168729,0.2522522522522523
24,0.21973401442459806,0.5773833689301537,0.3023255813953488
25,0.21417364052214258,0.5668322948475809,0.26666666666666666
26,0.09246748633325985,0.5192046317052936,0.10679611650485436
27,0.2944474984991535,0.5999814661182992,0.34920634920634924
28,0.206945194274551,0.5640698639083543,0.2594142259414226
29,0.3185978031765613,0.6344633117398901,0.42953020134228187
