,Matthews,Accuracy,F1
0,0.01755644774036525,0.507530454042082,0.3229813664596274
1,0.036964721535151186,0.5183831672203766,0.45853658536585373
2,0.05598159130334826,0.5279069767441861,0.4734299516908213
3,0.0063733287417406725,0.5029900332225914,0.37777777777777777
4,-0.059223750601930074,0.4723145071982281,0.335195530726257
5,-0.010033669282927878,0.4950166112956811,0.5
6,0.012124463561188029,0.5060908084163898,0.4867256637168142
7,-0.04375218935919107,0.47807308970099666,0.4675324675324675
8,0.016564396046320026,0.5080841638981174,0.528
9,0.01696925790501755,0.5084163898117386,0.5145228215767634
10,-0.017862376742123737,0.491140642303433,0.4979253112033195
11,-0.061491953932739,0.4695459579180509,0.396039603960396
12,0.009737030022103806,0.5048726467331118,0.49785407725321884
13,-0.04237352704937131,0.479734219269103,0.3655913978494624
14,-0.046654080850882004,0.4779623477297896,0.35164835164835173
15,0.059307364680086815,0.5296788482834994,0.48341232227488146
16,-0.16931757032741201,0.41550387596899224,0.4152542372881356
17,-0.021610703212256888,0.48914728682170544,0.45161290322580644
18,0.010868521945856299,0.5053156146179402,0.4205128205128205
19,0.00827346289276852,0.5040974529346622,0.43564356435643564
20,0.024017945062344295,0.5120708748615725,0.4818181818181818
21,-0.047984221117155654,0.4760797342192691,0.41545893719806765
22,-0.07770156078973225,0.46367663344407534,0.3240223463687151
23,0.041609781059278594,0.5193798449612403,0.39325842696629215
24,0.07321177006601312,0.5367663344407531,0.5198237885462555
25,-0.11683661091795522,0.44285714285714284,0.46586345381526106
26,0.021610703212256888,0.5108527131782945,0.4933920704845815
27,-0.056011414448094377,0.47187153931339976,0.43317972350230416
28,-0.10964584072959682,0.4454042081949059,0.3786407766990291
29,-0.10436177683795489,0.44994462901439647,0.3315508021390375
