,Matthews,Accuracy,F1
0,0.0,0.5,0.0
1,0.07689870862460942,0.5314833754141498,0.27344992050874406
2,0.0,0.5,0.0
3,0.06692711215485474,0.5326765529951953,0.33635187580853815
4,0.12526069930058256,0.554374806907646,0.33033033033033027
5,0.06865582325475915,0.5289638531113171,0.2782071097372489
6,0.08272593890876326,0.5350096413009897,0.2896764252696456
7,0.19908485898663242,0.6005651613453077,0.4444444444444444
8,0.13739869655832948,0.5619786506439963,0.35395683453237414
9,0.09980934789897487,0.546973377225223,0.34379263301500684
10,0.11680530214770157,0.5487231934545687,0.309375
11,0.05541380107730585,0.528628271916648,0.35705950991831975
12,0.14483157453476134,0.5693614369267155,0.3834886817576565
13,0.12385102474417609,0.5538394750018643,0.3298350824587706
14,0.0,0.5,0.0
15,0.17290755342578018,0.5683413766286342,0.33114754098360655
16,0.06591013755735851,0.5278931892997539,0.27734976887519264
17,0.20378881255752823,0.6066881864766105,0.46380090497737547
18,0.08130409869272068,0.532570019282602,0.2690437601296597
19,0.0908877922888069,0.5440756602426838,0.3503267973856209
20,0.1318760223084972,0.5575708182854464,0.3373134328358209
21,0.17305006970564046,0.5834052435893339,0.40633245382585753
22,0.10494797501962963,0.5385066104168664,0.2569444444444445
23,0.0686977855383135,0.5332278649578659,0.3333333333333333
24,0.0,0.5,0.0
25,0.1418668607490487,0.5613181416259175,0.34087481146304677
26,0.0800830214586657,0.5402644166746566,0.35960591133004927
27,0.04288721987611065,0.515221004186775,0.2024866785079929
28,0.21609663720241512,0.5965062268955011,0.40756914119359533
29,0.07636861159502678,0.5180414842276839,0.1282051282051282
