,Matthews,Accuracy,F1
0,0.28968389037794456,0.6430005737234652,0.5386996904024768
1,0.2247553895026993,0.6013236619949185,0.44839857651245546
2,0.2115662644006805,0.6002991558069011,0.46511627906976744
3,0.17779084788288405,0.5835382345709368,0.4377104377104377
4,0.10568725462204094,0.5477829686091304,0.3687943262411348
5,0.15323877602350214,0.5747889517252684,0.4430379746835443
6,0.013722970433904861,0.5062904679944267,0.313588850174216
7,0.2338169876709776,0.6101139250881076,0.47651006711409394
8,0.08628157406106671,0.5448938611589214,0.4627249357326478
9,0.19869931399216725,0.5879641013031719,0.42181818181818187
10,0.2320962702275337,0.6088025571674454,0.47297297297297297
11,0.278089830009603,0.6306655192197361,0.505050505050505
12,0.2025053322789939,0.601118760757315,0.4894259818731118
13,0.22476510819027581,0.570875338087042,0.3004694835680751
14,0.20934474660763394,0.5926768297680518,0.4290909090909091
15,0.28103034240377806,0.6288214080813048,0.49477351916376305
16,0.18149610837131555,0.5903819359068929,0.47416413373860183
17,0.2674967038001355,0.6095402016228177,0.43307086614173235
18,0.24660379524364337,0.6183714449635276,0.495114006514658
19,0.2407531648114418,0.5729653307105975,0.2966507177033493
20,0.13423201712659297,0.5639086960085239,0.4158415841584158
21,0.23255391341413456,0.6156462585034014,0.5060975609756098
22,0.1894107040406524,0.5947053520203263,0.4819277108433735
23,0.17189777089715688,0.5746045406114253,0.39405204460966536
24,0.27696865905485174,0.6315875747889517,0.509933774834437
25,0.20008382221959553,0.5933530038521433,0.44897959183673464
26,0.2335612725189446,0.620399967215802,0.532967032967033
27,0.17440107883868772,0.5884353741496599,0.48255813953488375
28,0.12681455088269736,0.5581304811081058,0.39024390243902435
29,0.25064606767184633,0.6200721252356364,0.4967320261437908
