,Matthews,Accuracy,F1
0,0.25984737668125113,0.6062951496388028,0.38153846153846155
1,0.0,0.5,0.0
2,0.3903731290243417,0.6629256965944272,0.48942598187311176
3,0.16624743152483337,0.5229618163054696,0.09259259259259259
4,0.2960866990231123,0.6017801857585139,0.35789473684210527
5,0.3227660169022433,0.635577915376677,0.43843843843843844
6,0.0,0.5,0.0
7,0.3367373767784771,0.6569917440660475,0.478494623655914
8,0.39977185700197426,0.6851135190918473,0.5257452574525745
9,0.3783125136346364,0.6240970072239422,0.40433212996389895
10,0.370404588995689,0.6488648090815273,0.4625
11,0.18501512616458446,0.5447626418988648,0.19008264462809918
12,0.432518831161204,0.6969814241486068,0.5469613259668508
13,0.28265664935792095,0.586687306501548,0.31460674157303364
14,0.23586408826243163,0.5661764705882353,0.2578125
15,0.3810193520015029,0.6815015479876161,0.518324607329843
16,0.3270076477253151,0.6547987616099071,0.47493403693931396
17,0.3132527305299691,0.6133900928792569,0.3864406779661017
18,0.2834985335393747,0.6159700722394221,0.39999999999999997
19,0.29347249485108684,0.6208720330237358,0.40978593272171254
20,0.37661715139057117,0.6529927760577916,0.47058823529411764
21,0.2761501578590196,0.6351909184726523,0.4444444444444445
22,0.20176184045257547,0.5590815273477812,0.24521072796934867
23,0.27888803372458487,0.6056501547987616,0.37377049180327865
24,0.27359422722270776,0.6031991744066048,0.368421052631579
25,0.27669816564252797,0.6074561403508772,0.37942122186495175
26,0.3610709443633688,0.6709236326109391,0.5013192612137203
27,0.25536941652780076,0.5474716202270382,0.17699115044247787
28,0.26161256831468155,0.5759803921568627,0.2846153846153846
29,0.28214404682341737,0.6064241486068112,0.37499999999999994
