,Matthews,Accuracy,F1
0,0.34561120068062606,0.6381585240643075,0.44751381215469616
1,0.25857417040822145,0.6149615136886275,0.41396508728179554
2,0.21366215256553128,0.567757590444426,0.27831715210355984
3,0.2978489633198269,0.6186794125337194,0.4099722991689751
4,0.3172075356406386,0.6477274901313063,0.4728132387706856
5,0.266494731418972,0.5655319528853574,0.24548736462093862
6,0.3716042564292337,0.6420390411264659,0.45272206303724927
7,0.3481775506879236,0.6702580846762622,0.5099778270509977
8,0.2454786973530985,0.6190843637801402,0.4304932735426009
9,0.3780643729390445,0.6594519447225605,0.48947368421052634
10,0.2747900325375005,0.5976347020898035,0.3564954682779456
11,0.19472915895295892,0.5755122473837598,0.32294617563739375
12,0.35606985374456085,0.6664636596113743,0.5035294117647059
13,0.33141463315757913,0.624788755747438,0.4173913043478261
14,0.3136358326171607,0.6449215287387842,0.4677804295942721
15,0.2708671085779698,0.6220593205747119,0.4275184275184275
16,0.394342607018328,0.6555746162528937,0.48044692737430167
17,0.34539366296380836,0.6559827560918059,0.4852941176470588
18,0.3150050129896644,0.6469845480807862,0.4716981132075472
19,0.28450439854998183,0.612241644293376,0.3966480446927374
20,0.23550282514031523,0.5968056680420128,0.3719676549865229
21,0.4610512249259385,0.705919303101225,0.5707196029776674
22,0.3920379523886323,0.6597006549368978,0.4891304347826087
23,0.4492775920240279,0.6925495347843555,0.5492227979274611
24,0.1697663485066424,0.5674227882328183,0.3111111111111111
25,0.26179861126200515,0.5946629338877233,0.3522388059701492
26,0.2975221204109119,0.6145533738497153,0.3988603988603988
27,0.316910719913415,0.6051470259997832,0.3659305993690852
28,0.22195626641730906,0.561651435823199,0.2482758620689655
29,0.14537600115674337,0.5573532131446537,0.29050279329608936
