,Matthews,Accuracy,F1
0,0.19614496712518084,0.5667972087040822,0.2982107355864811
1,0.08567624374156424,0.5333906054526897,0.2640144665461121
2,0.37496327306106425,0.6755998374623652,0.5419161676646707
3,0.2534079528836452,0.6173070585487437,0.4498480243161094
4,0.17552300605544685,0.5684065872535939,0.3291139240506329
5,0.21476709246730388,0.6158688564453532,0.4905660377358491
6,0.2612530456853171,0.622485545988872,0.4603886397608371
7,0.41135362986886814,0.6987422530659781,0.5787965616045845
8,0.12145148787307687,0.5586783258623613,0.37249283667621774
9,0.12121746106313006,0.541682264520402,0.24901185770750986
10,0.2767568827534139,0.6317290740794067,0.47730600292825764
11,0.2575103924488687,0.6160864265077125,0.44270015698587134
12,0.3230437618569417,0.6345206899530624,0.4607508532423208
13,0.3390572006441515,0.6169599063168908,0.4023668639053255
14,0.3311241426864259,0.6368819650416102,0.4639175257731959
15,0.0,0.5,0.0
16,0.21430707021611253,0.6048831680760727,0.4438202247191011
17,0.22858660003725598,0.5978409370870568,0.40199335548172754
18,0.24892292285749362,0.5833661288206743,0.3293172690763052
19,0.28514829005090436,0.6208361729426031,0.43959731543624164
20,0.35720034013213026,0.5946093817490713,0.32286995515695066
21,0.3804448578352218,0.6489299072447632,0.47927927927927927
22,0.1123963949599766,0.5394953654377158,0.24951267056530213
23,0.1335177594827395,0.5659093308760714,0.39058171745152354
24,0.2623507943160099,0.6280527799374807,0.4767277856135402
25,0.15317993756796042,0.5626105847835338,0.3298611111111111
26,0.07886379356330339,0.534865602493097,0.3049759229534511
27,0.27572526362338967,0.6309643793014081,0.47577092511013214
28,0.23771058794558553,0.5887589867634214,0.3588785046728972
29,0.22240454585931538,0.5742297859814489,0.3098591549295775
