,Matthews,Accuracy,F1
0,-0.09867688620443042,0.4514260249554367,0.4845814977973568
1,0.024535753557255943,0.5122103386809269,0.47715736040609136
2,0.009084838366298257,0.5045454545454545,0.49275362318840576
3,0.008375284409555272,0.5041889483065953,0.4878048780487805
4,0.02726422371621184,0.5136363636363637,0.4975609756097561
5,-0.055941572216094554,0.4720142602495544,0.4666666666666667
6,0.030136866587010355,0.5150623885918003,0.5164319248826291
7,0.0027158776019568006,0.5013368983957219,0.4444444444444445
8,-0.041510402164028355,0.47932263814616755,0.4444444444444445
9,-0.01959736606296306,0.4901960784313726,0.47572815533980584
10,0.005031611045787095,0.5024955436720142,0.5225225225225224
11,0.06919465303394651,0.5338680926916222,0.4731182795698925
12,0.021262195429734003,0.5104278074866311,0.44919786096256686
13,-0.009084838366298257,0.4954545454545455,0.48803827751196177
14,0.0,0.5,0.0
15,0.05459413412189519,0.5272727272727273,0.504950495049505
16,-0.02330622790909967,0.48841354723707664,0.4489795918367347
17,-0.02486631801575529,0.48770053475935826,0.43749999999999994
18,0.06965147107668902,0.5342245989304812,0.4787234042553191
19,0.05887602699420069,0.5294117647058824,0.5327102803738317
20,0.026482069732282808,0.51301247771836,0.543859649122807
21,-0.12384729073704072,0.43805704099821746,0.4195121951219512
22,-0.09543361052496463,0.4533868092691622,0.3783783783783784
23,0.013431981874410187,0.5066844919786097,0.5205479452054794
24,0.005551885841422877,0.5027629233511587,0.467005076142132
25,-0.0637301534641731,0.46818181818181814,0.47441860465116276
26,-0.04052538103274088,0.48012477718360075,0.5152838427947599
27,0.04415661090435347,0.5220142602495543,0.4924623115577889
28,0.08393104163618155,0.5419786096256685,0.5268292682926828
29,0.011971346591305927,0.5058823529411764,0.44680851063829785
