,Matthews,Accuracy,F1
0,0.17143132390975915,0.5834209203491295,0.45484949832775917
1,0.13826338594259627,0.570854087647946,0.471976401179941
2,0.08566025145375943,0.5345016679614312,0.3025210084033613
3,0.08587963788411107,0.5400082255632226,0.37275985663082434
4,0.07252175498687664,0.5240483480327194,0.22115384615384615
5,0.0759703243108435,0.5308915596581821,0.29999999999999993
6,-0.06886793650083677,0.47885344788191747,0.10999999999999999
7,0.20119458733406811,0.5833066764154824,0.39344262295081966
8,0.09706310586829875,0.5435954850797423,0.36090225563909767
9,0.12359860631089994,0.5430356898048714,0.2710280373831776
10,0.15100606346036302,0.5734816981218298,0.44147157190635455
11,0.09361374473656305,0.5454690855915552,0.40268456375838924
12,0.12302796654965435,0.5585500159941508,0.40972222222222227
13,0.1117034925730303,0.5540488050084541,0.4121621621621622
14,0.1350141711655281,0.5543801124160307,0.33613445378151263
15,0.18370612505419434,0.5819928711785405,0.41666666666666663
16,-0.014149860048183353,0.4938765251565142,0.2666666666666666
17,0.06434257974809465,0.5319426038477357,0.39871382636655944
18,0.045166694934979365,0.5187017319380341,0.28688524590163933
19,0.136882729941659,0.5625828268518942,0.39705882352941174
20,0.08998430308627599,0.5418132797148472,0.37410071942446044
21,0.12662042974051596,0.5348558241557373,0.19895287958115185
22,0.19745537149094874,0.5851345793538363,0.4094488188976378
23,0.0829379160959936,0.5313142622126765,0.2743362831858407
24,0.012926800223655534,0.5051295526207559,0.2468085106382979
25,0.043267948915993504,0.5187245807247636,0.3058823529411765
26,0.17332812068877942,0.5838664716903532,0.4527027027027027
27,0.15682351196784122,0.5757323036146781,0.4406779661016949
28,0.07565233286112508,0.5378261664305626,0.41139240506329117
29,0.13025685669590092,0.5585043184206918,0.38345864661654133
