,Matthews,Accuracy,F1
0,0.34538667420089725,0.6584825234441603,0.5502645502645502
1,0.08042283808898164,0.5381533215292806,0.3979848866498741
2,0.31129364919847785,0.6498590071480097,0.5552825552825553
3,0.2473392509313447,0.6248344153714998,0.5494505494505494
4,0.29827078665356394,0.6498262181126632,0.5758928571428572
5,0.2949396275482567,0.6511377795265263,0.600790513833992
6,0.31565706522324644,0.6539248475309856,0.565947242206235
7,0.22541888923445091,0.608216932257853,0.4987654320987654
8,0.2607566905515926,0.6331431569283232,0.5708333333333334
9,0.0856423638597928,0.5433536625352482,0.45652173913043476
10,0.20512543850746087,0.5911404026493541,0.440771349862259
11,0.09657637126574416,0.5469211095809561,0.4251207729468599
12,0.3375084785517576,0.6700111482720179,0.6017699115044248
13,0.30003393664118116,0.6531510262968063,0.592901878914405
14,0.27697567209172425,0.641025641025641,0.576271186440678
15,0.14383138071692586,0.5713489409141583,0.47113163972286376
16,0.21581433689804028,0.6058495639058299,0.5071090047393365
17,0.29155537266404846,0.6484490786281067,0.5847457627118643
18,0.11892542271170053,0.5514066496163683,0.3693181818181819
19,0.26384678145274293,0.6351236146632566,0.5789473684210527
20,0.330014782748772,0.6605351170568562,0.5734939759036145
21,0.10372737365789896,0.550986949963932,0.4386792452830188
22,0.3147492597896961,0.6590530526591908,0.5908096280087528
23,0.30016347125787046,0.644698012984458,0.5490196078431373
24,0.112214644616259,0.5541674863925503,0.430317848410758
25,0.2990571892514775,0.6496491573217915,0.5733634311512417
26,0.2681831507454214,0.6228146107941505,0.4986737400530504
27,0.14148280355524354,0.5695455439700964,0.4622641509433962
28,0.26449128415768275,0.6305593809430127,0.5420560747663551
29,0.23410790943779505,0.6063413994360286,0.4718498659517426
