,Matthews,Accuracy,F1
0,0.09098306969174783,0.5433169431161088,0.3494897959183673
1,0.2294216020177211,0.6162013045479101,0.474108170310702
2,0.06890228048411991,0.5318721362972448,0.32095490716180375
3,0.18044605747652892,0.585048220252506,0.4087968952134541
4,0.1933900441079066,0.5949661357770264,0.43552311435523117
5,0.21940386627172956,0.5829385842053663,0.35218093699515357
6,0.2097081116391178,0.5897389403549491,0.391304347826087
7,0.0,0.5,0.0
8,0.11223163873917762,0.5545241501430601,0.37376237623762376
9,0.11709172912875358,0.5522581984433462,0.3407202216066482
10,0.18203288259650643,0.5604053702555073,0.28169014084507044
11,0.17785550052790466,0.5864738190039817,0.42027194066749074
12,0.25053189846996926,0.6259829128233858,0.48541423570595105
13,0.10998599943897576,0.5443973969067009,0.29709035222052066
14,0.2361310411555594,0.5842278757077972,0.3434343434343434
15,0.19327338734842453,0.5788243562296165,0.3611532625189681
16,0.24955404308729334,0.6132137997959143,0.4429347826086957
17,0.24755787944443267,0.5966781048040177,0.384251968503937
18,0.2139928382060226,0.5991904099721883,0.42592592592592593
19,0.19697197030848826,0.5931841373376818,0.42213642213642216
20,0.18041565925674483,0.5790156865883671,0.3790664780763791
21,0.26057614185948724,0.6270896276436103,0.4797047970479704
22,0.1892114031143548,0.5900028011764942,0.41890166028097064
23,0.23180765393350555,0.597162058064387,0.3994082840236687
24,0.0812646368753103,0.5366991636487325,0.319672131147541
25,0.2380322888352819,0.589008633626123,0.3615635179153095
26,0.1468792183706724,0.5573603413433642,0.31181102362204727
27,0.1707890131188914,0.5793258168430742,0.39577836411609496
28,0.15278597744913863,0.5783641629484384,0.42825112107623314
29,0.08628922848433135,0.5390576542147703,0.32425068119891015
