,Matthews,Accuracy,F1
0,0.7600163225310913,0.8955058328552304,0.8373786407766991
1,0.5607245919105414,0.7854433607445657,0.7024265644955301
2,0.6692227569782494,0.8398323452540319,0.7753530166880616
3,0.7325059600739231,0.8742366290559062,0.8187579214195184
4,0.6816904528045733,0.8439312806782686,0.7828348504551366
5,0.32587961530636195,0.6326703639956652,0.45733788395904434
6,0.7660908012379387,0.8979154714094473,0.8414634146341464
7,0.7872368135170635,0.9104226429527634,0.8550724637681159
8,0.7658822807982519,0.8939599668515331,0.8414481897627965
9,0.6038171181290465,0.7813157391470644,0.7079646017699115
10,0.4113242438372306,0.6883183527761841,0.5641025641025642
11,0.6735341663984792,0.8393606170714605,0.7770534550195567
12,0.715491360553755,0.8582584305475871,0.8047493403693932
13,0.6141794706365549,0.7983680754765092,0.7277777777777779
14,0.7809165439830955,0.9056161152546695,0.851219512195122
15,0.6831767075350019,0.8500478102887741,0.7858942065491185
16,0.749121658156122,0.8787021100274113,0.8290155440414508
17,0.7215245826062207,0.8637852999298783,0.8098958333333335
18,0.60277323583916,0.7835946962452986,0.710334788937409
19,0.6746769493762661,0.8392426850258176,0.7774869109947643
20,0.6387741752068731,0.796599094791866,0.7318518518518518
21,0.47493398786960567,0.7074775291642761,0.5923566878980892
22,0.6506246923082866,0.8089755848791993,0.7471264367816092
23,0.8035195250693753,0.9245936125454197,0.8631090487238978
24,0.649517083042912,0.814974182444062,0.7520891364902507
25,0.7300262336349881,0.8753107668770319,0.8175
26,0.7160074541932999,0.8674921909861668,0.808030112923463
27,0.484877606361074,0.7514853063045834,0.6560587515299877
28,0.7470503456557169,0.8827755466309684,0.8287153652392947
29,0.4224063601165549,0.6411550965767833,0.44881889763779526
