,Matthews,Accuracy,F1
0,0.0,0.5,0.0
1,0.12068659893169871,0.5444931886400369,0.27586206896551724
2,0.3398149524380165,0.6310667282382821,0.4476190476190476
3,0.2846269855920334,0.6245670745786193,0.45762711864406785
4,0.18820262937854743,0.5684137612560609,0.31840796019900497
5,0.3072697463905023,0.5962826137150773,0.34782608695652173
6,0.37667056386270537,0.6679750634957284,0.5311203319502075
7,0.30820813247319795,0.6209882244285385,0.431924882629108
8,0.30950861304453436,0.6228700069268067,0.4372093023255814
9,0.3834069068972179,0.6578388362964673,0.5045045045045045
10,0.16400369429692913,0.5820018471484645,0.4295774647887324
11,0.28494272909802504,0.6184368506118679,0.4375
12,0.2728356730285822,0.6194066035557608,0.4491525423728814
13,0.1659282787379955,0.5576079427383976,0.28717948717948716
14,0.23877310429168178,0.5874163010851997,0.3564356435643564
15,0.3509487908452604,0.6793812052643731,0.5656565656565656
16,0.2573046832569755,0.6341491572385131,0.5128205128205128
17,0.3471659905894868,0.6501269914569383,0.4978540772532189
18,0.2938464448063249,0.6238397598706996,0.44933920704845814
19,0.2921777881762079,0.6408335257446317,0.50187265917603
20,0.257201549514645,0.5770376356499654,0.3
21,0.1849599235068381,0.5686561994920342,0.32352941176470584
22,0.35391329279888634,0.6616601246825213,0.5241935483870968
23,0.2653177770369881,0.6097552528284461,0.4215246636771301
24,0.38903763632058525,0.6851535442161163,0.564885496183206
25,0.3553748609727409,0.65552990071577,0.5084745762711864
26,0.30615508270007885,0.6547333179404295,0.5310344827586208
27,0.060107395134482204,0.5279727545601478,0.3228346456692913
28,0.3471659905894868,0.6501269914569383,0.4978540772532189
29,0.3341037581637304,0.6510967444008312,0.5061224489795918
