,Matthews,Accuracy,F1
0,0.0,0.5,0.0
1,0.0,0.5,0.0
2,0.2055227640753403,0.5706523474928138,0.26244343891402716
3,0.2560030115889613,0.5727323538805493,0.2613065326633166
4,0.06593051382125972,0.5167877674864261,0.10526315789473685
5,0.08854390284702345,0.5267286809326094,0.14634146341463414
6,0.02402208164681895,0.5049904183966784,0.056179775280898875
7,0.192617596165908,0.5541280740977323,0.21212121212121215
8,0.0,0.5,0.0
9,0.14283803189815336,0.532653305653146,0.14207650273224046
10,0.22121381064630877,0.5771039603960396,0.27802690582959644
11,0.0,0.5,0.0
12,0.08854390284702345,0.5267286809326094,0.14634146341463414
13,0.0,0.5,0.0
14,0.09450726734347625,0.513034972852124,0.06060606060606061
15,0.21998014891819734,0.5618173107633344,0.23232323232323232
16,0.18681095742346396,0.5455565314595976,0.18181818181818182
17,0.10127994144921666,0.5305732992654104,0.15609756097560976
18,0.22865594681508228,0.567031299904184,0.24752475247524755
19,0.1199213911653277,0.5208559565633982,0.0935672514619883
20,0.0,0.5,0.0
21,0.0,0.5,0.0
22,0.11670390893765224,0.55336553816672,0.24285714285714288
23,0.2216842921659055,0.5717582242095177,0.26291079812206575
24,0.15575502820008313,0.5465705844778026,0.19607843137254902
25,0.21096040608141908,0.5605796870009582,0.22999999999999995
26,0.1724819506032057,0.5456882785052699,0.18652849740932642
27,0.2805383484983462,0.6029104120089428,0.33766233766233766
28,0.18904184124782292,0.5689276588949217,0.26086956521739135
29,0.12410394258827304,0.54175183647397,0.1926605504587156
