,Matthews,Accuracy,F1
0,0.04275410513477452,0.5079763498438197,0.06666666666666667
1,0.17432660337066083,0.575432683113406,0.31974921630094044
2,0.11327768648750014,0.5470851660610696,0.26058631921824105
3,0.3313291353394724,0.6225457385095939,0.40143369175627236
4,0.3061923324092768,0.6225855804169057,0.40404040404040403
5,0.1072341915697176,0.5406148403136355,0.2323943661971831
6,0.0,0.5,0.0
7,0.0,0.5,0.0
8,0.2791753918255999,0.5866083381143622,0.312
9,0.2569447879815253,0.5911861732644865,0.33210332103321033
10,0.15198710428900966,0.5617987824313125,0.2857142857142857
11,0.24728140068977825,0.6056328488557404,0.3746031746031746
12,0.30350442003214995,0.6165216421240518,0.3902439024390244
13,0.07125407695616827,0.5155463122330592,0.10091743119266056
14,0.28706019501489816,0.6226254223242175,0.40634920634920635
15,0.1663131439989186,0.5495912220309811,0.2204081632653061
16,0.20301798501019586,0.5772454898960924,0.3087719298245614
17,0.23036642844654304,0.6053061452157837,0.37869822485207094
18,0.24767817203662898,0.5942380633645694,0.34385964912280703
19,0.05346376455654754,0.5148331420921782,0.12658227848101264
20,0.196409315543035,0.567763115955887,0.2781954887218045
21,0.35143380819704845,0.6445026136291196,0.4473684210526316
22,0.08083646112292557,0.525821540128769,0.1732283464566929
23,0.2633169879819726,0.6078719640466629,0.3762376237623762
24,0.17628476911775814,0.5708548479632817,0.30201342281879195
25,0.1899103435791271,0.5673965704086186,0.28044280442804426
26,0.22023484121055448,0.5741736788423535,0.2900763358778626
27,0.21119253137237706,0.5916722445336904,0.35
28,0.22383528809660952,0.5859350098807931,0.3275261324041812
29,0.2807437224375559,0.6017681838464971,0.3563636363636364
