,Matthews,Accuracy,F1
0,0.07035264706814484,0.5340277777777778,0.37999999999999995
1,0.08360838405314927,0.5430555555555556,0.4367816091954023
2,0.08465751626509425,0.5430555555555556,0.4251497005988024
3,-0.0342402379730364,0.48506944444444444,0.25287356321839083
4,0.041029693358610404,0.5204861111111111,0.38244514106583066
5,0.0788851086203514,0.5274305555555556,0.23963133640552994
6,0.11337077572411622,0.5541666666666667,0.40136054421768713
7,-0.015511816637053057,0.49236111111111114,0.335483870967742
8,0.023607097062636313,0.5100694444444445,0.2823529411764706
9,0.12272131990015585,0.5579861111111111,0.40138408304498274
10,0.026181754215485072,0.5131944444444444,0.38036809815950917
11,0.01731395255363887,0.5090277777777779,0.42021276595744683
12,-0.02989207352510007,0.48715277777777777,0.2490272373540856
13,0.03849001794597506,0.5170138888888889,0.30943396226415093
14,-0.009388508792372912,0.49548611111111107,0.3232323232323232
15,0.018977394430795966,0.5090277777777779,0.3356164383561644
16,-0.04020151261036848,0.48055555555555557,0.30666666666666664
17,0.10529864576172952,0.5538194444444444,0.4424778761061947
18,0.030221219055579025,0.5086805555555556,0.15228426395939085
19,0.008109364001682532,0.5034722222222222,0.2734375
20,0.02632490632463282,0.5104166666666667,0.2521008403361345
21,-0.010081473139469124,0.49548611111111107,0.2825278810408922
22,-0.06986365223637198,0.4753472222222222,0.1461187214611872
23,0.03523960932472829,0.5131944444444444,0.23684210526315788
24,-0.011757809846874927,0.4940972222222222,0.35294117647058826
25,0.030472346341016386,0.5152777777777777,0.37888198757763975
26,0.09752324917054771,0.5381944444444444,0.29661016949152547
27,0.016343993502178633,0.5069444444444444,0.2755905511811023
28,0.08942616162637464,0.5378472222222221,0.3241106719367589
29,-0.042515783962204755,0.484375,0.17777777777777778
