,Matthews,Accuracy,F1
0,0.12165055185408082,0.557514880952381,0.3954022988505747
1,0.14105838148850708,0.5616815476190476,0.3705583756345177
2,0.20289278982579934,0.6005208333333334,0.47558386411889597
3,0.0,0.5,0.0
4,-0.019074983226553856,0.49300595238095235,0.1893491124260355
5,0.09684594685767374,0.5444940476190476,0.3636363636363637
6,-0.03976333385962291,0.4798363095238095,0.3346774193548387
7,0.05631444042826919,0.520014880952381,0.22960725075528704
8,0.11348332245845129,0.5498511904761905,0.35353535353535354
9,0.209563556373257,0.578125,0.3508771929824561
10,0.07670409584636628,0.5350446428571428,0.3469879518072289
11,0.0,0.5,0.0
12,0.059457128567875314,0.5218005952380952,0.24260355029585803
13,0.21157716913748076,0.5951636904761904,0.43243243243243246
14,0.267268502593735,0.5908482142857143,0.3540372670807453
15,0.1467283072009192,0.5630952380952381,0.36692506459948326
16,0.027684586264324375,0.5119047619047619,0.2842377260981912
17,0.12358827783428142,0.5541666666666667,0.359493670886076
18,0.13836337114595143,0.5531994047619048,0.3142857142857143
19,0.05480918243160495,0.5177083333333333,0.19808306709265175
20,0.07083889308190829,0.5326636904761904,0.3476190476190476
21,0.17206283416761745,0.5818452380952381,0.43280182232346237
22,0.17769171535605016,0.5848958333333334,0.43891402714932126
23,0.13973523959039105,0.565327380952381,0.4018691588785047
24,0.09612792206589708,0.5450148809523809,0.372960372960373
25,-0.07059641606145661,0.4713541666666667,0.19125683060109291
26,0.14185678234917476,0.5711309523809524,0.44306418219461696
27,0.1790886543582233,0.5744047619047619,0.374331550802139
28,0.15494494670022804,0.5703869047619048,0.3980582524271844
29,0.1016887066246354,0.5445684523809524,0.34430379746835443
