,Matthews,Accuracy,F1
0,0.13925730052257945,0.5667445617679303,0.4444444444444444
1,0.05852647249206244,0.5276094858923317,0.3819628647214854
2,0.08293576762086628,0.5408805031446541,0.43031784841075793
3,-0.013836120517327672,0.4934510414863539,0.33773087071240104
4,0.034921895306113004,0.517302809993653,0.4990892531876139
5,0.05912349656100037,0.5215149154693901,0.25342465753424653
6,0.07642337313212749,0.5388610005193006,0.4611973392461197
7,0.09252218529425035,0.5418109168541919,0.37746478873239436
8,0.0,0.5,0.0
9,0.0969581237196794,0.5432101436731868,0.3724928366762177
10,0.08662127574514808,0.5421499047948762,0.4221105527638191
11,0.01732249042150124,0.5081717731233051,0.3554376657824933
12,0.03924808887650132,0.5176562229530899,0.33994334277620397
13,-0.013083857013803993,0.4935303790894928,0.3737864077669903
14,-0.012809210517817447,0.4940208297270786,0.3288409703504043
15,0.14792364360822494,0.56954301540592,0.43733333333333335
16,0.05733474572563269,0.525171657723155,0.33819241982507287
17,-0.0069136843775798274,0.49658848306502795,0.37560975609756103
18,0.09473477902926285,0.5479054872771334,0.4636363636363636
19,0.05003571690486024,0.5239815936760718,0.3875968992248062
20,0.027362994030192555,0.5117203277364261,0.3053892215568862
21,-0.009578829003477639,0.4953695689804397,0.356234096692112
22,0.06399177633201794,0.5315763660492758,0.41951219512195126
23,0.06399177633201794,0.5315763660492758,0.41951219512195126
24,0.11387451090219802,0.5566903236974208,0.45823389021479716
25,0.03819750256956558,0.5194232877502741,0.43902439024390244
26,0.07951181135616507,0.535435058565576,0.36103151862464183
27,0.08432171821945814,0.5402313773007905,0.40624999999999994
28,0.048413334518572715,0.5243205816167561,0.42790697674418604
29,0.08126429420411922,0.5373535860596619,0.3801652892561983
