,Matthews,Accuracy,F1
0,0.29213550848306463,0.5886299435028248,0.32710280373831774
1,0.24721352693502913,0.6012409200968523,0.4061302681992337
2,0.37151761365182334,0.6653046811945117,0.5281690140845071
3,0.39620357261402955,0.6918886198547216,0.5786163522012578
4,0.19355924964197083,0.590042372881356,0.42
5,0.531032395904329,0.7561541565778853,0.6708860759493671
6,0.2273748370537311,0.6080508474576272,0.45307443365695793
7,0.3477513455631135,0.6405871670702179,0.4728682170542635
8,0.4671569322235041,0.6982445520581113,0.5777777777777777
9,0.3880840173945869,0.6960754640839386,0.5889212827988339
10,0.4765786566814912,0.7217009685230025,0.62
11,0.3629332504725898,0.6846246973365617,0.574712643678161
12,0.35738931598104046,0.6627824858757062,0.5273972602739726
13,0.40014761901277474,0.6817493946731235,0.5567010309278351
14,0.4837955491247823,0.711864406779661,0.6021505376344086
15,0.40799191324502665,0.6878531073446328,0.5675675675675675
16,0.27714497383481684,0.6314063761097659,0.48701298701298695
17,0.2786350582325142,0.5811138014527846,0.30476190476190473
18,0.33863384062256235,0.6094632768361582,0.38009049773755654
19,0.3370318824798219,0.6660108958837773,0.5443425076452599
20,0.5044282099343278,0.7397094430992737,0.6472491909385113
21,0.26010758244389154,0.6224778046811945,0.47213114754098356
22,0.33449032458310274,0.6610169491525424,0.5333333333333333
23,0.3643678430544749,0.6673224374495561,0.535593220338983
24,0.5740669005487185,0.7607445520581113,0.6804123711340206
25,0.28446616165075655,0.5934725585149314,0.3497757847533633
26,0.25970246652214823,0.600635593220339,0.39357429718875503
27,0.3365681471270138,0.6157183212267958,0.40174672489082974
28,0.3009166982796971,0.6183414043583535,0.4285714285714286
29,0.45088240042242406,0.6861884584342212,0.5551330798479087
