,Matthews,Accuracy,F1
0,-0.03181832014992517,0.48418404025880657,0.4577114427860696
1,0.01324208943365977,0.5066049604601006,0.5272727272727273
2,0.025400420346957303,0.5126258087706685,0.4875621890547263
3,0.10122731352717854,0.5474928109273903,0.45454545454545453
4,-0.009414891036535956,0.4955068296189791,0.5655737704918034
5,-0.12076498784176141,0.4399712437095615,0.47321428571428575
6,0.03511079710484671,0.5174335010783608,0.49
7,-0.13150887536957304,0.4385334291876348,0.32
8,0.11262561293663273,0.5556254493170381,0.5204081632653061
9,-0.0228664396571414,0.4885873472322071,0.47572815533980584
10,-0.05461055793551601,0.47295111430625447,0.5110132158590309
11,0.0793758109527849,0.5393152408339323,0.5726872246696034
12,0.06244381416335256,0.5311826024442847,0.5217391304347827
13,-0.05018136922473665,0.47605140186915884,0.3867403314917127
14,0.06202319407009155,0.5275431344356578,0.6206896551724138
15,0.07145425245771651,0.5357207045291157,0.5333333333333333
16,0.05596775882293443,0.5274532710280374,0.4791666666666667
17,-0.0721103077376782,0.464009705248023,0.48401826484018257
18,-0.032028401042073114,0.484049245147376,0.4630541871921182
19,-0.06826693078382604,0.4703900071890726,0.5811320754716982
20,-0.08337212383973154,0.4629762760603882,0.3048780487804878
21,0.00147807761082775,0.5007189072609634,0.5569620253164557
22,-0.08903706064680764,0.4557422717469446,0.42786069651741293
23,-0.07423465279183547,0.4633357296908699,0.5065502183406113
24,-0.05106499997130531,0.474568655643422,0.45320197044334976
25,0.03272498757316033,0.5163551401869159,0.5277777777777777
26,0.018014070881963204,0.5087616822429907,0.4468085106382979
27,-0.017312449128534545,0.49150790797987054,0.5407725321888411
28,-0.035843692647038204,0.48229690869877784,0.5240174672489082
29,0.07587546384634121,0.537068655643422,0.4842105263157894
