,Matthews,Accuracy,F1
0,0.44910589669833006,0.6768869226734395,0.5315985130111525
1,0.46378592937276286,0.7353718631808519,0.6311475409836066
2,0.46957586791236466,0.6928643403362504,0.5627240143369175
3,0.48521068254227645,0.7060327692350163,0.5868055555555556
4,0.39206141867411,0.6811142092040968,0.5497630331753555
5,0.20597254131859685,0.5784929464704746,0.3435114503816794
6,0.20257466483742398,0.5542542031306077,0.23148148148148148
7,0.3522211395544047,0.6689189189189189,0.5345345345345346
8,0.25739695906152793,0.5953434282085968,0.37037037037037035
9,0.22082377554245558,0.606865803495017,0.4444444444444444
10,0.09180687931310609,0.544812688071115,0.35672514619883045
11,0.39688411327633827,0.6924433371062585,0.5701624815361891
12,0.16889096404348677,0.564361731496563,0.316793893129771
13,0.4346512709455604,0.7194841675178754,0.6096551724137931
14,0.37251956215309784,0.6634665820059078,0.5167785234899329
15,0.32710628842951983,0.6589149159373878,0.5213549337260678
16,0.4637361783170504,0.7089349308450432,0.5928338762214983
17,0.38739812005038243,0.6800617011291169,0.54858934169279
18,0.3855545169247472,0.7008841067829832,0.5858064516129032
19,0.47104300868482263,0.7336119316456395,0.6296296296296297
20,0.3029550382550994,0.6401250586643845,0.4858044164037855
21,0.3310007549627821,0.6499530684923943,0.4983818770226537
22,0.0,0.5,0.0
23,0.2564044529169169,0.604477817960964,0.4043321299638989
24,0.40314915347408914,0.6902451481103167,0.5652841781874041
25,0.25890984670248235,0.6097472600281588,0.42086956521739133
26,0.4177557094750184,0.7015708251663308,0.5833333333333334
27,0.334433952894753,0.6621621621621622,0.5258493353028065
28,0.2508971300051336,0.5970136377439749,0.38113207547169814
29,0.3011263071946823,0.6555917510973691,0.5263157894736842
