,Matthews,Accuracy,F1
0,0.35878048232671916,0.668193879883521,0.5586854460093897
1,0.0,0.5,0.0
2,0.3357924141418602,0.6368777268706706,0.4780219780219781
3,0.0,0.5,0.0
4,0.2341580461967385,0.6218010514912691,0.5508771929824562
5,0.11967051236495417,0.5535783500134169,0.37406483790523687
6,0.25021706986540243,0.6044186485653803,0.4301075268817204
7,0.2191934108124839,0.6125930490265258,0.5222437137330755
8,0.3321278857090656,0.6636072709925561,0.5658747300215983
9,0.21530176728879707,0.585252288335205,0.38309859154929576
10,0.29308364575297263,0.6262435524105785,0.4739583333333333
11,0.2240066843404559,0.5918663473101502,0.40437158469945356
12,0.3742521700864531,0.6765620807203411,0.5720930232558139
13,0.15544094915556306,0.5791202456792455,0.47504990019960086
14,0.18803929887268775,0.5882934634611754,0.4449648711943794
15,0.21448427263588193,0.584347886582057,0.3796033994334278
16,0.3117857146115021,0.6500959063397569,0.5405405405405405
17,0.32111912462042,0.6588566771683281,0.5610278372591007
18,0.34007866172857454,0.6625935459505661,0.5558086560364465
19,0.0,0.5,0.0
20,0.19917840813097618,0.5986344527375546,0.4829059829059829
21,0.26682223036638036,0.6364006797920869,0.547244094488189
22,0.3582569458142563,0.6838420179091425,0.6058252427184466
23,0.24931526362858278,0.6138552360886115,0.4720194647201947
24,0.1266960254475621,0.5635168308172414,0.44490644490644493
25,0.1814397884450548,0.5837714546954352,0.4316546762589928
26,0.22175273839230436,0.6071765769884415,0.4832214765100672
27,0.21429810257180745,0.6073405619217047,0.5
28,0.12127011035675839,0.5375923036404655,0.23026315789473684
29,0.06597438687872192,0.5290949025531957,0.32994923857868014
