,Matthews,Accuracy,F1
0,0.868433447673572,0.9115853658536586,0.903010033444816
1,0.7526696527119113,0.8722589828421943,0.8348909657320872
2,0.5833272989246276,0.7195121951219512,0.6101694915254238
3,0.6552538076526837,0.8372412864507194,0.7784090909090908
4,0.6037779406614951,0.7939332153573901,0.7307692307692307
5,0.3373793002319514,0.6671347233977072,0.5590062111801243
6,0.7329569167852878,0.8600638608909749,0.8201892744479496
7,0.7606628452222354,0.87099907671001,0.8370607028753994
8,0.8721647896495957,0.9161056397630223,0.9072847682119205
9,0.7655068751597957,0.874047857197815,0.8407643312101911
10,0.7749743442267468,0.8786739247518658,0.8471337579617835
11,0.7926754324404482,0.8597560975609756,0.8368794326241135
12,0.7363574373912508,0.8542836808494267,0.8169934640522877
13,0.8631672680306995,0.9100080787874125,0.9
14,0.7802072182766907,0.8714222512887589,0.8438538205980067
15,0.7894586973783307,0.8878202662152804,0.8580441640378549
16,0.6043894326357931,0.7496826190659382,0.6666666666666667
17,0.8747417504911523,0.9250403939370624,0.9131832797427651
18,0.5895110168916563,0.7920385473570823,0.7267080745341615
19,0.8766679874430673,0.919154420250827,0.9108910891089109
20,0.8811743865471304,0.922203200738632,0.9144736842105262
21,0.7619006866133134,0.8577556359159806,0.8271186440677966
22,0.734651411604262,0.8745672078171886,0.8279883381924199
23,0.7481094985891378,0.8292682926829269,0.7941176470588235
24,0.5533639339864922,0.7750057705624375,0.7037037037037036
25,0.8901975122660525,0.9283007617142418,0.9215686274509804
26,0.7784102681256002,0.86101600369316,0.8344827586206895
27,0.6150099209917144,0.7927791028698931,0.7308970099667774
28,0.8513541503673235,0.9112679849195968,0.8961038961038961
29,0.6698030767962008,0.8407132415172731,0.7859237536656892
