,Matthews,Accuracy,F1
0,0.08587289190672902,0.5276530758665929,0.1743119266055046
1,0.0,0.5,0.0
2,0.12326327381797911,0.5373593259947113,0.18957345971563982
3,0.0,0.5,0.0
4,0.16675851140133463,0.5593393190250702,0.25862068965517243
5,0.0,0.5,0.0
6,0.12780494304256826,0.5331877908287723,0.16243654822335024
7,0.02244482587806177,0.5067390279400611,0.11428571428571431
8,0.20690125962132241,0.58214439456368,0.31746031746031744
9,0.186832881727091,0.5451745485107518,0.1875
10,0.1451367738135602,0.5443955886271857,0.20754716981132076
11,0.18562090252402436,0.5354221757579485,0.14444444444444443
12,0.14214140609421264,0.545025931164545,0.21296296296296294
13,0.04011055700252697,0.5144517557345797,0.1623931623931624
14,0.0,0.5,0.0
15,0.15606634235207184,0.5631213742492261,0.28125
16,-0.011655560669749989,0.4964024352745834,0.09389671361502347
17,0.14301272199841195,0.5385738884447451,0.18
18,0.0,0.5,0.0
19,0.19447375135346084,0.5549269212635549,0.22549019607843135
20,0.12104442034005236,0.5198942254473895,0.09142857142857143
21,0.17129373534135395,0.5776756247053276,0.32167832167832167
22,0.0954667660698148,0.5380819137814403,0.22924901185770752
23,0.12094922925664167,0.5379896685320705,0.19534883720930232
24,0.09708733153806101,0.5203298280138573,0.10869565217391304
25,0.14878397791423714,0.565448004427772,0.296028880866426
26,0.04463005700610157,0.515471578213722,0.15789473684210525
27,0.23399785438856918,0.5800125043560257,0.3008849557522124
28,0.11213509512204638,0.5369698460529283,0.1990950226244344
29,0.20176132088576562,0.5769530369185987,0.30327868852459017
