,Matthews,Accuracy,F1
0,0.21748659423388084,0.6019549601647892,0.4688561721404303
1,0.09216916858828453,0.5441437221906259,0.3986856516976999
2,0.26007643689188903,0.5997385739615843,0.401673640167364
3,0.22313264566672228,0.6078239030381816,0.48975188781014023
4,0.1660175709877839,0.5827996482457691,0.4736842105263158
5,0.15454961037924395,0.5782450044686169,0.4785992217898833
6,0.00040264578437662347,0.5002007293165167,0.3687943262411348
7,0.22364501037815435,0.6095707260188208,0.4984227129337539
8,0.24458578263926203,0.6162700669575648,0.49445676274944567
9,0.3146821047258575,0.6188879117938032,0.43159379407616366
10,0.11317156305608932,0.5534143100885599,0.40358744394618834
11,0.21122713420394112,0.6065812929835546,0.5108055009823183
12,0.21230148943936739,0.6048691197063617,0.4963805584281283
13,0.16000637042488344,0.5802917266066709,0.4745762711864407
14,0.24314480796714963,0.5960430038664289,0.4032697547683924
15,0.2915940193924482,0.6321073710672587,0.5005931198102017
16,-0.02595087956858378,0.48896466686102363,0.25477707006369427
17,0.22363585917280296,0.5947370684917104,0.4219948849104859
18,0.11604771680634128,0.5570059310733761,0.4309623430962343
19,0.2041521479235241,0.6042203338797631,0.5165562913907285
20,0.20475485399439144,0.60015317558558,0.48523206751054854
21,0.2064310677445856,0.6000552005620421,0.4806866952789699
22,0.2267808465945556,0.6114011862146752,0.5020920502092051
23,0.25163434241194743,0.6207554113278244,0.5043668122270742
24,0.0499200137595203,0.5246944852009922,0.3938144329896907
25,0.2086418704553267,0.6021652480201877,0.4884210526315789
26,0.19218273042395803,0.5901621128194344,0.45248868778280543
27,0.1429418816758684,0.5680926413588419,0.42872928176795577
28,0.15182848868708113,0.5716065992152439,0.4287317620650954
29,0.2521816851298112,0.613041670450255,0.46875
