,Matthews,Accuracy,F1
0,0.5733149060716891,0.8023905918642761,0.702970297029703
1,0.5017998797804232,0.7275641025641025,0.6163522012578616
2,0.6627947044889645,0.8385868517447465,0.7619047619047619
3,0.4532745583965206,0.6824754193175245,0.5390070921985816
4,0.5180213156828909,0.7506747638326585,0.6473988439306357
5,0.579601589073411,0.7858347792558319,0.6966292134831461
6,0.5861722824419567,0.7880277617119722,0.7005649717514124
7,0.4198924901340004,0.6924281858492385,0.5590062111801243
8,0.4548226303700244,0.7155147484094853,0.5952380952380952
9,0.0,0.5,0.0
10,0.5451429916647276,0.75944669365722,0.6627218934911242
11,0.5087918409367886,0.7584104491999228,0.6524064171122994
12,0.3392013540734107,0.6628108733371891,0.5146198830409356
13,0.3422586708355652,0.6517736649315596,0.49032258064516127
14,0.6477461983870443,0.8308993637941007,0.7513227513227514
15,0.439431368768562,0.7034171968382494,0.5766871165644172
16,0.4142880465764733,0.6781135531135531,0.5333333333333333
17,0.41066747477016924,0.6505928282244071,0.4732824427480916
18,0.3436692088799662,0.6143242722190091,0.39024390243902446
19,0.4749224741522542,0.7000674763832659,0.5714285714285714
20,0.529831378936949,0.7440476190476191,0.6419753086419752
21,0.18183607402165866,0.5781762097551572,0.36000000000000004
22,0.6451113366041309,0.8121746674378254,0.739884393063584
23,0.5318338160645688,0.7330345093502988,0.6274509803921569
24,0.28524236474161196,0.6209996144206671,0.4324324324324324
25,0.42677256280777215,0.6758964719491035,0.5277777777777778
26,0.5313953717455563,0.7550607287449393,0.6549707602339182
27,0.5406135533516759,0.7605552342394448,0.6627906976744186
28,0.4560167450218937,0.7033930981299402,0.5769230769230769
29,0.4454244942416233,0.6835839598997494,0.5416666666666666
