,Matthews,Accuracy,F1
0,0.1463731240605059,0.5705655694879832,0.45553822152886114
1,0.3172902511191214,0.6570990073145245,0.5811209439528023
2,0.38041546123942394,0.6885775862068966,0.6205882352941177
3,0.33353713256413015,0.665719696969697,0.5935672514619883
4,0.16926175873712856,0.578925026123302,0.44810543657331137
5,0.29611828955163694,0.6492293625914316,0.5826330532212887
6,0.34504188272865716,0.6704218913270638,0.5964391691394658
7,0.3968790805851585,0.7007902298850575,0.6455172413793103
8,0.2538386893753977,0.6235632183908046,0.5298621745788668
9,0.2500872540789395,0.6196120689655172,0.5158227848101266
10,0.3049698825961771,0.6443312434691745,0.5442834138486313
11,0.33453945573897875,0.6677442528735632,0.6011396011396012
12,0.24098008141683072,0.5934887669801463,0.39920159680638717
13,0.25288321213537285,0.6200365726227794,0.5128205128205129
14,0.032178984711993576,0.5112656739811912,0.22269807280513917
15,0.20227333287866364,0.600933908045977,0.5173410404624278
16,0.3398789001926127,0.6605276907001045,0.5654281098546042
17,0.14026986266965516,0.5666470741901777,0.4416
18,0.2869964522492758,0.639269853709509,0.5485362095531586
19,0.25297569767929645,0.6220611285266457,0.5233644859813084
20,0.14891583842590592,0.5652756008359456,0.3992869875222816
21,0.2532531524024736,0.6283633751306166,0.5636114911080711
22,0.3352153106070653,0.668234064785789,0.6022727272727273
23,0.2652362676190134,0.6069422675026124,0.43326885880077365
24,0.40785606785789025,0.7082353709508882,0.6623376623376622
25,0.3219713787989237,0.6626175548589341,0.6000000000000001
26,0.31328470119009233,0.6583398641588296,0.5955678670360111
27,0.265685651505674,0.6318573667711599,0.5513196480938417
28,0.3727196305030274,0.6822426854754441,0.6069802731411229
29,0.19768321258691615,0.5922805642633229,0.46710526315789475
