,Matthews,Accuracy,F1
0,-0.09512358377417011,0.4540036787247088,0.33125
1,0.011218118154152556,0.505456774984672,0.40123456790123463
2,0.05212453674214713,0.5261312078479461,0.4632768361581921
3,-0.032479945445285895,0.4839975475168608,0.38922155688622756
4,-0.0795229712205136,0.46039239730226855,0.37681159420289856
5,0.009560978245076268,0.5047210300429185,0.41666666666666663
6,-0.002008404683735007,0.49901900674432864,0.3975535168195719
7,-0.07259272169823433,0.463973022685469,0.375366568914956
8,-0.020560098600205735,0.48967504598405887,0.42577030812324934
9,-0.04341928939623411,0.4782464745554874,0.40793201133144474
10,-0.015983334873061333,0.49264255058246476,0.3389830508474576
11,-0.041093258789771,0.4804659717964439,0.3483870967741935
12,0.06284381931444491,0.5311587982832618,0.45294117647058824
13,0.012290025798731088,0.5061312078479461,0.4322766570605187
14,-0.04386820815178029,0.4782709993868792,0.3893805309734514
15,-0.06641225924882041,0.466817903126916,0.38968481375358166
16,-0.002008404683735007,0.49901900674432864,0.3975535168195719
17,0.03168403586560591,0.5147884733292458,0.3787375415282392
18,-0.003485239493003141,0.49832004904966276,0.38364779874213834
19,-0.06720822654429276,0.4660576333537707,0.42133333333333334
20,-0.09081640791159117,0.45541385652973637,0.3504531722054381
21,-0.0226967761871187,0.48902513795217656,0.375
22,-0.020625383200490496,0.4896873083997548,0.41714285714285715
23,0.0057540005543020795,0.5026486817903126,0.3525423728813559
24,0.008138652996634856,0.5040098099325567,0.4131736526946108
25,-0.06898324545461401,0.46907418761496017,0.28771929824561404
26,0.01660483482196061,0.5082771305947271,0.43352601156069365
27,-0.026450821269132892,0.4876272225628449,0.34437086092715236
28,-0.020835482461348025,0.48971183323114653,0.39880952380952384
29,-0.004952255182417823,0.49749846719803803,0.45910290237467016
