,Matthews,Accuracy,F1
0,-0.038039563927782356,0.48169979323684387,0.31609195402298845
1,0.12331874758650017,0.5621039818582005,0.45430809399477806
2,0.04941798656910954,0.5232108317214701,0.35820895522388063
3,0.10150353697640249,0.5474804908957513,0.3903903903903904
4,0.07858248077756963,0.5356082838658041,0.3573667711598746
5,0.12318317715209501,0.5575018341892883,0.4036144578313254
6,0.07439433948015874,0.5347995731341293,0.3723723723723724
7,0.04559836662892337,0.5217851664109918,0.36627906976744184
8,0.014520712287804759,0.5060694990995798,0.273972602739726
9,-0.057393067307583055,0.4726288934836257,0.29737609329446063
10,0.05572683356232407,0.52738778096445,0.3922651933701657
11,0.03315100517898035,0.5168411925565264,0.4071246819338422
12,-0.022224372728201408,0.4903955179083572,0.26490066225165565
13,-0.004147107685863727,0.4979407056626426,0.3621621621621622
14,-0.01669483894421315,0.49167111318615353,0.3582887700534759
15,0.0021712274214395547,0.5010755019008871,0.3641304347826087
16,0.0507413957211979,0.5236860534916294,0.35542168674698793
17,0.08355079018235771,0.5333322217034616,0.3
18,0.05893241583055079,0.5245447875675315,0.3024054982817869
19,0.09799735596891043,0.5397435469885947,0.3169014084507042
20,0.0054652823268872075,0.5025511905555926,0.3253012048192771
21,-0.08025785923167066,0.46598412592543187,0.2162162162162162
22,-0.03749678566966491,0.48479290335489894,0.22535211267605634
23,0.006536322705056562,0.5033515640632296,0.4029484029484029
24,0.05632744118954025,0.5255869405722671,0.34375
25,0.03640682980426985,0.5166577736276929,0.3343653250773994
26,0.08043466785915254,0.5380761021810179,0.3834808259587021
27,-0.09997817997541994,0.4492096311612086,0.32569974554707376
28,-0.08905794358264185,0.45400353498299206,0.3623529411764706
29,0.033241562825030956,0.5149486426999266,0.3227848101265823
