,Matthews,Accuracy,F1
0,-0.026105554767171357,0.4864137677204828,0.38749999999999996
1,0.09652387639156204,0.5484624268653306,0.4218009478672986
2,0.09018842784316279,0.5436269719391317,0.39285714285714285
3,0.028991166635128404,0.5151219016917746,0.42682926829268286
4,-0.053047417663353275,0.4758354168517508,0.2618384401114206
5,0.08095319176903086,0.5407650425799246,0.4141176470588235
6,-0.017663257606389836,0.49109692485373063,0.35211267605633806
7,0.07819823113168468,0.5386074905131166,0.3980343980343981
8,-0.021265183980236742,0.49018948383739674,0.29041095890410956
9,0.008280225533362873,0.5037122587031843,0.29545454545454547
10,0.033585534525765466,0.5162704808802813,0.356234096692112
11,0.07344396934259155,0.536215146015509,0.39408866995073893
12,0.009548615726843075,0.5045689337885345,0.33246753246753247
13,0.07255775121601354,0.527794347213585,0.2706270627062706
14,0.025909589427443095,0.512551876435724,0.3511450381679389
15,-0.05215169822362657,0.47286560988920334,0.37160751565762
16,0.09122402318380123,0.5408983031487569,0.3522727272727273
17,0.10181920742870201,0.5381442513928902,0.28187919463087246
18,0.0011381584416491034,0.5004378561547346,0.2236842105263158
19,0.030915222744256267,0.5113081111266229,0.22525597269624573
20,0.0748888694986966,0.5329153605015674,0.3313953488372093
21,0.004605263661655654,0.5017641161016841,0.2244224422442244
22,-0.03939421213679838,0.48020128691635044,0.33569739952718675
23,-0.017514519653343212,0.4913317172845304,0.33740831295843515
24,0.04214477835112435,0.5199637023593466,0.34828496042216356
25,-0.006506978638620523,0.49687154950312845,0.3247422680412371
26,0.09018245530788231,0.5430812381810567,0.3854166666666667
27,0.0,0.5,0.0
28,0.13424285641357592,0.5597515007678346,0.3782234957020057
29,0.08450634283133071,0.5269376721282347,0.21481481481481482
