,Matthews,Accuracy,F1
0,0.3172573062461607,0.6324618197244556,0.4606240713224369
1,0.22128299872831517,0.5932437073249566,0.3946980854197349
2,0.08913225333952271,0.5382762312633833,0.3063583815028902
3,0.2712891340193414,0.6382393640660984,0.5068181818181817
4,0.14545859657126925,0.5593713385317765,0.32776934749620634
5,0.24590837809487284,0.6080461395499172,0.4287729196050775
6,0.26542519329265934,0.6286665185245041,0.48198757763975153
7,0.30899799032673525,0.6397771807199709,0.4856753069577081
8,0.22560664542225778,0.5896908205729061,0.37577639751552794
9,0.27796024912599626,0.6216541755888652,0.45042492917847027
10,0.19553512926279207,0.578441275099996,0.3574730354391371
11,0.34650111240208964,0.6613293402286776,0.5236842105263158
12,0.3033579680320831,0.6164725667649792,0.41853035143769973
13,0.38814949709865854,0.6779322047594036,0.5476510067114094
14,0.2871365207579554,0.6149827279705871,0.42283950617283955
15,0.1354846570155891,0.5629545270898145,0.3720316622691293
16,0.192901970506108,0.5871606197729384,0.4016393442622951
17,0.3241592892703963,0.6466354894751727,0.4965893587994544
18,0.27931112559398535,0.6411256110864207,0.5086705202312138
19,0.3479991743918452,0.6618646721344592,0.5243741765480896
20,0.16736469667016607,0.5703102904933134,0.3545051698670606
21,0.2123921782748959,0.5765953900852491,0.33110367892976594
22,0.24085348309716653,0.6034301644378005,0.41618497109826585
23,0.24491001888471184,0.6028872570805219,0.41063515509601184
24,0.24175595106905473,0.6048265726637307,0.4206008583690987
25,0.2968060927752072,0.6196997091026625,0.43251533742331294
26,0.25123207521399626,0.6080385640984203,0.42424242424242425
27,0.25513364802707084,0.6053467536665186,0.4114114114114114
28,0.2688021306841009,0.6154322047594036,0.43641618497109824
29,0.3750718332741561,0.681818411377318,0.5590062111801242
