,Matthews,Accuracy,F1
0,0.1187613556191881,0.5568457976064928,0.4144578313253012
1,-0.06868778936517204,0.4673185382181668,0.28710462287104627
2,0.208248371231755,0.6057820165986519,0.5127118644067796
3,0.14530198541415948,0.5674262918978403,0.4141414141414142
4,0.04241406449552404,0.5209546517492778,0.3863636363636364
5,0.18471676776915158,0.5921867119079279,0.48444444444444446
6,0.15044832683336842,0.5744875968636801,0.45701357466063347
7,0.14696222428372735,0.5578316291439314,0.3363363363363363
8,0.21002966172599605,0.6033059745976432,0.4908256880733945
9,0.26708166038392306,0.6313677839424091,0.5275229357798166
10,0.14022567370400194,0.5710830391122931,0.46908315565031977
11,0.0,0.5,0.0
12,0.21062392474195285,0.6065385849878491,0.5107296137339056
13,0.1944571964006009,0.5892292172956118,0.441025641025641
14,0.15389019473566928,0.5556765555504608,0.30670926517571884
15,0.0070533552801972065,0.5029460314549039,0.2678062678062678
16,0.1316799956207681,0.5681599339722133,0.4923076923076923
17,0.0,0.5,0.0
18,0.13773696660844917,0.5655348709248476,0.4233576642335766
19,0.1113442055500761,0.5545760924389014,0.42494226327944573
20,0.16276799922478674,0.583910312256408,0.5266903914590748
21,-0.03701729816392083,0.48308037965977346,0.28350515463917525
22,0.09832382993281379,0.5493374295015819,0.43421052631578944
23,0.01603236805556675,0.5080012838736302,0.3777777777777778
24,0.017456032561939255,0.508861020679536,0.3949044585987261
25,0.17556018012728736,0.5884611857490027,0.48590021691973967
26,0.17860605629576362,0.5874409647393278,0.4675925925925926
27,0.007449578707834297,0.5036338208996286,0.3543123543123543
28,0.15310493848947218,0.5770209546517493,0.47058823529411764
29,0.1290135828598549,0.5578774817735798,0.3852242744063325
