,Matthews,Accuracy,F1
0,0.1424507462468724,0.5594655972485675,0.32418952618453867
1,0.23646894400153387,0.6085181514469306,0.42792792792792794
2,0.10958147243465148,0.5426301384248836,0.27586206896551724
3,0.1459029590317524,0.559255564234003,0.3171355498721227
4,0.18129890784331426,0.5729897543270083,0.3402061855670103
5,0.15849614748009014,0.5688120663966867,0.35011990407673865
6,0.28511856129163293,0.6420545166943429,0.49298597194388777
7,0.21328623445234698,0.5899597655506474,0.3802469135802469
8,0.18022418688892633,0.542252735351838,0.18493150684931506
9,0.2083299147991896,0.5883123190926574,0.3783783783783784
10,0.28885386147108494,0.6472823696974868,0.5038461538461539
11,0.30299067385363787,0.6454084813956694,0.4925690021231422
12,0.18743539624416095,0.5724351358979239,0.33066666666666666
13,0.2746618573266677,0.6149569760496728,0.4228855721393035
14,0.13729830053302414,0.5318134381748131,0.15807560137457044
15,0.21381642436093595,0.5958767893828312,0.4027777777777778
16,0.2085836949982877,0.5763437190283347,0.3277777777777778
17,0.09503393752599482,0.5380323844654331,0.27461139896373055
18,0.19844704309377423,0.5993390523572925,0.43339960238568587
19,0.2738070836363571,0.6183273495802621,0.43373493975903615
20,0.32677642180540156,0.6378276022762328,0.46419753086419757
21,0.13029476365323406,0.5608603477359098,0.35682819383259906
22,0.23085272463853998,0.614031518079248,0.4512195121951219
23,0.289696772086643,0.6508627762426407,0.5119705340699816
24,0.1637551766054964,0.5572471235322303,0.2808022922636103
25,0.2388023036834604,0.611543939563,0.4361233480176211
26,0.233237314111937,0.6141660704792035,0.4494845360824743
27,0.1757714510489099,0.5694848283964635,0.3298429319371728
28,0.28647675423533214,0.6056695786868999,0.38674033149171266
29,0.17355785943282273,0.5923620181547287,0.44328097731239097
