,Matthews,Accuracy,F1
0,-0.036407404009481996,0.4858655462184874,0.1956521739130435
1,0.14304710195776293,0.5717899159663865,0.44047619047619047
2,0.0853243723542667,0.5430840336134454,0.40704500978473585
3,0.050496723162883374,0.5158823529411765,0.1863354037267081
4,-0.009767835161113647,0.49773949579831933,0.08362369337979095
5,-0.045015648812143975,0.4804537815126051,0.23529411764705882
6,0.09653584376038517,0.5489831932773109,0.4177949709864603
7,-0.0223979252476449,0.4897478991596639,0.27649769585253453
8,0.17501536241128782,0.582655462184874,0.42825607064017657
9,0.05478321348909789,0.5277310924369748,0.38910505836575876
10,0.015276562091640118,0.5074873949579832,0.340956340956341
11,0.044245081841659185,0.5202521008403361,0.32258064516129037
12,-0.01721882184992895,0.49132773109243694,0.3385826771653543
13,-0.00590320139857319,0.49708403361344533,0.33196721311475413
14,0.1568287992844318,0.580781512605042,0.4675324675324676
15,0.07030814528998505,0.5317058823529411,0.3333333333333333
16,-0.029828354491353085,0.4856890756302521,0.2974137931034483
17,0.22039662964843326,0.6048571428571429,0.462882096069869
18,0.12996855634274834,0.5598067226890756,0.3844393592677346
19,0.0414010764843235,0.5174621848739496,0.2828282828282828
20,0.13286857791425757,0.5653445378151261,0.42148760330578516
21,0.039574488461693653,0.5159663865546219,0.2631578947368421
22,0.15862213395915595,0.5722100840336135,0.3990719257540603
23,0.0,0.5,0.0
24,0.043158357787885904,0.5213865546218488,0.3665987780040733
25,0.21398502710296274,0.6018067226890756,0.4585152838427948
26,0.15605438497173238,0.5758487394957983,0.43037974683544306
27,0.010284700803870003,0.5045546218487396,0.2829736211031175
28,0.0,0.5,0.0
29,0.10836578691597296,0.5518487394957983,0.3896103896103896
