,Matthews,Accuracy,F1
0,-0.05215266749022517,0.47906374970595156,0.20437956204379562
1,0.03763158046310796,0.5159962361797225,0.2906574394463668
2,0.0031536249860479276,0.5015374533723158,0.34104046242774566
3,0.08328268295733547,0.5364452061699768,0.33557046979865773
4,0.04698524501323916,0.521154686292301,0.3246753246753247
5,0.004089289646618819,0.502083543367947,0.37696335078534027
6,0.12804974385256276,0.5626239204220855,0.42528735632183906
7,0.0718921705452101,0.5324545485095944,0.34304207119741104
8,0.04637288002158534,0.51936519138354,0.28873239436619724
9,0.10181792753074047,0.5497950062170246,0.40804597701149425
10,0.024010918554552726,0.5090230870047384,0.23076923076923078
11,0.0894240519043123,0.5457539402493531,0.4341085271317829
12,0.08196640963820152,0.5388311993816581,0.3757575757575758
13,0.053784465452150994,0.5268592264005109,0.39118457300275483
14,0.04968077271960562,0.5238515307322646,0.3620178041543027
15,0.018532083031577936,0.5091575091575091,0.36056338028169016
16,0.13408163461571074,0.5668750210034614,0.441988950276243
17,0.022002051671256958,0.5095691770003696,0.2905405405405405
18,-0.04578944682391681,0.48087844876835706,0.22535211267605634
19,0.14868481071655096,0.5768810700003361,0.4813895781637717
20,-0.019149115753642067,0.4925143663675774,0.21641791044776118
21,0.09903565749110002,0.5325805692778169,0.23430962343096237
22,0.039835080928644954,0.5201213159928757,0.3914209115281501
23,0.1342035127403226,0.5493497328359713,0.296875
24,0.0842059399014264,0.5400494001411433,0.37951807228915657
25,0.1065720334381823,0.555188695096952,0.45812807881773404
26,0.02053502548915333,0.5103505057633498,0.3773584905660377
27,0.05271490764046265,0.522708942433713,0.3071672354948805
28,0.20646879525780598,0.5983886144436603,0.46246246246246253
29,0.13197613753786924,0.5656568202439762,0.4388888888888889
