,Matthews,Accuracy,F1
0,0.10556647201165867,0.5484558040468583,0.3878787878787879
1,-0.08863929066722495,0.45691892971246006,0.29916897506925205
2,0.1829074271006773,0.5887663072417465,0.4722222222222222
3,0.027146199959104524,0.5128960330138446,0.35734870317002887
4,0.011742959671027477,0.5051916932907348,0.3047619047619048
5,0.0,0.5,0.0
6,0.05454833505039373,0.5252595846645367,0.3592814371257485
7,0.14781804980498814,0.5697051384451545,0.4314868804664723
8,-0.01038837576993098,0.4950828674121406,0.33043478260869563
9,0.11399903580104469,0.5471412406815761,0.3401360544217687
10,-0.06285137879649286,0.4682341586794462,0.35353535353535354
11,0.16810381645330183,0.5844565362087327,0.48843187660668375
12,-0.040289020861038145,0.4819954739084132,0.27586206896551724
13,0.010525730803434274,0.5048422523961662,0.32628398791540786
14,0.13577056673349086,0.556551184771033,0.35810810810810806
15,0.15254532022748446,0.5727253061767839,0.4412607449856734
16,0.2759288477424502,0.6315478567625133,0.5214899713467048
17,0.0006129787087539732,0.500291200745474,0.34005763688760804
18,0.16865671329430748,0.5801218051118211,0.44956772334293943
19,0.18400537304235584,0.590189030883919,0.4795640326975477
20,0.0,0.5,0.0
21,0.0,0.5,0.0
22,0.20733794357785557,0.5869691826411075,0.4093959731543624
23,0.0706939919624531,0.5309920793397231,0.3397435897435897
24,0.07337970122513397,0.5370573748668797,0.4354430379746836
25,0.23309063698253446,0.6101238019169328,0.4883720930232558
26,0.09638748245184857,0.5374900159744409,0.30107526881720426
27,0.21783536804309123,0.5681908945686901,0.29508196721311475
28,0.18394853522677954,0.5832501331203408,0.43209876543209874
29,0.05351852568202799,0.5235955804046858,0.33121019108280253
