,Matthews,Accuracy,F1
0,0.0333511760514428,0.5164857491147616,0.432258064516129
1,-0.03270529059974232,0.4838335171533058,0.3935483870967742
2,-0.0013351134846461949,0.4993324432576769,0.42857142857142855
3,-0.0026715001525348327,0.4987954954431997,0.3333333333333333
4,0.06039404919039918,0.5268038544145818,0.36293436293436293
5,0.012107845028396848,0.5057177686190283,0.3758865248226951
6,0.01285974073099227,0.5063708132582574,0.4230769230769231
7,-0.009446873814948492,0.49525454228826843,0.4782608695652174
8,0.00194956120846879,0.5009577988042027,0.4065573770491803
9,-0.004362793188719431,0.49788123294827885,0.3905723905723905
10,0.014382125543307334,0.5071399547222384,0.4267515923566879
11,0.08222163312207088,0.5323619898995763,0.3116883116883117
12,-0.0076722772932046965,0.4964009984326928,0.35842293906810035
13,0.01035751815023276,0.5043246067220062,0.29629629629629634
14,0.08004966653999014,0.5383409763742961,0.4290657439446367
15,0.02259865439993877,0.511072734660707,0.4158415841584159
16,-0.009588600294466705,0.4956899053810878,0.3269961977186312
17,0.05635745664735424,0.52810994369304,0.45768025078369906
18,-0.066991097317408,0.46670923550240895,0.38095238095238093
19,-0.08132956995006922,0.4622104835432751,0.3054545454545455
20,0.02303754200696574,0.5104487142276659,0.35338345864661663
21,0.05820370173549145,0.5274859232599989,0.40425531914893614
22,0.044649575641473094,0.5205346258779823,0.3763837638376384
23,-0.022645105761195338,0.4903059151332211,0.2891566265060241
24,0.017439960745895305,0.508083241423347,0.36496350364963503
25,0.01077482365293479,0.5043536309281941,0.2796610169491526
26,0.09161548448224374,0.5407935217971789,0.3846153846153846
27,0.05391224465716969,0.5272247054043071,0.4869565217391304
28,0.04105476975465998,0.5203604806408545,0.44089456869009586
29,-0.01543399310127876,0.4922070006385325,0.4589235127478753
