,Matthews,Accuracy,F1
0,-0.05174515114739162,0.47568114475681145,0.32954545454545453
1,0.00057314919810203,0.5002168100021681,0.2411347517730497
2,-0.06352491464066737,0.4725735347257353,0.26582278481012656
3,-0.03819442059500494,0.4815350148153501,0.3621621621621622
4,-0.024893717238775797,0.4884548673845487,0.336231884057971
5,-0.06275983719217229,0.4683457396834574,0.4075829383886256
6,-0.054493064051261975,0.4735853147358532,0.3548387096774193
7,-0.011811684204553557,0.494164197441642,0.40102827763496146
8,-0.11944280699425078,0.4442798294427983,0.28160919540229884
9,-0.00010335824561251784,0.49996386499963863,0.20895522388059706
10,-0.044707736850276056,0.4777408397774084,0.3919597989949749
11,-0.06621910933032504,0.46758690467586905,0.35789473684210527
12,-0.06752266901010898,0.46597889715978896,0.4425162689804772
13,-0.03379269832239038,0.48321529233215293,0.3949367088607595
14,-0.05990534244503851,0.47150755221507556,0.3342618384401115
15,-0.013153493648247834,0.4935137674351377,0.39793281653746765
16,0.02300170081939377,0.5113644576136446,0.42159383033419023
17,0.04363937234933551,0.5194767651947676,0.3536585365853658
18,-0.036865921387665694,0.4813724073137241,0.4289044289044289
19,-0.03476850220809433,0.48296234732962345,0.3779527559055118
20,0.035291844075053015,0.5178506901785069,0.4796380090497737
21,-0.03263450482097021,0.4848052323480523,0.33429394812680113
22,-0.05322453668620272,0.47595215725952156,0.3003003003003003
23,0.06290138756071438,0.531798800317988,0.48611111111111105
24,-0.0060674459509862146,0.4970369299703693,0.3915343915343915
25,3.606761735599979e-05,0.5000180675001806,0.4275184275184275
26,0.014644335741464847,0.5073173375731733,0.43176178660049624
27,-0.0394767916792764,0.48007154730071544,0.4235294117647059
28,0.02014998523611298,0.51017200260172,0.45647058823529413
29,-0.010804806676719608,0.49468815494688156,0.39583333333333337
