,Matthews,Accuracy,F1
0,0.010945697458943388,0.50572765579012,0.3394160583941606
1,0.2261010781491992,0.5857066226240639,0.3561643835616438
2,0.24501635459578097,0.6151883456497342,0.45033112582781454
3,0.2115746698978334,0.5868323910757265,0.37435897435897436
4,0.13260194265618255,0.558462320282889,0.3436754176610978
5,0.10606679752854198,0.543530889815854,0.2974358974358975
6,0.15756133766767055,0.5597257218681404,0.30684931506849317
7,0.36143113161082957,0.6788172020242658,0.5521472392638036
8,0.1402633343223894,0.5605973983808697,0.34146341463414637
9,0.0,0.5,0.0
10,0.1433228072526773,0.566240356858012,0.3702031602708804
11,0.06665548930681223,0.5285924012394041,0.28501228501228504
12,0.1710528332298198,0.5643699578630867,0.3140495867768595
13,0.1480125024803703,0.5651145884063494,0.35406698564593303
14,0.27014270181226807,0.6416562559552799,0.5117967332123413
15,0.23602297224634755,0.6135543933202052,0.45299145299145294
16,0.2681512690521414,0.6371425949845075,0.5
17,0.1474121275486869,0.563233602247302,0.343980343980344
18,0.0,0.5,0.0
19,0.1489820449802057,0.5624819135946246,0.33668341708542715
20,0.3245648285211419,0.6405481327771543,0.4768856447688565
21,0.32244667612922645,0.6518375787861463,0.5066079295154186
22,0.2666733714606428,0.6277376641892702,0.47311827956989255
23,0.2545127144274831,0.6309914526294986,0.49335863377609107
24,0.39212255997486944,0.6805817293779688,0.5487528344671202
25,0.2007870818265321,0.5898391456864365,0.39906103286384975
26,0.109273595643475,0.5375138515397265,0.24046920821114368
27,0.18377255762509775,0.582057580056606,0.3858823529411764
28,0.04818614596725278,0.5179311269683302,0.2222222222222222
29,0.04205798427057142,0.5196744799937889,0.30222222222222217
