,Matthews,Accuracy,F1
0,0.15622792437809474,0.560718803482402,0.33484162895927605
1,0.15452326029031513,0.5716323139122454,0.4150943396226415
2,0.143346995554704,0.5634347793734653,0.38399999999999995
3,0.1593974311612168,0.5714958950318724,0.4015748031496063
4,0.05021414371442301,0.5242453555572091,0.3687943262411348
5,0.09780741027105888,0.5462832055956545,0.38827838827838834
6,0.06580876278534731,0.5290200163702656,0.32931726907630526
7,0.1523951472558894,0.5578416052781705,0.3225806451612903
8,0.07097868809959,0.5277426395813181,0.27927927927927926
9,0.2596797817174749,0.6290646625492968,0.523489932885906
10,0.17382239666570118,0.5877297417962646,0.4789644012944984
11,0.09429781133030199,0.5459855644021132,0.40418118466898956
12,0.14778812070853137,0.5683210556340997,0.4090909090909091
13,0.07193781211602576,0.5357541483741349,0.40268456375838924
14,0.22035318838672177,0.597849542376665,0.43824701195219123
15,0.14334065592720022,0.5664483964580698,0.4075471698113208
16,0.07585067661075337,0.5286107597291465,0.26851851851851855
17,0.05420587290588905,0.526118014733239,0.3701067615658363
18,0.041814622127653134,0.5153657266165638,0.23584905660377362
19,0.12232760052984713,0.5545055435672297,0.37301587301587297
20,0.030542015549097086,0.5134682640077387,0.30522088353413657
21,-0.02332787177509215,0.49058709725426,0.22807017543859648
22,0.07470645286740357,0.5349108316591016,0.36567164179104483
23,0.06263150914617252,0.5260063992856612,0.2991452991452992
24,0.1038957602684609,0.5501649428280874,0.4042553191489362
25,0.05107920229286007,0.5110747327430116,0.10588235294117646
26,0.15900166844063632,0.5735049730882754,0.41666666666666663
27,0.07272322062029368,0.5261676215988293,0.24880382775119617
28,0.08953749097322995,0.5347992162115237,0.28959276018099545
29,0.024125247783472536,0.5087432100602723,0.21904761904761907
