,Matthews,Accuracy,F1
0,0.030051737027459193,0.5152173913043478,0.4516129032258065
1,-0.10647942749998998,0.44720496894409933,0.33757961783439494
2,-0.06186775029777433,0.46925465838509317,0.36708860759493667
3,-0.06572413048742302,0.4677018633540373,0.3517915309446254
4,-0.06716887622039366,0.46614906832298136,0.3855421686746988
5,0.061999723729846586,0.5310559006211181,0.4506172839506173
6,-0.07062153383894042,0.4680124223602484,0.2835820895522388
7,0.0012434118282549844,0.5006211180124224,0.411214953271028
8,-0.04157808979551356,0.4798136645962733,0.35451505016722407
9,0.11712737024998898,0.5580745341614907,0.47133757961783435
10,0.03186731597665393,0.5161490683229814,0.45481049562682213
11,-0.013664596273291925,0.493167701863354,0.40372670807453415
12,0.051477971962287115,0.5260869565217391,0.49189189189189186
13,0.017316643184850593,0.508695652173913,0.4281345565749235
14,0.0,0.5,0.3771043771043771
15,-0.00795095880112457,0.49596273291925463,0.4530386740331491
16,0.03295041344875709,0.5164596273291925,0.4299065420560748
17,-0.0530756014506011,0.4779503105590062,0.24590163934426232
18,0.02446128625105589,0.5124223602484472,0.4602272727272727
19,0.03183035070396152,0.515527950310559,0.40397350993377484
20,-0.01835259256592443,0.49099378881987576,0.3790849673202615
21,0.03398845509940093,0.517080745341615,0.43902439024390244
22,-0.0229907188779426,0.4891304347826087,0.34385964912280703
23,-0.010403129732205989,0.4947204968944099,0.45479452054794517
24,0.06901756088701,0.5347826086956522,0.4638554216867469
25,0.11555235636538969,0.558695652173913,0.5126760563380282
26,-0.06991974237111773,0.4658385093167702,0.3432343234323432
27,-0.028452470418095285,0.48726708074534164,0.30303030303030304
28,0.02263320813682404,0.5114906832298136,0.4571428571428571
29,0.022785912388244088,0.5114906832298137,0.43843843843843844
