,Matthews,Accuracy,F1
0,0.1689616800365147,0.573546611627107,0.7219343696027635
1,0.17699622233920073,0.5868593051255591,0.6844106463878327
2,0.1262852488554041,0.5521499828001376,0.718381112984823
3,0.030476098333931174,0.5146542827657379,0.6419294990723562
4,0.17985445101688763,0.5869281045751633,0.6940298507462687
5,0.17083467788006726,0.5866185070519436,0.6476578411405296
6,0.20577671185506807,0.5996216030271758,0.7028037383177571
7,0.12884238806948153,0.5606467148262814,0.6872727272727274
8,0.22974957877897964,0.60374957000344,0.7336860670194003
9,0.040156645926409724,0.5178190574475404,0.6771378708551482
10,0.15494234029863227,0.5466116271069832,0.7499999999999999
11,0.20964428957347514,0.5996904024767802,0.7119266055045872
12,0.20766149105740936,0.6042999656002752,0.6772277227722773
13,0.2609156799559859,0.6164774681802545,0.7460595446584938
14,0.04150413567437955,0.5169934640522875,0.6957983193277311
15,0.13638289697380562,0.5654626762985896,0.6814814814814815
16,0.1153076466316745,0.552906776745786,0.6916221033868092
17,0.21109401961615748,0.6044031647746818,0.6923076923076923
18,0.05800317944089918,0.5274165806673546,0.6605839416058394
19,0.19097493350178119,0.588063295493636,0.7155635062611808
20,0.321285149911934,0.6332301341589267,0.7736486486486488
21,0.1523804916696559,0.5732714138286894,0.686456400742115
22,0.30106152213969556,0.6521155830753353,0.7082494969818913
23,0.17682518433156014,0.5802889576883384,0.7150442477876106
24,0.15673641391577134,0.5752321981424149,0.688888888888889
25,0.02608382012127194,0.5132782937736498,0.5738045738045738
26,0.1554818426291029,0.5733402132782938,0.6958105646630236
27,0.07978361662170749,0.5406260749914,0.5958333333333332
28,0.18277500610516043,0.5832129342965255,0.7163120567375887
29,0.2655598798865606,0.6345029239766082,0.689655172413793
