,Matthews,Accuracy,F1
0,0.4282795998902751,0.6657141563264197,0.4927536231884058
1,0.21846635489014496,0.5841454578389639,0.32727272727272727
2,0.19647680235935785,0.5716692328593425,0.29545454545454547
3,0.3175046791156777,0.646223168191287,0.45398773006134974
4,0.21227500200691715,0.5813830268997373,0.32116788321167883
5,0.16049681813278793,0.5165745856353591,0.06417112299465241
6,0.31484005062987447,0.6465265827370709,0.4545454545454546
7,0.2642774846769809,0.6031790598677657,0.36690647482014394
8,0.2110006069029412,0.5509374150892129,0.20465116279069767
9,0.28213256930268865,0.584693415451499,0.30638297872340425
10,0.27530636890197646,0.5819309845122724,0.2991452991452992
11,0.3804887032795345,0.6269495516710443,0.4096385542168674
12,0.20565435617665878,0.5676931437369803,0.27530364372469635
13,0.1696467453400239,0.5360021737161489,0.15458937198067632
14,0.3762953409196288,0.6573045919753646,0.4745762711864407
15,0.4632360702024708,0.7062086767502944,0.5605095541401274
16,0.22945377570560546,0.558405035775745,0.22831050228310507
17,0.4350133610311871,0.6370890317905987,0.4315352697095436
18,0.2200474756817465,0.5785300244543067,0.3076923076923077
19,0.16390145847327775,0.5601032515170727,0.27169811320754716
20,0.30224232191654404,0.6258853364731456,0.41496598639455784
21,0.27783701770615454,0.5888823476134408,0.32098765432098764
22,0.28347119787832065,0.6050312471696404,0.36704119850187267
23,0.0,0.5,0.0
24,0.2704574289134305,0.5761027080880354,0.2807017543859649
25,0.21899279698470092,0.5409202065030341,0.15920398009950248
26,0.1833542564018687,0.5627751109500951,0.26877470355731226
27,0.2479379225767745,0.606942305950548,0.3815789473684211
28,0.22776845922819652,0.5706684177157866,0.2761506276150628
29,0.29085877389732756,0.5944072094918939,0.3346938775510204
