,Matthews,Accuracy,F1
0,0.07756157345590202,0.5357843060369842,0.34191176470588236
1,-0.010445512547892877,0.4946411113028112,0.3450381679389313
2,-0.026371358649907,0.4880640557115297,0.2598870056497175
3,0.06882432035077694,0.5251789346006451,0.2425629290617849
4,-0.050028696756773045,0.48391026344819654,0.12376237623762376
5,0.0025718943313784177,0.5009123181245457,0.18691588785046728
6,0.09789630370541431,0.5479581327017686,0.38655462184873945
7,0.11299149836717112,0.5527732902530964,0.3725135623869801
8,0.019689377341279655,0.5082422322254811,0.25819672131147536
9,0.0856015664865183,0.5431351328742988,0.39490445859872614
10,-0.01495772628062847,0.4929419514719952,0.2887700534759358
11,0.06522026413522466,0.5251946191529296,0.25934065934065936
12,0.09201716034378743,0.5438932195680475,0.368421052631579
13,0.025360795741712662,0.512375111752435,0.3350253807106599
14,0.0866014167868526,0.5431220624140617,0.3882544861337684
15,0.03370817863998012,0.5138965133240272,0.2619542619542619
16,0.014556662247014554,0.5076148501341029,0.3793103448275862
17,0.0435190783953497,0.52043174344255,0.3267504488330341
18,0.16055808924287637,0.5811440312436282,0.44620253164556967
19,0.0535584384438386,0.5203376361288434,0.24498886414253898
20,0.13235255862279824,0.5641210638308995,0.4041095890410959
21,-0.03553394689859175,0.4840174412221403,0.2504743833017078
22,-0.012200462203773342,0.49760287759252575,0.05847953216374268
23,0.07175197247081813,0.530895953908329,0.30677290836653387
24,0.1653339316356537,0.556699656508305,0.2863961813842482
25,0.0825376210779971,0.5398596755388951,0.3683304647160069
26,0.10623696954265079,0.5470824118658866,0.34362934362934366
27,0.06327106784934608,0.5301457094907226,0.34797891036906853
28,-0.0058491078777843705,0.4970460759864276,0.3359746434231379
29,0.039225365597430985,0.5146728986621076,0.22972972972972971
