,Matthews,Accuracy,F1
0,0.044633595584423036,0.5199215785479383,0.3214285714285714
1,0.09101796445807869,0.5312420946116874,0.24444444444444446
2,0.0,0.5,0.0
3,0.12236316367171012,0.558773926975293,0.4139784946236559
4,0.10007092584412329,0.5504890800236107,0.43309002433090027
5,0.09319771448651164,0.5411712623324058,0.3493975903614458
6,0.0694247878807308,0.5204907665064508,0.18400000000000002
7,0.001269976123095188,0.5006535121005143,0.3926940639269406
8,0.0,0.5,0.0
9,0.09751838152142085,0.5498777299940973,0.4439252336448598
10,0.11073368914716063,0.5452820642549963,0.32573289902280134
11,0.06709558974890333,0.5348047896112658,0.44541484716157204
12,0.06855230302133765,0.5249177839615482,0.25
13,0.0011548549968159814,0.5005902689940129,0.3840749414519906
14,0.022105958465414532,0.5100345728982207,0.314868804664723
15,0.05770612900211976,0.5283750737836242,0.3865979381443299
16,0.11511322089894492,0.5567501475672485,0.4256410256410257
17,0.11875103230158847,0.5547474491947044,0.38857142857142857
18,0.030498694501976994,0.5143983472468168,0.3425414364640884
19,0.08620278369746885,0.5394847794923687,0.3631123919308358
20,0.10615617710909651,0.5498355679230964,0.38997214484679665
21,0.0727160557184949,0.534636141327262,0.3760217983651227
22,0.027522723886796763,0.5125221350872755,0.31976744186046513
23,-0.003549181773630174,0.4982502740534615,0.3487179487179487
24,0.04136563020958072,0.5185091491694072,0.3204747774480712
25,-0.004697786699745179,0.49763892402394805,0.36363636363636365
26,0.08491361839971112,0.5391474829243612,0.36571428571428577
27,0.0685524607445171,0.5332869550552324,0.38522427440633245
28,0.1298079279667367,0.5530820473901678,0.3387622149837133
29,0.010698934745263351,0.5045956657391011,0.2795031055900621
