,Matthews,Accuracy,F1
0,-0.02134500210119604,0.49010315756401523,0.34027777777777773
1,0.03495898698867883,0.516756558621773,0.40131578947368424
2,0.03220616554611868,0.5161674608577264,0.4534883720930233
3,-0.021634372496413094,0.48946169555427554,0.38216560509554137
4,0.044546018378492064,0.5220060742525003,0.4369230769230769
5,0.045703113408539955,0.5227784468764728,0.4491017964071856
6,0.04834027965442402,0.5226213541393936,0.3904109589041096
7,0.024825466134440564,0.5124888725977902,0.45402298850574707
8,0.08642367964710826,0.5411190239304603,0.4266666666666667
9,0.0545420553146708,0.5255799340210504,0.3959044368600682
10,0.12832588522842678,0.5618290831020579,0.4625407166123778
11,0.06126096996432239,0.5293108865266796,0.4158415841584159
12,0.057789990156995624,0.5286694245169399,0.44984802431610943
13,0.019217914320946557,0.5094255642247474,0.4137931034482759
14,0.16308875669764258,0.5757972456406766,0.45674740484429066
15,0.039283575198052256,0.5181703932554852,0.3763066202090593
16,0.02506301349288746,0.5126197832120228,0.4908616187989556
17,0.060089468761701126,0.5302141697648846,0.47262247838616717
18,-0.010602590985994446,0.4947112111850029,0.41791044776119407
19,-0.003316201956462422,0.4983636173220925,0.40740740740740744
20,0.04487375748295913,0.5219798921296539,0.4276729559748428
21,-0.07165644546212784,0.47219458553699534,0.20833333333333334
22,0.0011686547346638695,0.5005760067026235,0.40866873065015474
23,0.013076492386478771,0.5065717128344767,0.44508670520231214
24,-0.006172546925866028,0.49692360056553386,0.41916167664670667
25,0.01787217766126907,0.508653191600775,0.39999999999999997
26,0.08905991633783572,0.5441823323035031,0.46808510638297873
27,0.06400698569576367,0.52923234015814,0.3829787234042553
28,0.044546018378492064,0.5220060742525003,0.4369230769230769
29,0.03150915599392435,0.5144656228727025,0.3661971830985915
