,Matthews,Accuracy,F1
0,0.006893437851713654,0.5034502262443439,0.5507246376811594
1,0.1145645222963576,0.5563348416289593,0.6238532110091742
2,0.08264664653528707,0.5414027149321267,0.5825242718446602
3,-0.11922855203406024,0.44089366515837103,0.5140186915887851
4,-0.06964312614626655,0.4665158371040724,0.5663716814159292
5,-0.0474090875624078,0.47720588235294115,0.5752212389380531
6,-0.0479442085264833,0.47737556561085975,0.3855421686746988
7,-0.028461357479944178,0.48580316742081453,0.5428571428571429
8,0.04961015109675892,0.5248303167420815,0.5700483091787439
9,0.011155016321829005,0.5055995475113122,0.5418719211822659
10,0.05130946751030328,0.5253393665158371,0.5925925925925927
11,-0.0026115773207081934,0.49869909502262444,0.4838709677419355
12,-0.015873397667567617,0.49219457013574663,0.5688073394495413
13,-0.04267034558857014,0.4798642533936652,0.5887445887445888
14,0.05302539258294548,0.52420814479638,0.6386554621848739
15,-0.02760590898707412,0.48733031674208144,0.6075949367088608
16,-0.0786939525541086,0.46074660633484166,0.44919786096256686
17,-0.004313423279230331,0.49802036199095023,0.6160337552742616
18,0.12614154795242888,0.5633484162895928,0.5743589743589744
19,-0.026244343891402715,0.48687782805429863,0.5384615384615384
20,0.004756514941544941,0.5023755656108597,0.5550239234449761
21,0.0827278151694757,0.5391968325791855,0.6347826086956522
22,0.09094095254285516,0.5457013574660634,0.5656565656565657
23,-0.07113654653011472,0.46702488687782806,0.5872340425531914
24,0.0211091295878385,0.5097850678733031,0.6212765957446807
25,0.06195951869238918,0.5295814479638009,0.6228070175438598
26,-0.04728518207356036,0.4766968325791855,0.5529953917050691
27,0.08065610859728507,0.5403280542986426,0.5865384615384616
28,0.15828126610131343,0.5793552036199094,0.6146341463414634
29,-0.011104033717702478,0.495814479638009,0.6590038314176244
