,Matthews,Accuracy,F1
0,0.06834274868770647,0.5295602018745493,0.2746478873239437
1,-0.011253789986214487,0.49799727629576224,0.0427807486631016
2,0.0660274779287266,0.5201674277016742,0.17194570135746606
3,0.0,0.5,0.0
4,0.12670239137928163,0.5611431546903789,0.35802469135802467
5,0.11260646246978923,0.5087719298245614,0.034482758620689655
6,0.0,0.5,0.0
7,0.09862564827276087,0.5443202755747817,0.3108108108108108
8,0.1052368938458455,0.5330048866458383,0.20535714285714288
9,0.04076495064477151,0.5140991748778339,0.18565400843881857
10,0.10487046376424831,0.5521509252583514,0.3539823008849557
11,0.18536932624938782,0.5738604502122887,0.3346007604562738
12,0.1312185086691673,0.5575182247857086,0.3263888888888889
13,0.0,0.5,0.0
14,0.12793089840393873,0.5493270848353762,0.28124999999999994
15,0.04902424409603428,0.5223503965392935,0.27906976744186046
16,0.05755077261757099,0.5234318673395818,0.24626865671641787
17,0.15214493039040944,0.5511896178803173,0.2575107296137339
18,0.11047078947720992,0.5536529680365296,0.34862385321100914
19,0.1112929476409813,0.5384923495954498,0.23628691983122363
20,0.0762660931467333,0.5359689177281102,0.31210191082802546
21,0.013209961447437918,0.5037651205639669,0.12149532710280374
22,0.08788853774629123,0.5277978050148202,0.19555555555555557
23,0.11838545897621083,0.5510293999839782,0.3109540636042403
24,0.0,0.5,0.0
25,0.07271613045878987,0.5305615637266683,0.26811594202898553
26,0.14213940425956545,0.5545341664663943,0.2901960784313726
27,0.11764324616150502,0.5439798125450612,0.264
28,0.022490490868414724,0.5086717936393494,0.203125
29,0.008941948769081201,0.5034647120083313,0.19455252918287938
