,Matthews,Accuracy,F1
0,0.4783885391565324,0.7353767042186813,0.7513513513513514
1,0.5338500424543465,0.7545417639297676,0.710801393728223
2,0.4246948075853898,0.7103589431306878,0.6857142857142857
3,0.5168911681966661,0.7579248283094827,0.7461773700305809
4,0.5588501425132653,0.7733516018809838,0.7458745874587459
5,0.5111081130015567,0.7549308163334348,0.7423312883435583
6,0.40090557223634027,0.6988903548834535,0.6750788643533123
7,0.5970643145783164,0.7904699076423425,0.7625418060200669
8,0.5751129644017136,0.7823336378091275,0.758169934640523
9,0.5277824517276063,0.7552183768057106,0.7186440677966103
10,0.5296202540111261,0.7587198484387158,0.7284768211920529
11,0.6451283461927654,0.8174160154267736,0.7987012987012986
12,0.5122608660249083,0.7499069657295578,0.717607973421927
13,0.41988950389909263,0.7070266247166683,0.6774193548387097
14,0.3208567110691453,0.6590547718123076,0.6740331491712708
15,0.4839268978848546,0.7392841435772523,0.7156549520766773
16,0.5811931228576594,0.7814878717141988,0.75
17,0.45277863974364,0.7261747691058561,0.7151515151515152
18,0.6243616534798715,0.7982678710375859,0.7638888888888888
19,0.5286041460096764,0.7515477519537197,0.7062937062937064
20,0.4877249830399856,0.7436313813051862,0.7333333333333334
21,0.44751775807061045,0.7223349910348793,0.702194357366771
22,0.5590069162628639,0.777529686389932,0.7610062893081762
23,0.6262567046114379,0.8051016610846105,0.7799999999999999
24,0.5060791202040135,0.7514293447004297,0.7335423197492164
25,0.4947665980949849,0.7474711593761629,0.7448680351906158
26,0.6666160018215419,0.8087215399709056,0.7664233576642336
27,0.6076813278700787,0.7964579315944382,0.770764119601329
28,0.5355658997218234,0.7658919449237118,0.7484276729559749
29,0.6343780952369509,0.8114279914746778,0.7908496732026143
