,Matthews,Accuracy,F1
0,0.7682918461586836,0.883501754018535,0.8480565371024734
1,0.7494907262211575,0.8309859154929577,0.7966101694915254
2,0.7304732035317973,0.833918006178334,0.7967479674796748
3,0.7566129569475412,0.8413529504162521,0.8099173553719008
4,0.7765400147208285,0.878907272632075,0.8487084870848709
5,0.7080018918574909,0.8578721399026127,0.8109965635738832
6,0.7280294073273867,0.8389051782815855,0.8015873015873017
7,0.7819888027111266,0.8791036179904708,0.8507462686567164
8,0.41866345728543863,0.7138855437457459,0.6287625418060201
9,0.712720566533498,0.8597308759620923,0.8137931034482759
10,0.7544888214330777,0.8681475469919891,0.8339483394833949
11,0.6153626804127121,0.812778155924394,0.7525423728813558
12,0.5245506588241865,0.7720823079742395,0.7006369426751592
13,0.7403433609024989,0.8426226504005445,0.808
14,0.7932213089890505,0.8828210901094298,0.8571428571428572
15,0.6975859653783941,0.795774647887324,0.743362831858407
16,0.5716389027460688,0.7833394418555946,0.7168458781362007
17,0.7287871496469929,0.8169014084507042,0.7758620689655172
18,0.7028014205227852,0.7992957746478873,0.748898678414097
19,0.8026352664631184,0.8747054819624064,0.8537549407114624
20,0.6981856485824084,0.8312738886852715,0.7876447876447876
21,0.7996775378314431,0.8813550447667418,0.8582375478927202
22,0.6882997400794327,0.8175820723598094,0.7710843373493975
23,0.8017066728418611,0.8763678726634903,0.8549019607843137
24,0.5620038061139715,0.7917430231949316,0.7238095238095238
25,0.6161963076215435,0.8065212838368501,0.7473309608540926
26,0.7487039445750899,0.8411566050578564,0.8081632653061225
27,0.737737208297715,0.8509346039059636,0.8153846153846154
28,0.7727196498289418,0.8637494109639248,0.8359375
29,0.8131663967850324,0.8817477354835331,0.8627450980392156
