,Matthews,Accuracy,F1
0,0.029662753221159636,0.5108225108225108,0.2
1,0.0,0.5,0.0
2,-0.10576923076923077,0.46033653846153844,0.10526315789473684
0,-0.10975218691829065,0.45995670995670995,0.1
1,0.0,0.5,0.0
2,0.21124075543088197,0.6129807692307692,0.4666666666666667
0,-0.04741046559307605,0.48051948051948057,0.18181818181818182
1,0.07638352789995585,0.5313852813852814,0.2727272727272727
2,-0.09608826434822593,0.484375,0.0
0,-0.0960346885066768,0.48484848484848486,0.0
1,0.0,0.5,0.0
2,0.0,0.5,0.0
0,0.0,0.5,0.0
1,0.0,0.5,0.0
2,0.026207120918047958,0.5072115384615384,0.125
0,0.0454029804402663,0.5216450216450217,0.30769230769230765
1,0.15597595331559458,0.5670995670995671,0.34782608695652173
2,-0.1374603536922894,0.46875,0.0
0,0.0,0.5,0.0
1,0.0,0.5,0.0
2,0.038461538461538464,0.5144230769230769,0.21052631578947367
0,0.020247063781244273,0.5054112554112554,0.11764705882352941
1,-0.13731430681184992,0.4696969696969697,0.0
2,0.2675485015731593,0.6069711538461539,0.4
0,0.07705141285294195,0.525974025974026,0.21052631578947364
1,0.0454029804402663,0.5216450216450217,0.30769230769230765
2,-0.06933752452815364,0.47596153846153844,0.1111111111111111
0,-0.0960346885066768,0.48484848484848486,0.0
1,0.13480263621268787,0.5411255411255411,0.22222222222222224
2,-0.10576923076923077,0.46033653846153844,0.10526315789473684
