,Matthews,Accuracy,F1
0,0.747732840022484,0.8749144187320279,0.8444444444444444
1,0.7335855938539166,0.8645762015610023,0.8333333333333334
2,0.7222113634340791,0.8640572390572391,0.8296296296296296
0,0.7221071099004559,0.8599890455976996,0.8270676691729324
1,0.7590031493906614,0.8795015746953307,0.8507462686567164
2,0.7055472065368655,0.8505892255892256,0.8153846153846153
0,0.7349034643297275,0.8674517321648638,0.835820895522388
1,0.7756674630740158,0.8927153224702178,0.8633093525179857
2,0.6826599326599326,0.8413299663299663,0.803030303030303
0,0.6834139930356464,0.8473914829522115,0.8085106382978724
1,0.7845683613286384,0.894426947829659,0.8676470588235295
2,0.7055472065368655,0.8505892255892256,0.8153846153846153
0,0.6996682016572695,0.8508147336710941,0.8148148148148148
1,0.7209214276584541,0.8571135149938381,0.8244274809160305
2,0.744494912769926,0.8733164983164983,0.8421052631578948
0,0.7590031493906614,0.8795015746953307,0.8507462686567164
1,0.7108037792687937,0.8554018896343969,0.8208955223880597
2,0.6589704728901546,0.8362794612794613,0.7943262411347518
0,0.6937722284376664,0.8519786389155142,0.8142857142857143
1,0.7366308395116481,0.8703272627687252,0.838235294117647
2,0.7429851775407923,0.8703703703703705,0.8396946564885497
0,0.6838720521360035,0.837600985896207,0.8
1,0.6539634600638886,0.8295905792140217,0.7883211678832117
2,0.7948499629933449,0.9006734006734007,0.8740740740740741
0,0.7462780591858268,0.8720388881281664,0.8421052631578948
1,0.7237005208398768,0.862864576201561,0.8296296296296296
2,0.7172624368766931,0.8552188552188552,0.8217054263565892
0,0.78150862173725,0.8858003560180747,0.8615384615384615
1,0.7590031493906614,0.8795015746953307,0.8507462686567164
2,0.708995414281323,0.8564814814814815,0.8208955223880597
