,Matthews,Accuracy,F1
0,0.2464431946832728,0.624910394265233,0.5739130434782609
1,0.22214450709454567,0.6126142376142376,0.5627705627705627
2,0.2107616795657655,0.6071125136545696,0.5617021276595745
0,0.2059504666084058,0.6016129032258064,0.5192307692307693
1,0.19096312678754293,0.5932539682539683,0.5024630541871922
2,0.2446911967752928,0.624377958490108,0.5822784810126582
0,0.228859822646328,0.6126941457586619,0.5314009661835749
1,0.22132176671658865,0.6108104858104858,0.543778801843318
2,0.16536083783653577,0.5831108144192256,0.5137614678899083
0,0.23589074715261138,0.6159199522102747,0.5339805825242717
1,0.19701343368303895,0.5995670995670995,0.5714285714285715
2,0.28523284923884057,0.6234069668649108,0.48520710059171596
0,0.1540071069401032,0.57721027479092,0.5045871559633027
1,0.22700452762734408,0.598003848003848,0.44705882352941173
2,0.27064770439011326,0.6332382570700328,0.5560975609756097
0,0.2725833229799254,0.6368279569892473,0.5753424657534246
1,0.11745742743588479,0.553030303030303,0.4022346368715084
2,0.24557623416386595,0.6206457094307561,0.5392156862745098
0,0.19682774173837167,0.5884109916367981,0.449438202247191
1,0.21705078399864797,0.608044733044733,0.5352112676056338
2,0.2536154792433386,0.628413642432334,0.575221238938053
0,0.11725043120526754,0.5557347670250896,0.4352331606217617
1,0.21242065619915576,0.602994227994228,0.5099999999999999
2,0.24242263922640667,0.6202512440830197,0.5454545454545454
0,0.19433685502126966,0.5975507765830347,0.5296803652968036
1,0.2749253231374303,0.6354016354016354,0.5603864734299517
2,0.23115019187138278,0.6116943803859691,0.517766497461929
0,0.12442374329732014,0.5589605734767025,0.43750000000000006
1,0.22694768015651995,0.6117724867724867,0.5314009661835749
2,0.13244668208150806,0.560686976574827,0.419889502762431
