,Matthews,Accuracy,F1
0,0.08989331499509894,0.5448484848484848,0.4563758389261745
1,-0.013858993015323668,0.49303030303030304,0.40522875816993464
2,-0.008126598686530147,0.49594594594594593,0.39455782312925164
0,-0.018144468023457302,0.4909090909090909,0.3973509933774835
1,0.033906784013365505,0.5163636363636364,0.391304347826087
2,0.04552895648247066,0.5212530712530712,0.372093023255814
0,0.038021177593677256,0.5184848484848485,0.4
1,0.04222578113428758,0.5160606060606061,0.2641509433962264
2,-0.01857128855749816,0.4922604422604423,0.26548672566371684
0,-0.08107305043090977,0.4633333333333333,0.272
1,-0.058629912781453034,0.4712121212121212,0.3496503496503497
2,0.09839673668382452,0.5398034398034398,0.3272727272727273
0,0.1302036655092691,0.5615151515151515,0.43609022556390975
1,0.167275772045408,0.5793939393939394,0.46268656716417916
2,0.06687592869069929,0.5283783783783784,0.33043478260869563
0,0.014959151840135314,0.5072727272727273,0.38571428571428573
1,0.07526764756217953,0.5348484848484848,0.38759689922480617
2,0.05676926363471318,0.5277641277641278,0.41428571428571426
0,-0.012186549973773953,0.4942424242424242,0.3458646616541353
1,0.1000056085474307,0.5478787878787879,0.42647058823529416
2,0.013800439445864962,0.507002457002457,0.43312101910828027
0,-0.04078427661382233,0.4793939393939394,0.39743589743589747
1,0.019419175500117843,0.5084848484848485,0.31666666666666665
2,0.031219881080506613,0.5144963144963145,0.35937499999999994
0,-0.007161148740394329,0.49666666666666665,0.3384615384615385
1,-0.09459523452669827,0.453030303030303,0.34013605442176864
2,0.002140519274297932,0.500982800982801,0.3333333333333333
0,-0.007627700713964739,0.49636363636363634,0.35555555555555557
1,-0.013393536621163198,0.4933333333333333,0.3918918918918919
2,0.08386362284057965,0.5412776412776413,0.4366197183098592
