,Matthews,Accuracy,F1
0,0.15489771265878086,0.5554263565891473,0.2838709677419355
1,0.15618844843011037,0.5480898478952954,0.23943661971830985
2,0.15818049684599944,0.552136508049834,0.26027397260273977
0,0.07158938799764726,0.522938689217759,0.19310344827586204
1,0.2351168336821131,0.5922709586133711,0.3734939759036145
2,0.09651863161754555,0.528504622853675,0.1884057971014493
0,0.13699346119794908,0.5449964763918252,0.24489795918367344
1,0.0915758210169125,0.5247081712062257,0.16417910447761194
2,0.185655420891591,0.5672901866990325,0.3096774193548387
0,0.11449306251679758,0.5352360817477096,0.2112676056338028
1,0.1515852392171242,0.5337813937035727,0.15873015873015875
2,0.1216940866032907,0.54240888159069,0.25165562913907286
0,0.20328357604509256,0.557892882311487,0.24817518248175183
1,0.2330547405188961,0.5747081712062256,0.303448275862069
2,-0.03016059831445038,0.48779138257237714,0.18934911242603553
0,0.18397492595910211,0.5664552501761804,0.3076923076923077
1,0.05792592725647233,0.5175804740007075,0.17021276595744683
2,0.196677311682086,0.5685396066112163,0.304635761589404
0,0.11724912491728423,0.5431289640591966,0.2658227848101266
1,0.08417833516428795,0.5273257870534135,0.20547945205479454
2,0.0,0.5,0.0
0,0.09794982627905716,0.5274136715997181,0.1764705882352941
1,0.1351067417093121,0.541598868058012,0.22535211267605632
2,0.10032439259823238,0.5318423589047943,0.2097902097902098
0,0.1952311864294809,0.5742776603241719,0.3333333333333333
1,0.10322902812319182,0.5299080297134772,0.18840579710144928
2,0.15389285044827858,0.5461571413272409,0.23021582733812954
0,0.14006632801561927,0.5377730796335448,0.19402985074626866
1,0.0,0.5,0.0
2,0.05915989967115497,0.5187769963945311,0.18181818181818185
