,Matthews,Accuracy,F1
0,-0.010546199952805545,0.49537037037037035,0.31683168316831684
1,-0.01133732276291447,0.4945023148148148,0.3931623931623932
2,0.12875632055234976,0.5609126984126984,0.4545454545454546
0,0.020727847423462124,0.5101273148148149,0.4201680672268907
1,0.02392481401265223,0.511766975308642,0.4297520661157025
2,-0.058684559732696366,0.4705357142857143,0.4186046511627907
0,0.08827680915834321,0.5426311728395061,0.4482758620689655
1,0.033483945941826056,0.5163001543209876,0.423728813559322
2,0.10992944806499692,0.5406746031746031,0.3023255813953488
0,0.09659341830042667,0.5455246913580247,0.43243243243243246
1,0.04278633590085585,0.5212191358024691,0.45161290322580644
2,0.04886272748799578,0.520734126984127,0.3333333333333333
0,-0.09085648148148148,0.45457175925925924,0.390625
1,0.1771280927336834,0.5862268518518519,0.5084745762711864
2,0.0868414667583944,0.5259920634920635,0.20779220779220778
0,0.10903736098482474,0.5414737654320987,0.3146067415730337
1,0.020727847423462124,0.5101273148148149,0.4201680672268907
2,0.00530280241889731,0.5024801587301587,0.37037037037037035
0,-0.02599966435223371,0.4870756172839506,0.4159999999999999
1,0.0207870262369968,0.509741512345679,0.3818181818181817
2,0.06122567081249424,0.5296626984126984,0.43478260869565216
0,0.06804138174397717,0.5335648148148149,0.4590163934426229
1,-0.06514466333088097,0.4681712962962963,0.3697478991596639
2,0.022141612599726343,0.5104166666666666,0.38532110091743116
0,0.09420471571874114,0.5438850308641976,0.4220183486238532
1,0.0021343008050341106,0.5010609567901234,0.432
2,-0.06946232319096902,0.4654761904761905,0.3902439024390244
0,0.020727847423462124,0.5101273148148149,0.4201680672268907
1,-0.05177570938561006,0.4755979938271605,0.3423423423423423
2,0.1800205749557739,0.5902777777777778,0.5468749999999999
