,Matthews,Accuracy,F1
0,0.31563080528886867,0.6237842529937462,0.44881889763779526
1,0.32291868354785963,0.6298980567059573,0.46511627906976744
2,0.3074327324854919,0.6361898693851545,0.5
0,0.31000161635798607,0.6185267020458087,0.43373493975903615
1,0.35139928492885536,0.6456275884039503,0.49811320754716987
2,0.31129371314903576,0.6240841032175852,0.453125
0,0.2757613381077479,0.6184181972420052,0.46376811594202894
1,0.3646500303969888,0.6418843580758203,0.47808764940239046
2,0.3506689605050583,0.6283848359350112,0.44166666666666665
0,0.28644975096452807,0.6128844522480222,0.43137254901960786
1,0.30542512513459014,0.6211771264733992,0.44705882352941173
2,0.3791875106790588,0.657773176170755,0.518796992481203
0,0.3340463489183758,0.6277200181498944,0.44979919678714864
1,0.26353755589486466,0.6020229372411596,0.40800000000000003
2,0.298011469514353,0.6273096527556546,0.4761904761904762
0,0.315928309708555,0.6285190080688118,0.46564885496183206
1,0.3307040746581192,0.6232478496336413,0.43621399176954734
2,0.31796014050576493,0.6317696718700223,0.47547169811320744
0,0.2581435930145974,0.6031683402710647,0.4186046511627907
1,0.2995174873771743,0.6182701497292131,0.44094488188976383
2,0.3353178750776274,0.6416852500796433,0.4962962962962963
0,0.3499552266077188,0.641125293456174,0.4846153846153846
1,0.3439100902162864,0.6266725071678878,0.43983402489626555
2,0.28134035999533297,0.6083545715195922,0.41767068273092367
0,0.25741609605025156,0.6085639882420248,0.4428044280442804
1,0.32346051340032694,0.6239248168206435,0.4435483870967742
2,0.3356650195130805,0.642879898056706,0.5
0,0.424693748770993,0.6551618694391288,0.4896265560165975
1,0.3183066965919637,0.6329643198470851,0.4794007490636704
2,0.23692780717963893,0.6001115004778592,0.4296296296296297
