,Matthews,Accuracy,F1
0,0.5159245074089162,0.7661780973451328,0.626865671641791
1,0.5364796810572308,0.7432200970596632,0.6181818181818182
2,0.5426920930079251,0.7884670282614902,0.6470588235294118
0,0.5044065581864124,0.7549778761061947,0.6153846153846154
1,0.5887210475813146,0.7754781615757922,0.6666666666666667
2,0.5184100064133655,0.765058521267485,0.625
0,0.599004424778761,0.7995022123893805,0.6875
1,0.4249134377276409,0.7195261204681702,0.5538461538461539
2,0.6303777269283014,0.8485583785326862,0.7123287671232876
0,0.5297557348447113,0.7706028761061947,0.6363636363636364
1,0.5628483193261542,0.7593491293177277,0.6428571428571428
2,0.5560334249809833,0.8074507564944333,0.6575342465753424
0,0.5654115894520784,0.7726769911504425,0.6557377049180328
1,0.41833618805435474,0.7296602911789895,0.5555555555555556
2,0.6520614816629359,0.8004567513559806,0.7142857142857142
0,0.5188053097345132,0.7594026548672566,0.625
1,0.4458070589067129,0.7021124750214103,0.5454545454545454
2,0.5172344157812592,0.7796174707393663,0.6285714285714286
0,0.6950098056772012,0.8620022123893805,0.7647058823529411
1,0.49220090901940167,0.7489294890094205,0.6031746031746031
2,0.46469727064882443,0.7400799314872966,0.5846153846153845
0,0.5658658169721049,0.7974280973451328,0.6666666666666667
1,0.5447957466218797,0.7549243505566657,0.631578947368421
2,0.4953235425387171,0.7416500142734799,0.6000000000000001
0,0.5589048672566371,0.7794524336283186,0.65625
1,0.4350553414901781,0.6904082215244076,0.5283018867924528
2,0.5067085355409648,0.7533542677704824,0.6129032258064516
0,0.4931792874622392,0.7437776548672566,0.6031746031746031
1,0.4914359204119531,0.7634884384813017,0.6086956521739131
2,0.4953235425387171,0.7416500142734799,0.6000000000000001
