,Matthews,Accuracy,F1
0,0.008351622533364765,0.5036618539443398,0.3191489361702127
1,0.08707627118644068,0.5435381355932204,0.4745762711864407
2,0.04484968509224522,0.5226293103448276,0.4628099173553719
0,0.024329798801451342,0.5120318058171165,0.4210526315789474
1,-0.001271186440677966,0.499364406779661,0.423728813559322
2,-0.006788942178103426,0.49719827586206894,0.27586206896551724
0,-0.039835982248082415,0.48043523749738437,0.375
1,-0.020148705149032258,0.4914194915254237,0.2857142857142857
2,-0.02626128657194451,0.4879310344827586,0.32653061224489793
0,0.006825690518942807,0.5034526051475204,0.46969696969696967
1,0.06817087481184286,0.5293432203389831,0.3478260869565218
2,0.023176179118107213,0.5116379310344827,0.44067796610169496
0,-0.017716466781757798,0.49372253609541744,0.20253164556962028
1,0.08017993099375086,0.5333686440677966,0.33707865168539325
2,-0.0034764869337394,0.4982758620689655,0.4070796460176991
0,0.0,0.5,0.0
1,-0.026225050230884676,0.4878177966101695,0.33663366336633666
2,0.09593671849388664,0.5426724137931035,0.3829787234042554
0,-0.04506875709508268,0.4772965055450931,0.4098360655737705
1,0.045031813112880834,0.5225635593220339,0.45378151260504196
2,0.0,0.5,0.0
0,-0.04064199237786237,0.481272232684662,0.32
1,-0.01285914405313385,0.4940677966101695,0.33999999999999997
2,-0.040948275862068964,0.4795258620689655,0.39655172413793105
0,0.017716466781757794,0.507532956685499,0.30769230769230765
1,-0.11708982588351181,0.4422669491525424,0.33628318584070793
2,0.04300249878178979,0.5200431034482759,0.37999999999999995
0,-0.1664944652521525,0.4164051056706424,0.3333333333333333
1,-0.0957786729916282,0.4579449152542373,0.25531914893617025
2,-0.054323375830245414,0.4739224137931034,0.3428571428571428
