,Matthews,Accuracy,F1
0,0.15683711594455002,0.5740011525163273,0.4233576642335766
1,0.17172420131078409,0.5861068111455108,0.4705882352941176
2,0.06940283046836006,0.5303921568627451,0.3252032520325203
0,0.17672322287303757,0.5746734537072609,0.38333333333333336
1,0.03835041962710993,0.5181888544891641,0.34782608695652173
2,-0.012399787981656625,0.49431372549019614,0.29230769230769227
0,0.14576625424545644,0.556377257011141,0.32432432432432434
1,0.0,0.5,0.0
2,0.06812449844223524,0.5264705882352941,0.27272727272727276
0,0.14747404372414002,0.5681425278524779,0.4060150375939849
1,0.14864059606954338,0.5588235294117647,0.33628318584070793
2,0.15909694922225806,0.5733823529411765,0.4122137404580153
0,0.08646543880755557,0.5403860929696505,0.37037037037037035
1,0.045906916508182086,0.5164473684210527,0.22857142857142856
2,0.24710501312781963,0.6011764705882353,0.4173913043478261
0,0.1722127722644362,0.5666058394160585,0.34234234234234234
1,0.2672060122239956,0.6273219814241486,0.5035971223021583
2,0.0668117692464352,0.5313235294117648,0.3582089552238806
0,0.0708241438302265,0.5264118325009605,0.25925925925925924
1,0.05391779099037914,0.524187306501548,0.32812500000000006
2,0.08612261588643345,0.5409803921568628,0.3795620437956204
0,0.13803047109897337,0.5622839031886285,0.3875968992248062
1,0.14076578392634,0.5623065015479876,0.38095238095238093
2,0.2122253713776205,0.6023529411764705,0.4714285714285715
0,0.13576442497916086,0.5674702266615443,0.44
1,0.212047642727708,0.5830108359133127,0.37500000000000006
2,0.1009543601214402,0.5421078431372549,0.3247863247863248
0,0.14747404372414002,0.5681425278524779,0.4060150375939849
1,0.08661046086327175,0.5346362229102167,0.29824561403508776
2,0.16829523414545514,0.5747549019607843,0.4
