,Matthews,Accuracy,F1
0,0.011562432251572007,0.5057932263814616,0.44660194174757284
1,0.07074848121043226,0.5354545454545454,0.4752475247524752
2,-0.11879646345341298,0.4423076923076923,0.32608695652173914
0,0.007147131658295994,0.5035650623885919,0.4356435643564357
1,-0.01926367141198764,0.4906060606060606,0.38709677419354843
2,-0.09692307692307692,0.45153846153846156,0.38
0,0.15066607009832805,0.5548128342245989,0.31884057971014496
1,0.03465551552870498,0.5160606060606061,0.37647058823529417
2,-0.021452821193181423,0.48923076923076925,0.4313725490196078
0,0.04491694303148581,0.5218360071301248,0.425531914893617
1,-0.10639197872694611,0.4478787878787879,0.3404255319148936
2,-0.0030535240827622968,0.4984615384615385,0.4727272727272728
0,0.014330188380805978,0.5062388591800356,0.325
1,-0.09941427745773665,0.45,0.38834951456310685
2,0.10404074587078073,0.5523076923076924,0.5048543689320388
0,0.08935660124818569,0.5450089126559714,0.5046728971962616
1,0.08886145199723332,0.5433333333333333,0.45161290322580644
2,-0.03698001308168194,0.48461538461538467,0.26666666666666666
0,0.06876535683828046,0.5338680926916222,0.4536082474226804
1,0.14474257570991506,0.5709090909090909,0.4893617021276596
2,0.055127726208877265,0.5261538461538462,0.40909090909090906
0,0.11301219367430682,0.554367201426025,0.4565217391304348
1,-0.09941427745773665,0.45,0.38834951456310685
2,-0.17541160386140586,0.42923076923076925,0.1643835616438356
0,-0.031148394932776245,0.48573975044563283,0.32941176470588235
1,-0.024485843686096576,0.48818181818181816,0.3736263736263737
2,0.10356589122141215,0.5507692307692308,0.46808510638297873
0,-0.0018096146536389593,0.4991087344028521,0.4123711340206186
1,0.13266589316723396,0.5657575757575757,0.49484536082474223
2,-0.09772811843159818,0.4523076923076923,0.3440860215053763
