,Matthews,Accuracy,F1
0,-0.20829216151875174,0.3961693548387097,0.36666666666666664
1,-0.3014112903225806,0.3492943548387097,0.3492063492063492
2,-0.2793643296657431,0.3618279569892473,0.4
0,-0.10998533626601496,0.44556451612903225,0.4776119402985074
1,-0.2376148444510032,0.38155241935483875,0.39999999999999997
2,-0.11540351966136222,0.44516129032258067,0.5142857142857143
0,0.0458272234441729,0.5226814516129032,0.48275862068965514
1,-0.11200812967981165,0.44405241935483875,0.4262295081967213
2,-0.08090657254733606,0.45967741935483875,0.47619047619047616
0,-0.2749633406650374,0.3639112903225806,0.3103448275862069
1,-0.23790322580645162,0.3810483870967742,0.38095238095238093
2,-0.08873455923376955,0.456989247311828,0.3773584905660377
0,0.11021284274535893,0.5549395161290323,0.5333333333333333
1,0.20859423283068812,0.6013104838709677,0.5454545454545454
2,-0.1485469106027139,0.4258064516129032,0.4067796610169491
0,0.08446877845160874,0.5413306451612903,0.5797101449275363
1,-0.2712704587552927,0.36643145161290325,0.411764705882353
2,0.08090657254733606,0.5403225806451613,0.5172413793103449
0,-0.11088709677419355,0.44455645161290325,0.4444444444444444
1,-0.26942496058116855,0.3654233870967742,0.37500000000000006
2,0.01320484442556595,0.5064516129032258,0.4444444444444445
0,-0.0465118418925368,0.47681451612903225,0.4923076923076923
1,-0.2383015619096991,0.38205645161290325,0.417910447761194
2,-0.01722283021480741,0.4913978494623656,0.47457627118644075
0,-0.1743951612903226,0.41280241935483875,0.4126984126984127
1,-0.05497234188277219,0.47379032258064513,0.3773584905660377
2,-0.08441736418987364,0.45806451612903226,0.4210526315789474
0,-0.1769037156599763,0.41481854838709675,0.47887323943661964
1,-0.2058527788710052,0.39717741935483875,0.40625
2,-0.18035210484058706,0.41129032258064513,0.45454545454545453
