,Matthews,Accuracy,F1
0,0.6897979292329923,0.830392156862745,0.7368421052631577
1,0.7373301968690722,0.8832956259426847,0.7804878048780488
2,0.669016730151054,0.7954374057315234,0.7058823529411765
0,0.6273681463202141,0.8004901960784314,0.6842105263157895
1,0.7733669419490805,0.8906485671191553,0.810126582278481
2,0.72855449011694,0.8442684766214178,0.767123287671233
0,0.6288543539212758,0.782843137254902,0.676056338028169
1,0.6827411282925214,0.8265460030165912,0.7297297297297296
2,0.6827411282925214,0.8265460030165912,0.7297297297297296
0,0.7867595896830744,0.8852941176470588,0.8205128205128205
1,0.6585878203432716,0.8033559577677225,0.7042253521126761
2,0.6393338937920892,0.7905354449472097,0.6857142857142857
0,0.6585830377766032,0.8154411764705882,0.7105263157894738
1,0.7861990950226244,0.8930995475113122,0.8205128205128205
2,0.5408147725972817,0.6977752639517345,0.5517241379310346
0,0.0,0.5,0.0
1,0.6381919793898578,0.8088235294117647,0.6933333333333334
2,0.5856830745548519,0.7624434389140271,0.6376811594202899
0,0.7522277121457706,0.8602941176470589,0.7894736842105262
1,0.6760187694394219,0.8344645550527903,0.7272727272727273
2,0.7068854663529468,0.8497360482654601,0.7532467532467534
0,0.6363957225538923,0.7651960784313725,0.6666666666666667
1,0.6729393742574747,0.8058069381598794,0.7142857142857142
2,0.7068854663529468,0.8497360482654601,0.7532467532467534
0,0.6646416889943529,0.8254901960784313,0.717948717948718
1,0.7196416111079303,0.852187028657617,0.7631578947368421
2,0.6393338937920892,0.7905354449472097,0.6857142857142857
0,0.6005175903211868,0.7502450980392157,0.6363636363636364
1,0.7013098674613822,0.8393665158371041,0.7466666666666666
2,0.46402206846481164,0.6776018099547512,0.5
