,Matthews,Accuracy,F1
0,-0.017366518583105343,0.49500659506312417,0.13513513513513514
1,-0.1164406027861935,0.46645062905070533,0.08108108108108109
2,0.12062663525184013,0.5468992248062016,0.32558139534883723
0,0.13316678248015404,0.5580365554927454,0.3917525773195876
1,-0.06473844241572445,0.4749332825009531,0.20689655172413793
2,-0.024922858523107466,0.4903100775193798,0.2325581395348837
0,0.030385997389991763,0.510552100998681,0.22222222222222224
1,0.06969564155394364,0.5325962638200533,0.3962264150943396
2,-0.111009007871883,0.4562015503875969,0.18390804597701152
0,0.08603958458876655,0.5399472394950066,0.4
1,-0.005002338897727516,0.4981890964544414,0.21686746987951805
2,-0.15485512968388718,0.4321705426356589,0.20833333333333334
0,-0.00456304224896162,0.49820991143772375,0.25
1,-0.0026332349242407615,0.4987609607319863,0.3551401869158879
2,0.052797289027239465,0.521124031007752,0.29545454545454547
0,-0.026806300369381655,0.48831731675146034,0.28865979381443296
1,0.0,0.5,0.0
2,-0.032034284163465813,0.4862403100775194,0.2765957446808511
0,-0.03965373867849988,0.4834181270020727,0.25806451612903225
1,0.0739099642406823,0.5349790316431567,0.40740740740740744
2,-0.06378854085352993,0.47131782945736433,0.2828282828282829
0,0.0665243527874931,0.5260976069342378,0.29545454545454547
1,-0.06473844241572445,0.4749332825009531,0.20689655172413793
2,0.14336712979208527,0.5687984496124031,0.45871559633027525
0,0.10206805030572044,0.5400414546824948,0.3181818181818182
1,0.01543621658018349,0.5066717499046893,0.3125
2,0.018924968757088295,0.5060077519379845,0.18421052631578946
0,-0.039911643183328536,0.4817222536272847,0.3106796116504854
1,-0.011689575843621292,0.494281357224552,0.3826086956521739
2,-0.08639965440207359,0.45813953488372094,0.3243243243243243
