,Matthews,Accuracy,F1
0,0.03636363636363636,0.5181818181818182,0.4000000000000001
1,0.13344012817090595,0.5576923076923077,0.37499999999999994
2,0.16006308852353282,0.5701923076923077,0.4
0,0.15681818181818183,0.5784090909090909,0.47500000000000003
1,0.13591261350015596,0.5682692307692307,0.4691358024691358
2,0.12756249193674615,0.5634615384615385,0.45569620253164556
0,0.05376961343241486,0.5238636363636364,0.33333333333333337
1,0.34424527257800897,0.6509615384615385,0.5230769230769231
2,0.09417691398296953,0.5442307692307693,0.3943661971830986
0,-0.00858929503911392,0.49583333333333335,0.3466666666666667
1,-0.02414022747926338,0.4884615384615385,0.32876712328767127
2,0.11970131536409542,0.5567307692307693,0.4166666666666667
0,0.08091030486009419,0.5363636363636364,0.3582089552238806
1,0.07953559537197222,0.5240384615384616,0.2
2,0.11970131536409542,0.5567307692307693,0.4166666666666667
0,0.16109910638461677,0.5829545454545455,0.5111111111111112
1,0.18014417303072303,0.5778846153846154,0.40624999999999994
2,0.09615384615384616,0.5336538461538461,0.25925925925925924
0,0.20932971609676507,0.5916666666666667,0.4307692307692308
1,0.2610883828416983,0.6201923076923077,0.4927536231884058
2,0.10445180452220014,0.5528846153846154,0.4578313253012048
0,0.18144442102770184,0.5886363636363636,0.4736842105263158
1,0.07709576243789197,0.5365384615384615,0.38888888888888884
2,0.07692307692307693,0.5346153846153846,0.3582089552238806
0,0.10796945028723584,0.5534090909090909,0.4358974358974359
1,0.12773051742093378,0.5615384615384615,0.4324324324324324
2,0.13344012817090595,0.5576923076923077,0.37499999999999994
0,0.10667929218208837,0.5393939393939394,0.28571428571428575
1,0.15504341823651058,0.5721153846153846,0.42857142857142855
2,0.2564102564102564,0.6153846153846154,0.4776119402985075
