,Matthews,Accuracy,F1
0,0.21212121212121213,0.606060606060606,0.6
1,-0.05869543692281799,0.47095959595959597,0.44155844155844154
2,0.008392652960181969,0.5042207792207792,0.5411764705882354
0,0.09830244274875546,0.5467171717171717,0.6391752577319587
1,0.0697384349400942,0.5328282828282829,0.6326530612244898
2,-0.05939415941051855,0.4701298701298701,0.4878048780487805
0,0.05869543692281799,0.529040404040404,0.5934065934065934
1,-0.007970468330980173,0.4962121212121212,0.5979381443298969
2,0.17922077922077922,0.5896103896103896,0.6363636363636364
0,0.0778498944161523,0.5378787878787878,0.6170212765957446
1,0.2854496128592251,0.6388888888888888,0.702127659574468
2,-0.04260885349015461,0.47857142857142854,0.5176470588235295
0,0.09090909090909091,0.5454545454545454,0.5909090909090909
1,-0.11690197812527339,0.44191919191919193,0.5111111111111111
2,-0.015286526313689165,0.49253246753246754,0.5806451612903225
0,0.0,0.5,0.5238095238095238
1,0.03077287274483318,0.5151515151515151,0.5869565217391304
2,0.11376392303190627,0.5551948051948051,0.6382978723404256
0,0.04040404040404041,0.5202020202020202,0.5681818181818182
1,-0.09090909090909091,0.4545454545454546,0.45
2,0.08972526314556684,0.5438311688311688,0.6236559139784946
0,0.16881930793756048,0.5845959595959596,0.6206896551724139
1,0.31389298876115707,0.6553030303030303,0.7032967032967034
2,0.025324675324675326,0.5126623376623377,0.5681818181818182
0,-0.04040404040404041,0.4797979797979798,0.47500000000000003
1,-0.01524808410329653,0.49242424242424243,0.5555555555555556
2,0.3527935683224192,0.6633116883116883,0.7474747474747475
0,0.055346306015210976,0.5277777777777778,0.5365853658536586
1,0.06189844605901729,0.5277777777777778,0.6470588235294117
2,-0.015286526313689165,0.49253246753246754,0.5806451612903225
