,Matthews,Accuracy,F1
0,0.7374972072717374,0.8633255933952528,0.828054298642534
1,0.7474162335490876,0.8660345717234262,0.8329519450800916
2,0.7474162335490876,0.8660345717234262,0.8329519450800916
3,0.6710706707046964,0.840234778121775,0.7923728813559322
4,0.7509816704146413,0.8682275541795665,0.8356164383561644
5,0.7308568320329131,0.860874613003096,0.8243243243243243
6,0.7475845453460858,0.8670020639834881,0.8337129840546696
7,0.7048336908056458,0.8358488132094943,0.7961630695443644
8,0.7475845453460858,0.8670020639834881,0.8337129840546696
9,0.7275613626689592,0.8596491228070176,0.8224719101123594
10,0.7051601652082137,0.8339138286893705,0.7941888619854721
11,0.7402876057559398,0.8616486068111455,0.8275862068965517
12,0.6554438476825953,0.8177244582043344,0.7692307692307693
13,0.6433826143560621,0.835203818369453,0.7755834829443446
14,0.6308965066694963,0.818046955624355,0.7655913978494623
15,0.7545479866296257,0.870420536635707,0.8382687927107062
16,0.0,0.5,0.0
17,0.6843431630173379,0.8408152734778123,0.7964601769911505
18,0.7508404336019578,0.8672600619195047,0.834862385321101
19,0.7436473806901215,0.861906604747162,0.8287037037037036
20,0.7506716742521561,0.8653250773993808,0.8333333333333333
21,0.7579534743263553,0.8716460268317854,0.8401826484018265
22,0.7480308201686459,0.868937048503612,0.8352144469525958
23,0.7412664047333551,0.87203302373581,0.8347826086956522
24,0.7475845453460858,0.8670020639834881,0.8337129840546696
25,0.6672652201483965,0.8380417956656347,0.7898089171974522
26,0.7474162335490876,0.8660345717234262,0.8329519450800916
27,0.7081218241597141,0.852296181630547,0.811529933481153
28,0.6382149350293457,0.8161764705882353,0.7651006711409396
29,0.7516264899941701,0.8711300309597523,0.8378378378378377
