,Matthews,Accuracy,F1
0,0.5513290929588509,0.771754925669414,0.6743295019157087
1,0.6515248694972611,0.8135840448341477,0.7420634920634921
2,0.6119203064175202,0.8038286695071863,0.7196969696969697
3,0.7022221137174177,0.8465598455810179,0.7839388145315489
4,0.6218968865761653,0.7814938501104951,0.703862660944206
5,0.7942354851162944,0.9015140298638415,0.8529411764705883
6,0.6950674055568254,0.8271697347568834,0.7689161554192229
7,0.7506864942551821,0.8722835474690311,0.8197343453510437
8,0.7291087458392967,0.8645543729196483,0.8052434456928839
9,0.7320216045955465,0.8664270320956784,0.8074766355140187
10,0.44281141968534,0.7193369196264552,0.596958174904943
11,0.7083190130265458,0.8745976387495134,0.7932773109243697
12,0.6004546851122714,0.7894094680331869,0.704950495049505
13,0.7109991427718898,0.8521778231091077,0.7908745247148289
14,0.7122932385475834,0.8652178919834833,0.7956989247311828
15,0.70266450347849,0.872401445484506,0.7892976588628763
16,0.679445825025498,0.806400491333125,0.7456896551724137
17,0.18967485576998264,0.5889992926119072,0.3942505133470226
18,0.6909339469766381,0.8629531533606418,0.7815699658703071
19,0.6958115453553358,0.8710223128848822,0.7841845140032949
20,0.7772007278937699,0.8791956613530305,0.8365758754863812
21,0.5641177115844309,0.728804404450513,0.6235011990407674
22,0.7212474037770997,0.8451642620955139,0.792
23,0.637445149571388,0.8130219728999073,0.7360308285163777
24,0.5725523646135299,0.7412659505047681,0.6435185185185185
25,0.7411038696740042,0.8643843804322197,0.8115384615384615
26,0.7362828571810353,0.8629202515888814,0.8084291187739463
27,0.7431038696918473,0.8639758500995278,0.8123791102514506
28,0.6393199621008565,0.7999819040255318,0.7268993839835728
29,0.605731674984351,0.7881838770351117,0.7056451612903226
