,Matthews,Accuracy,F1
0,0.8623872578280712,0.9281740159810595,0.8925081433224756
1,0.8261465138171119,0.9000591891092039,0.8619528619528619
2,0.7708067056888345,0.847499260136135,0.8058608058608059
3,0.7207195795682225,0.8281740159810596,0.7681159420289855
4,0.8663019821658536,0.92909144717372,0.8954248366013072
5,0.842706314826364,0.9037289138798461,0.8737201365187713
6,0.834058104587712,0.8995856762355727,0.8668941979522183
7,0.48224837002028637,0.7181414619709974,0.5766423357664233
8,0.8251364358955868,0.8931340633323468,0.8591065292096218
9,0.8540003603304063,0.9346552234388872,0.8867924528301888
10,0.8501810933115098,0.9231133471441255,0.8831168831168831
11,0.6865587198768962,0.7940514945250075,0.725868725868726
12,0.6173985024012763,0.7511985794613791,0.6558704453441295
13,0.7993957222962683,0.9273749630068067,0.8430232558139535
14,0.8386978709122488,0.9286771234092928,0.875
15,0.8786361015888822,0.9341521160106541,0.9049180327868852
16,0.8609968356832975,0.9212488902042024,0.8903654485049834
17,0.6967242509476314,0.8356022491861497,0.7593220338983051
18,0.8521407833800418,0.9147972773009766,0.882943143812709
19,0.852975684812219,0.9194140278188814,0.8844884488448843
20,0.8725094604337104,0.93924237940219,0.9009584664536742
21,0.8170895203004013,0.9268718555785735,0.8580060422960725
22,0.8031640198064195,0.9171944362237348,0.8475609756097561
23,0.8725094604337104,0.93924237940219,0.9009584664536742
24,0.7295552264409461,0.8300088783663806,0.7737226277372262
25,0.6690092198192102,0.8305711749038177,0.7409836065573769
26,0.6156736790684181,0.8172832198875407,0.7037037037037037
27,0.7367647003522,0.8577093814738088,0.7919463087248322
28,0.854910187367577,0.9369635986978396,0.8875
29,0.8122570403075359,0.8880733944954129,0.8493150684931507
