,Matthews,Accuracy,F1
0,0.8284303388241627,0.884412245039786,0.8581314878892734
1,0.7754204226896393,0.876889398519754,0.8235294117647058
2,0.8711653524546956,0.9394002571319364,0.9006211180124224
3,0.5194913159942635,0.7168942631780117,0.5868725868725868
4,0.8646319314983716,0.9397824802807603,0.8957055214723927
5,0.0,0.5,0.0
6,0.824396516622288,0.9252058792869802,0.8648648648648648
7,0.7306478684059572,0.8285729177525278,0.7741935483870968
8,0.7901308533727203,0.8761249522221064,0.8322147651006712
9,0.8780360679662254,0.9390180339831127,0.9056603773584906
10,0.8326603956123654,0.923520622676257,0.8711656441717791
11,0.7892347720801858,0.869453420897182,0.8287671232876713
12,0.7259971234133231,0.8232044198895028,0.7681159420289855
13,0.806536876066689,0.873136662149484,0.8402777777777779
14,0.8688544728322232,0.9305048820320372,0.8980891719745223
15,0.4781820456616279,0.7437193787136454,0.599388379204893
16,0.44566382582431263,0.6852913582820808,0.5271317829457365
17,0.8326584581057591,0.8897807429028111,0.863013698630137
18,0.7779022232531005,0.8972862156433511,0.8292682926829269
19,0.6759664210089954,0.8019562875707982,0.7292418772563177
20,0.8425600367798977,0.9320337746273324,0.8787878787878787
21,0.5767259467027468,0.7346155182598422,0.6245059288537549
22,0.8354376033454385,0.9120191806525592,0.8717948717948718
23,0.7480774470897393,0.8580214739914521,0.8
24,0.8163789336786645,0.8927690329754334,0.8543046357615893
25,0.5779373456546197,0.7921227283783314,0.6749226006191951
26,0.8755334880762742,0.9425449112199868,0.9040247678018576
27,0.8848980458964397,0.9364119670593141,0.9102564102564102
28,0.8867001007698483,0.9453073421592133,0.9125000000000001
29,0.7987120647008722,0.914312519545502,0.8452380952380952
