,Matthews,Accuracy,F1
0,0.9201401123377441,0.9652179842975402,0.9439374185136897
1,0.8365865596698563,0.9387645579828744,0.8840579710144928
2,0.9099691542468302,0.9626458763253398,0.9367741935483871
3,0.7820237481222878,0.8682710097488081,0.8355167394468704
4,0.8626237456187911,0.9243370336108541,0.901639344262295
5,0.8574350469973101,0.9249819137076306,0.8987854251012146
6,0.813959892440074,0.8841409900614341,0.8592162554426706
7,0.9274044566072275,0.9682200123342584,0.9490196078431373
8,0.8840880987880271,0.9381923195521715,0.9176788124156545
9,0.8980860557789025,0.9587439811190968,0.928388746803069
10,0.9134121398597942,0.9637607035271235,0.9391979301423028
11,0.9091698115821348,0.9644055836239,0.9360613810741688
12,0.8275375298447014,0.893449500699732,0.8706896551724138
13,0.8253302246109644,0.8952092079982922,0.8705547652916074
14,0.8624740719695345,0.9227922863445528,0.9010989010989012
15,0.8366732609069093,0.923914525961242,0.8857142857142857
16,0.858150039136215,0.9455810147299509,0.8998763906056859
17,0.8716158501438136,0.940684373443393,0.910039113428944
18,0.7636097941115365,0.9090066771033468,0.8314350797266515
19,0.8269356934098503,0.9147335088593183,0.8783068783068785
20,0.9211617034844519,0.9626859033658294,0.9445910290237468
21,0.8915343865583462,0.940421973955739,0.9226594301221168
22,0.8413513028041759,0.9127988685689888,0.8861454046639232
23,0.922115391877827,0.9665477715315829,0.9453125
24,0.8017177665511813,0.8694258639910815,0.8443113772455089
25,0.8844209570508357,0.9535122986788112,0.918781725888325
26,0.9088539639779942,0.9636332099907493,0.9358974358974359
27,0.8352866416329098,0.8987686496359022,0.8771428571428572
28,0.7918466815106434,0.8795541877179249,0.8465909090909091
29,0.8184020666592677,0.8837110699969164,0.8609077598828696
