,Matthews,Accuracy,F1
0,0.8358864150319464,0.9149182470755051,0.8934240362811792
1,0.814253597391654,0.8995424937965261,0.8770301624129929
2,0.7905899716438977,0.8779688053881602,0.854368932038835
3,0.6197535947669254,0.7869383640552995,0.727735368956743
4,0.8872664743665607,0.9481511432116271,0.9281045751633986
5,0.7466970551057224,0.8591146756469337,0.8269230769230769
6,0.8107109659827083,0.8963189028713223,0.8738317757009345
7,0.8145178533654055,0.9025168380007089,0.8787185354691075
8,0.7467639721734497,0.8888415012406947,0.8378378378378379
9,0.8726242459714236,0.9439305654023395,0.9188034188034189
10,0.7930210332176233,0.8891239808578518,0.863109048723898
11,0.8072398443171037,0.8970611042183623,0.8729792147806004
12,0.7653253327464495,0.8782069744771357,0.8466819221967963
13,0.8730604727055445,0.9402140198511166,0.9190371991247266
14,0.0,0.5,0.0
15,0.84340679867815,0.9270648706132577,0.9004329004329005
16,0.8611489690816302,0.939959234314073,0.9113924050632912
17,0.8788288324130896,0.9464119549805035,0.9227467811158798
18,0.7357931134912237,0.855392591279688,0.8210023866348449
19,0.8856656337570976,0.9498847926267281,0.927038626609442
20,0.0,0.5,0.0
21,0.7501849793101008,0.8653126107763205,0.8329411764705883
22,0.7474914110597097,0.8551488833746899,0.8235294117647057
23,0.8770483278167786,0.9471541563275434,0.921443736730361
24,0.6968960200182407,0.8278646756469337,0.7860696517412935
25,0.8130031123454744,0.919858870967742,0.8803245436105477
26,0.7293387304155892,0.8459710652250976,0.8108108108108109
27,0.9042499543138993,0.9563375132931584,0.9388646288209607
28,0.8185115988013787,0.9067318769939738,0.8823529411764706
29,0.8589712895471617,0.9369848901098901,0.9102564102564104
