,Matthews,Accuracy,F1
0,0.8617569790637865,0.9462521267714289,0.896421845574388
1,0.0,0.5,0.0
2,0.7558489241331712,0.8991355532776057,0.8181818181818182
3,0.8887372556303065,0.9528807845540914,0.9168278529980658
4,0.7671881067779643,0.8652287402115675,0.8187633262260128
5,0.8616609456046743,0.9369471715260972,0.8966861598440546
6,0.8959012939178005,0.9548701744745158,0.9221789883268483
7,0.9011308364705233,0.9575253363205005,0.9260700389105059
8,0.8151105026457024,0.9316632673549833,0.8607594936708861
9,0.7514685532504112,0.8612499603707187,0.8084210526315789
10,0.9180457197003256,0.960838344235789,0.9386138613861386
11,0.8081130938724137,0.9303396493601193,0.855098389982111
12,0.5605857818056525,0.7909264797573632,0.6754221388367729
13,0.8588541576723125,0.9442600948989189,0.8943396226415095
14,0.7341718306656796,0.8625894300780961,0.7991886409736307
15,0.8840189743418886,0.9515545246071417,0.9132947976878613
16,0.0,0.5,0.0
17,0.8911136098442447,0.9535439145275661,0.9186046511627908
18,0.8639871795594928,0.9469152567449037,0.89811320754717
19,0.7538869150758236,0.91110888012935,0.8129251700680272
20,0.5813093574449545,0.7563406850053367,0.6573426573426573
21,0.7098749484320179,0.8938675008190051,0.7785016286644951
22,0.6380055192023629,0.7689401545013579,0.6878048780487804
23,0.7549240525273163,0.8532739070244222,0.8061002178649237
24,0.54111916600308,0.7862924957992963,0.6630434782608695
25,0.7220008370240221,0.867915605482579,0.793036750483559
26,0.5395280751833228,0.7576960064252275,0.6454352441613589
27,0.8711512254062378,0.92963160620119,0.9024390243902438
28,0.8302450296857673,0.9210162004501886,0.8732943469785575
29,0.7693001748269714,0.8619051644879369,0.8181818181818182
