,Matthews,Accuracy,F1
0,0.7214329028914628,0.8391500140726147,0.7768115942028986
1,0.7084154235857022,0.854207711792851,0.7754010695187166
2,0.28728640275411077,0.6130500046908716,0.3875432525951557
3,0.7022576195600534,0.8477812177502579,0.7696476964769648
4,0.4747384423640197,0.745332582793883,0.6005089058524172
5,0.8002828955137133,0.9294023829627545,0.8448687350835322
6,0.7803320630699284,0.9130781499202552,0.8312958435207825
7,0.47648036183142767,0.7297119804859743,0.5898876404494382
8,0.8028420855040973,0.9087156393657942,0.8489583333333335
9,0.8565730562731222,0.9461487944460081,0.8894472361809045
10,0.6168566499435363,0.8314100759921192,0.7095238095238097
11,-0.019153218364569832,0.49920255183413076,0.0
12,0.7754828175143028,0.883291115489258,0.8260869565217391
13,0.554851153347889,0.7829533727366544,0.6597402597402597
14,0.5779692673297616,0.7981987053194484,0.6785714285714286
15,0.552374693127585,0.7740876254808143,0.654054054054054
16,0.7432759366441044,0.8871376301716859,0.8040201005025125
17,0.5069564112319902,0.7247865653438409,0.5944272445820435
18,0.7112667978196564,0.836757669575007,0.7701149425287356
19,0.4916535630005998,0.6805516464959189,0.5255474452554744
20,0.40588865158700255,0.6756262313537855,0.507936507936508
21,0.6996876213865216,0.8373205741626795,0.7640449438202248
22,0.6977087159368519,0.8588047659255089,0.7692307692307693
23,0.5676905000943269,0.790974763110986,0.6701030927835051
24,0.8623095855874583,0.9477436907777466,0.8939393939393939
25,0.7245931037867427,0.8756449948400413,0.7898734177215191
26,0.6807189094442281,0.8550989773899991,0.756892230576441
27,0.5136404851860433,0.7459893048128342,0.6175637393767706
28,0.6297759223662879,0.78328173374613,0.6951219512195123
29,0.23407329011709127,0.5943803358664039,0.352542372881356
