,Matthews,Accuracy,F1
0,0.0,0.5,0.0
1,0.16818164290001608,0.5257893239783825,0.10526315789473685
2,0.1031711179667293,0.5415758035460321,0.2380952380952381
3,0.0,0.5,0.0
4,0.0,0.5,0.0
5,0.13604529926502024,0.5232767611643121,0.10344827586206896
6,0.22334722491550166,0.5559874845927752,0.21875
7,0.0,0.5,0.0
8,0.0,0.5,0.0
9,0.0,0.5,0.0
10,0.0,0.5,0.0
11,0.0,0.5,0.0
12,0.0,0.5,0.0
13,0.0,0.5,0.0
14,0.12230712079572043,0.5094339622641509,0.037037037037037035
15,0.1994028624689861,0.557883758414715,0.23529411764705882
16,-0.016727702029528467,0.4968711481937992,0.03389830508474576
17,0.0,0.5,0.0
18,0.0,0.5,0.0
19,0.17568973069136412,0.5440409595145539,0.1875
20,0.0,0.5,0.0
21,0.0,0.5,0.0
22,0.0,0.5,0.0
23,0.26379113702660956,0.5950033184791884,0.33766233766233766
24,0.15894372586797556,0.5415283967004836,0.18461538461538463
25,0.0,0.5,0.0
26,0.0,0.5,0.0
27,0.0,0.5,0.0
28,0.0,0.5,0.0
29,0.0,0.5,0.0
