,Matthews,Accuracy,F1
0,0.15620339984306134,0.5570832228995494,0.28421052631578947
1,0.027518361733193556,0.5082825337927379,0.1415929203539823
2,0.0,0.5,0.0
3,0.14693583429817272,0.5532953441116706,0.2751322751322751
4,0.0,0.5,0.0
5,0.00863856492329873,0.5020264599346232,0.0844155844155844
6,0.0,0.5,0.0
7,0.10358042789916369,0.5362498895662161,0.23306233062330622
8,0.1379462527881467,0.5490712518773744,0.26273458445040215
9,0.16016558235115066,0.5487896457284213,0.23460410557184752
10,0.0,0.5,0.0
11,0.07722470071909894,0.5168908472479901,0.11258278145695365
12,0.08640363013090736,0.5163110698824984,0.09589041095890412
13,0.10513366956917147,0.5294140383426098,0.17682926829268292
14,0.0,0.5,0.0
15,0.022472822620183706,0.5061014665606502,0.11728395061728396
16,0.0,0.5,0.0
17,0.15399602294695666,0.559264290131637,0.29873417721518986
18,0.0,0.5,0.0
19,0.0,0.5,0.0
20,0.01586444274158173,0.505361560208499,0.16066481994459833
21,0.0007726185167659241,0.500138042229879,0.04844290657439447
22,0.019051131100575533,0.5047928262213977,0.1015873015873016
23,0.0,0.5,0.0
24,0.0,0.5,0.0
25,0.0,0.5,0.0
26,0.09775631391783317,0.5254825956356568,0.15673981191222572
27,0.0,0.5,0.0
28,0.0,0.5,0.0
29,0.06523328756395935,0.5142680448802898,0.10596026490066225
