,Matthews,Accuracy,F1
0,0.0,0.5,0.0
1,0.0,0.5,0.0
2,0.0,0.5,0.0
3,-0.0206229408296582,0.4951515151515151,0.05128205128205128
4,0.03397169367248827,0.5126060606060606,0.163265306122449
5,0.3127843517267361,0.675878787878788,0.47500000000000003
6,0.0,0.5,0.0
7,0.0,0.5,0.0
8,0.24652614028660638,0.6106666666666667,0.37931034482758624
9,0.0,0.5,0.0
10,0.1553274492268008,0.5151515151515151,0.05882352941176471
11,0.0,0.5,0.0
12,0.0,0.5,0.0
13,0.0,0.5,0.0
14,-0.058177447388273955,0.492,0.0
15,0.0,0.5,0.0
16,0.0,0.5,0.0
17,0.06319172391859236,0.5269090909090909,0.21818181818181817
18,0.16633747917902444,0.5858181818181818,0.34782608695652173
19,-0.04100644659587541,0.496,0.0
20,0.0,0.5,0.0
21,0.0,0.5,0.0
22,0.0,0.5,0.0
23,0.0,0.5,0.0
24,0.0,0.5,0.0
25,0.0,0.5,0.0
26,0.0,0.5,0.0
27,0.0,0.5,0.0
28,0.0,0.5,0.0
29,0.2364194184371102,0.5637575757575758,0.24390243902439024
