,Matthews,Accuracy,F1
0,0.5294314480047484,0.7421357011420393,0.6501305483028722
1,0.7872493864421105,0.8659004390961046,0.8388746803069054
2,0.7397306650666193,0.8526496675137035,0.8123456790123457
3,0.7220476662874825,0.8424511493413558,0.7985074626865672
4,0.6878809892134334,0.8311816650602175,0.778588807785888
5,0.6438014148801764,0.8351856178987644,0.7632950990615224
6,0.6746819964042919,0.8049356933531948,0.7496688741721854
7,0.7551972192889274,0.8696926327267771,0.8293838862559242
8,0.7058942216176887,0.8419886867034689,0.7927710843373494
9,0.7172779480688003,0.8445030230452435,0.7985347985347986
10,0.736737666098154,0.8765273437119685,0.8231441048034934
11,0.695703259161835,0.8565830339496256,0.7960954446854663
12,0.722603796515045,0.827314016999153,0.7846763540290621
13,0.7893399459559534,0.873051571886166,0.8450000000000001
14,0.7053373595930064,0.8219080721636436,0.774869109947644
15,0.6375121701858358,0.7570756783596693,0.6785714285714285
16,0.7153177361723672,0.8576588680861836,0.8059360730593608
17,0.7243328007882515,0.8284555695105684,0.7862796833773087
18,0.7110162733155709,0.8181061424774367,0.7721179624664879
19,0.5439860941566825,0.7396311008557993,0.6466575716234652
20,0.7311680496278276,0.8414653737184916,0.8005082592121981
21,0.6931782210283307,0.8339978191235603,0.7825030376670716
22,0.7253252997183217,0.860173204427958,0.8115606936416184
23,0.6986265182892528,0.8511868251696507,0.7954802259887006
24,0.7339639259580027,0.8317293181840308,0.7920529801324504
25,0.7184723284153336,0.8268564223890333,0.7831800262812091
26,0.7333222729654127,0.840172912346292,0.8
27,0.7042693604557202,0.8322526311690082,0.7844611528822056
28,0.6895883255433048,0.805624519282258,0.7533875338753386
29,0.6157743981440409,0.8003500111964639,0.7318235995232419
