,Matthews,Accuracy,F1
0,0.1974913896929408,0.579059829059829,0.35000000000000003
1,-0.0563019272854923,0.4725274725274725,0.24000000000000002
2,0.0,0.5,0.0
3,0.0,0.5,0.0
4,-0.006100120144955701,0.49755799755799757,0.2
5,-0.09591136097536078,0.4716117216117216,0.060606060606060615
6,-0.20043595159302788,0.41147741147741146,0.09090909090909093
7,0.0,0.5,0.0
8,0.03576512458089575,0.5134310134310134,0.21052631578947367
9,-0.09591136097536078,0.4716117216117216,0.060606060606060615
10,0.0,0.5,0.0
11,-0.006100120144955701,0.49755799755799757,0.2
12,-0.18769750212382433,0.4444444444444444,0.0
13,0.0841101401601171,0.5326617826617827,0.2564102564102564
14,-0.09591136097536078,0.4716117216117216,0.060606060606060615
15,-0.016027028466968733,0.4942002442002442,0.16216216216216214
16,-0.1393596131382509,0.46825396825396826,0.0
17,-0.10892106122363705,0.45909645909645913,0.10526315789473684
18,0.08531072587402376,0.536019536019536,0.2857142857142857
19,0.030387204106040646,0.51007326007326,0.17142857142857146
20,0.006153575672947892,0.5021367521367521,0.16666666666666669
21,0.14365384799522585,0.5451770451770452,0.23529411764705882
22,0.05787082097620952,0.5146520146520146,0.12903225806451613
23,-0.11598473860077872,0.44078144078144077,0.22222222222222224
24,0.0,0.5,0.0
25,0.0021187201507538393,0.5009157509157509,0.23255813953488372
26,-0.036577968321370655,0.48626373626373626,0.15789473684210525
27,0.04078911207358728,0.5167887667887668,0.2439024390243902
28,0.14965525640612642,0.5631868131868132,0.33333333333333337
29,0.17944706247002984,0.5531135531135531,0.24242424242424246
