,Matthews,Accuracy,F1
0,0.6608714017186443,0.8184380559977527,0.7761194029850745
1,0.603284467537007,0.8062646315198052,0.7598944591029023
2,0.6753153400076923,0.8460061803539658,0.8050632911392406
3,0.4699415616095382,0.7368292911321285,0.6756756756756758
4,0.5040699224775889,0.7484408652495551,0.6857142857142857
5,0.2591434672985474,0.6250772544245715,0.5178571428571429
6,0.49264772706808896,0.7407809720011237,0.6744186046511628
7,0.5257253218132645,0.7642007678621594,0.7084468664850138
8,0.7048019433522381,0.8580578705871336,0.8210526315789475
9,0.5377642896810533,0.7757561569435341,0.72544080604534
10,0.69001179429764,0.849770577769454,0.8116710875331565
11,0.5685009063112177,0.7899428785466804,0.7409326424870465
12,0.4740331491712707,0.7370165745856354,0.6740331491712708
13,0.5938704220233679,0.805768330368012,0.7594339622641509
14,0.6071490933350697,0.8094671785747729,0.7636363636363638
15,0.598404147546293,0.8050098323813091,0.7584415584415584
16,0.5633669183103646,0.7841651840059931,0.7331536388140162
17,0.5932794895312207,0.8050753815900366,0.7586206896551724
18,0.5706920198147181,0.7890626463151981,0.7393617021276596
19,0.6627865179652331,0.8327558760183538,0.7923497267759563
20,0.5220708712620339,0.7679089802415957,0.7167919799498745
21,0.6846234489030091,0.848515778630958,0.8093994778067886
22,0.6248067512499164,0.8117239441895309,0.7666666666666666
23,0.5386435977067822,0.7748759247120517,0.723514211886305
24,0.48383538604774007,0.7440490682648189,0.6846361185983827
25,0.447805953783447,0.7303680119861411,0.6764705882352942
26,0.374106244082155,0.6888659986890158,0.6182795698924731
27,0.5275213034928364,0.7637606517464182,0.7071823204419889
28,0.5116868852507169,0.7623841183631426,0.7103274559193955
29,0.7331580155799453,0.867347129881075,0.8351648351648351
