,Matthews,Accuracy,F1
0,0.15952478915647803,0.5768649280142941,0.43373493975903615
1,0.0,0.5,0.0
2,0.0,0.5,0.0
3,0.04488311439960201,0.5143971411881937,0.1904761904761905
4,-0.0360799093436532,0.4868742054083771,0.17670682730923692
5,0.0,0.5,0.0
6,0.04740271985564144,0.5180221970243617,0.24902723735408563
7,0.0,0.5,0.0
8,0.20111742215059195,0.5908411503968662,0.429042904290429
9,0.16897654558692288,0.568833109988661,0.3602941176470588
10,0.18348833216743876,0.5439473593787582,0.1941747572815534
11,0.07536647897437922,0.5264148025976704,0.23868312757201646
12,0.0,0.5,0.0
13,0.0,0.5,0.0
14,0.03617860322154011,0.5165962271930729,0.3236245954692557
15,0.0,0.5,0.0
16,0.18969621282769578,0.5808507713981377,0.39436619718309857
17,0.0,0.5,0.0
18,0.06590375654660065,0.5140793045390509,0.10999999999999999
19,-0.016125192034748395,0.49238051060028176,0.3043478260869565
20,0.0028923123349164194,0.5012369858777446,0.26666666666666666
21,0.12453939207415275,0.5644864790571419,0.4619289340101523
22,0.14461862502916317,0.5532247534618424,0.30278884462151395
23,0.0,0.5,0.0
24,0.0,0.5,0.0
25,0.08299911524300271,0.5330979624093736,0.29213483146067415
26,0.13735109450805466,0.5311823523348109,0.15763546798029557
27,0.1806115304089128,0.5860392399408996,0.44171779141104295
28,0.08005400835867252,0.5269130330206507,0.22784810126582278
29,0.06970174283375585,0.5356148850633955,0.41489361702127653
