,Matthews,Accuracy,F1
0,0.009448102466489862,0.5047608874782555,0.42765273311897106
1,0.0500405046147152,0.5249946592608417,0.4385382059800665
2,0.08598393366545064,0.5366832483901486,0.34893617021276596
3,0.06855930764145207,0.5345469527268288,0.50974930362117
4,-0.0677220097408971,0.4664677877132481,0.35775127768313464
5,0.06999062748319819,0.5342875453962829,0.43006993006993005
6,0.013684246518115005,0.5067140720847194,0.397212543554007
7,0.0,0.5,0.0
8,0.05231784177766134,0.5228583635975219,0.34024896265560167
9,-0.03334273841976403,0.48360393078402053,0.3708838821490468
10,0.0,0.5,0.0
11,0.021946035746244656,0.5106051820429091,0.38848920863309355
12,0.023386353332124032,0.510330515457625,0.32786885245901637
13,0.05341679369110177,0.5237205114902188,0.35030549898167007
14,0.0,0.5,0.0
15,0.08045869130995444,0.5403988769188512,0.46329526916802605
16,0.05099642933439131,0.5254982146671956,0.44039735099337746
17,0.07956817501494995,0.5354548783837397,0.3691683569979716
18,0.022546096893502416,0.510963774529252,0.39431616341030196
19,0.10569752040834246,0.5529267250587482,0.4744645799011532
20,0.1088359702021577,0.5418027283547472,0.3123543123543123
21,0.07035369862311368,0.5346461378826258,0.43523316062176165
22,0.08595972432095807,0.5424207281716361,0.44673539518900346
23,0.0,0.5,0.0
24,0.0729906512200717,0.5355845820490127,0.4275618374558304
25,0.06368316813598093,0.531975768303476,0.4535073409461664
26,-0.14720212673119748,0.4252754295480209,0.3588957055214724
27,0.07301238053335884,0.5363704336680196,0.4489112227805695
28,-0.01363813961876087,0.4933240760521256,0.37828371278458844
29,0.08701924230055615,0.5439237647633289,0.47527910685805425
