,Matthews,Accuracy,F1
0,-0.06246681004492196,0.47624434389140274,0.15789473684210525
1,0.0,0.5,0.0
2,0.0,0.5,0.0
3,0.1267407723400729,0.5653280542986425,0.42342342342342343
4,0.038300993417710996,0.5127262443438914,0.18705035971223022
5,0.0,0.5,0.0
6,0.01750856792006122,0.503393665158371,0.06956521739130436
7,0.08705294429008845,0.5410067873303167,0.34920634920634924
8,0.11413340211612072,0.5418552036199096,0.27027027027027023
9,0.06925904399985934,0.5296945701357466,0.29585798816568054
10,0.0,0.5,0.0
11,0.0,0.5,0.0
12,0.0,0.5,0.0
13,0.0027589382646795923,0.5002828054298643,0.018691588785046728
14,0.1882036659070369,0.5950226244343891,0.4528301886792453
15,0.0,0.5,0.0
16,0.1089595830423365,0.5305429864253394,0.1875
17,0.0,0.5,0.0
18,0.0,0.5,0.0
19,0.13740964844491863,0.5644796380090498,0.3829787234042554
20,-0.003658580114240081,0.49915158371040724,0.08333333333333334
21,0.1535728451503515,0.5803167420814479,0.45021645021645024
22,0.0,0.5,0.0
23,-0.015594360851166673,0.49660633484162897,0.06779661016949154
24,0.08851409238623675,0.540158371040724,0.3333333333333333
25,0.0800144688531058,0.5345022624434389,0.30588235294117644
26,0.08638120452765836,0.5415723981900453,0.358974358974359
27,0.0,0.5,0.0
28,0.0,0.5,0.0
29,-0.008651778017258319,0.4968891402714932,0.1780821917808219
