,Matthews,Accuracy,F1
0,0.5107642566750578,0.7534312911616581,0.7101123595505618
1,0.42880051553419163,0.705261774309591,0.6374695863746959
2,0.5444060873761336,0.7694739609275555,0.7285067873303167
3,0.3519575600747431,0.6775278100614313,0.6329113924050632
4,0.5394753888492684,0.7693978637445349,0.7312775330396476
5,0.5275121402217291,0.7649358016492335,0.728448275862069
6,0.5477424177261766,0.7704355526039073,0.7289293849658314
7,0.46820329353934936,0.7228817311417345,0.6584766584766585
8,0.5132070881563496,0.7531614920582212,0.7077625570776256
9,0.31993023391090053,0.6497454203331673,0.5555555555555556
10,0.40287275169236786,0.7009173169516851,0.6504424778761061
11,0.3724366175924854,0.6696344568044718,0.5721784776902887
12,0.41706929670818743,0.6999142177209585,0.6310679611650486
13,0.5049229106038171,0.7481598317560463,0.7004608294930875
14,0.5691931832177437,0.7838632464441861,0.747787610619469
15,0.4964669147230062,0.7425424760639769,0.6915887850467289
16,0.5092751847587901,0.7543167856549893,0.7136563876651983
17,0.4469360918917041,0.7035668825059495,0.6194225721784778
18,0.39206797856808656,0.6940685704798273,0.6380090497737557
19,0.3656850950524141,0.6835671592229786,0.634989200863931
20,0.3615540805746611,0.6593613370966849,0.546448087431694
21,0.5415707261370352,0.7691280646410981,0.7293064876957495
22,0.5006081650581435,0.7493151253528142,0.7066666666666668
23,0.5787534214419124,0.7924829819027064,0.7625
24,0.290835658379556,0.6432079805191211,0.5733944954128442
25,0.41028838319497346,0.7025707012009519,0.6469248291571754
26,0.27542613052994336,0.6287010902650949,0.5265822784810126
27,0.5284297241804585,0.7640503071559024,0.7252747252747253
28,0.27178921075633194,0.6200813548065748,0.49046321525885556
29,0.5079506581261033,0.7478900326526094,0.6978922716627636
