,Matthews,Accuracy,F1
0,0.008228044257401696,0.5021993059967743,0.11501597444089456
1,0.18052820563756572,0.5613850740433018,0.29059829059829057
2,0.1248558556599905,0.562680220908069,0.40613026819923376
3,0.10851503518110832,0.5405894140071356,0.27272727272727276
4,-0.08532973429114099,0.46197644298910123,0.20045558086560364
5,0.11961212049396047,0.5523190459899321,0.33953488372093016
6,0.061405978491264585,0.5266849127608622,0.2950819672131148
7,0.1054061310970919,0.5424710424710424,0.2972292191435768
8,0.0,0.5,0.0
9,0.019384248278740218,0.5066223547236206,0.18181818181818182
10,0.0,0.5,0.0
11,0.10674381864274558,0.5436195689360247,0.3034825870646766
12,0.10988175504022021,0.5444015444015444,0.30150753768844224
13,0.26548242684381834,0.6336689311372856,0.5028571428571429
14,0.05075008334523673,0.5215531987683886,0.2781774580335732
15,0.0,0.5,0.0
16,0.07052631169005158,0.5193294560383168,0.15822784810126583
17,0.0,0.5,0.0
18,0.07240207645402856,0.5275646351595719,0.2532981530343008
19,0.05899924574389365,0.5260251209618299,0.2995391705069125
20,0.0,0.5,0.0
21,0.0,0.5,0.0
22,0.1151339939348612,0.5385856018767412,0.24137931034482762
23,0.053985543179519924,0.5193538927716143,0.22038567493112948
24,0.0,0.5,0.0
25,0.19677416648047577,0.5888763990029813,0.4080717488789238
26,0.09057943833382903,0.5404427936073506,0.32727272727272727
27,0.0,0.5,0.0
28,0.0,0.5,0.0
29,0.1487688185496803,0.5411025854063829,0.20820189274447948
