,Matthews,Accuracy,F1
0,0.3693354325249372,0.6604308574780823,0.5187032418952618
1,0.17126830469219675,0.5812298341100935,0.4161073825503356
2,0.241568892777884,0.6243074340840205,0.5038461538461538
3,0.38067289305461116,0.6698049408467229,0.5375302663438256
4,0.28276835073954376,0.63284229051918,0.4897959183673469
5,0.03454134679886375,0.5177337613662288,0.367504835589942
6,0.32776572607380994,0.6666069158817587,0.5544554455445544
7,0.19839395678677904,0.5797021151777857,0.3655913978494624
8,0.3999472855657071,0.6919629762409152,0.5802197802197803
9,0.19964438211330643,0.5920420102336799,0.4232558139534884
10,0.2041077180498765,0.5762311377635825,0.3418803418803419
11,0.18724180901175108,0.5882491933644037,0.4243792325056434
12,0.2510708010967869,0.6269228888961313,0.5010020040080161
13,0.32583472905622185,0.66325815598214,0.5469387755102041
14,0.27450435945612606,0.6391568621060522,0.5179282868525896
15,0.21375871909244518,0.6015383111169051,0.4464285714285714
16,0.3247889882221573,0.6644966267965975,0.5508982035928144
17,0.28789659189630823,0.6451210768177819,0.5241935483870969
18,0.2840311900499091,0.6480257797477431,0.5380333951762523
19,0.3950625255563081,0.6567154450347097,0.5
20,0.19964438211330643,0.5920420102336799,0.4232558139534884
21,0.2399331529028158,0.6148274288694066,0.46799116997792495
22,0.3082976964875751,0.6351522015448294,0.47901234567901235
23,0.181724550582606,0.5736767917087638,0.35733333333333334
24,0.31380180232411026,0.6514682397418766,0.522875816993464
25,0.30347318589035716,0.6342192745168334,0.4792176039119804
26,0.3604313956920942,0.6782298015187563,0.5648535564853556
27,0.28612852211726597,0.6383013395039598,0.5043478260869565
28,0.1849226929748485,0.5814294560505817,0.3931203931203931
29,0.0,0.5,0.0
