,Matthews,Accuracy,F1
0,0.17849113302325104,0.5896892655367232,0.5052192066805845
1,0.05694256802558157,0.524937482634065,0.3359580052493438
2,0.18793942964930513,0.5946790775215338,0.5134575569358177
3,0.2047113334528889,0.5999235898860795,0.49775784753363234
4,0.11206822882226432,0.5367926275817356,0.2483660130718954
5,0.11997828207165327,0.5589978697786422,0.4503311258278146
6,0.0897404175655976,0.5450009261831991,0.44957983193277307
7,0.0,0.5,0.0
8,0.08647674645986198,0.5363411132722052,0.33424657534246577
9,0.0,0.5,0.0
10,0.08011845921169172,0.5397332592386774,0.4329004329004329
11,0.14362345632563941,0.5678660739094193,0.43705463182897863
12,0.10380728782522163,0.5459849958321756,0.3730569948186528
13,0.054788921362087045,0.5267435398721867,0.40358744394618834
14,0.1324922916257239,0.5631541168843197,0.43559718969555034
15,0.06514940526027536,0.5295915532092248,0.3618090452261306
16,0.1515577393617595,0.5771973696397148,0.5059288537549407
17,0.12462259803657168,0.5598082800777994,0.4351851851851851
18,0.18197184301870323,0.5897471519866629,0.49122807017543857
19,-0.01087215326734248,0.49482495137538207,0.34272300469483574
20,0.08020490575871626,0.5395943317588219,0.42888402625820565
21,0.025378041698685582,0.512607668796888,0.4008620689655173
22,0.1183440111351039,0.5504190978975642,0.3621621621621622
23,0.13374735997519746,0.567970269519311,0.492
24,0.09338847761390894,0.5430559414652218,0.3891625615763547
25,0.14099078944035714,0.5673914050199129,0.4428904428904428
26,0.09372815150369462,0.5440863202741503,0.40191387559808606
27,-0.011029901996567023,0.4946281374455867,0.3603603603603604
28,0.05392783850137714,0.5276002593312957,0.4629981024667931
29,0.07619506662876846,0.5356117440029637,0.3864734299516908
