,Matthews,Accuracy,F1
0,0.10333608987787113,0.5113457441882004,0.04938271604938272
1,0.016082591137792705,0.5078146707418727,0.3755656108597285
2,0.0601512434661086,0.5251342965638603,0.31404958677685946
3,0.1464807212445856,0.5622395109752709,0.3794037940379404
4,0.09082211504006073,0.5348939520237103,0.2958579881656805
5,0.0,0.5,0.0
6,0.12097789423028764,0.559889321107715,0.4565217391304348
7,0.1335082987340356,0.5500602019079374,0.3132530120481928
8,0.07392473729397492,0.5192877651199408,0.15827338129496404
9,0.16173531987822098,0.5770931740298231,0.4543325526932085
10,0.143140109622039,0.5634088172640548,0.3989637305699482
11,-0.024113675757826993,0.488804760581643,0.3170731707317073
12,0.07751293619973254,0.5340256552746133,0.35078534031413616
13,0.035978605168665724,0.5164050199129389,0.345
14,0.11492979351647502,0.548161526349912,0.3516483516483517
15,0.052539754544670504,0.5242659998147634,0.36363636363636365
16,0.0,0.5,0.0
17,0.10348681943638265,0.5480457534500325,0.4
18,0.08062739023746743,0.5391775493192553,0.41628959276018096
19,0.0,0.5,0.0
20,-0.05682803966941063,0.4959016393442623,0.0
21,0.010035660172550595,0.504584606835232,0.32917705735660846
22,0.06348940993921459,0.5307029730480689,0.40182648401826476
23,0.0,0.5,0.0
24,0.11852073237207308,0.5420602945262573,0.28125
25,0.0,0.5,0.0
26,0.09672834559220193,0.5423613040659443,0.3622047244094489
27,0.03899895281937038,0.5188825599703621,0.38724373576309795
28,-0.01015186407963211,0.49510280633509307,0.3532110091743119
29,0.039833332920595474,0.520352875798833,0.44874274661508706
