,Matthews,Accuracy,F1
0,0.6485511746867451,0.8270560085076214,0.7755834829443446
1,0.46151397477298606,0.7229299598251211,0.6379647749510764
2,0.7547349034126715,0.8862179487179487,0.8448275862068965
3,0.811943470313141,0.9147982393950136,0.8804159445407279
4,0.619731890321466,0.8164214817440625,0.7604166666666667
5,0.5432147394087707,0.7554575800543543,0.6816326530612246
6,0.7611575701033841,0.8940830674701643,0.8481848184818481
7,0.5866267026702323,0.7972830261136712,0.7375886524822693
8,0.7396857489400885,0.8778838768758124,0.8353552859618718
9,0.8163619286510512,0.9137052463665367,0.8829787234042552
10,0.8339664273377095,0.9199382606640671,0.8936936936936938
11,0.6044759963873578,0.808087409901926,0.7504363001745201
12,0.5241930599510516,0.7570896845090394,0.6857142857142857
13,0.7633780688848666,0.8950911319862933,0.8495867768595041
14,0.7967244868292779,0.9079264149828666,0.8709122203098107
15,0.7152580017274263,0.8727290854306984,0.8190476190476191
16,0.8304261245946839,0.9235015656386625,0.89198606271777
17,0.675453259214783,0.8396069656150302,0.7920433996383364
18,0.7349131364688293,0.8758677478435543,0.8324697754749568
19,0.6618856866713865,0.8440638662412856,0.788368336025848
20,0.7160359565085018,0.8729137126314546,0.8197767145135566
21,0.7554066816619803,0.8770752097365,0.8419117647058824
22,0.5700776231394508,0.7595895368072787,0.6865671641791046
23,0.8236309024462689,0.919015124660286,0.887719298245614
24,0.5665874032873823,0.772395279451731,0.7061143984220907
25,0.6498368949136785,0.8146195202646815,0.7641325536062379
26,0.8335885363935971,0.9191148233486943,0.8933092224231466
27,0.8250278938500352,0.9183763145456694,0.8884955752212389
28,0.7880136127546606,0.9047175942337233,0.8654173764906303
29,0.770937144563456,0.8924509630154791,0.8546409807355517
