,Matthews,Accuracy,F1
0,0.5648104515564951,0.7807532440445153,0.745995423340961
1,0.5361737475943323,0.7698702382193883,0.7391304347826085
2,0.49504478551938064,0.7414746063197414,0.6923076923076922
3,0.5720523987707264,0.7834944802824665,0.7482678983833718
4,0.35767005303731736,0.6763627966568837,0.6182669789227166
5,0.5481859782502407,0.7760156727202301,0.7462039045553145
6,0.5950721243975345,0.7981913800038736,0.7688888888888888
7,0.5880684242078412,0.791882067249676,0.7586206896551725
8,0.599321289340893,0.7962844330557335,0.7627906976744186
9,0.49081292372507757,0.7265318892183008,0.656084656084656
10,0.5890741236036771,0.7936251359444602,0.7619047619047619
11,0.612566551487004,0.8053349820478822,0.7755102040816325
12,0.38813414509983957,0.6957898186910597,0.6595289079229123
13,0.5269473855807509,0.7648049103883915,0.7324561403508771
14,0.5381403544842207,0.7719410634208841,0.7489878542510122
15,0.584966244820413,0.7913829834780925,0.7590909090909091
16,0.5474342979859584,0.7754346498219686,0.7450980392156863
17,0.607393232248778,0.8007687379884689,0.7685185185185185
18,0.6188422900376558,0.8034280350997423,0.7695961995249406
19,0.5869976848570153,0.7872338840635849,0.7494033412887828
20,0.48451951668733567,0.7442009445346602,0.7233201581027668
21,0.4596418255271999,0.7323272201778824,0.7073170731707316
22,0.5122591874254451,0.7428899185078139,0.6852791878172588
23,0.5464755858071023,0.7754272008104525,0.7549407114624508
24,0.60759042707279,0.8049178374029766,0.7770419426048564
25,0.6506853066802375,0.8190411632376384,0.7885985748218528
26,0.48844310355504644,0.7410574616748358,0.6962616822429907
27,0.5254825271435755,0.7656317506666865,0.7390396659707725
28,0.5551921834290741,0.7793379318564426,0.7494553376906318
29,0.4814525073649333,0.7389642894387914,0.7252336448598131
