,Matthews,Accuracy,F1
0,0.05222898683111455,0.5259358288770053,0.5429864253393665
1,-0.06693234643509612,0.46737967914438505,0.391304347826087
2,-0.06204299163676617,0.47049910873440287,0.3657142857142857
3,-0.045472786862057045,0.4772727272727273,0.47887323943661975
4,-0.045472786862057045,0.4772727272727273,0.47887323943661975
5,0.12237811681660593,0.5612299465240642,0.5507246376811593
6,0.019979375436474038,0.5097147950089127,0.4371584699453552
7,-0.11132921467994313,0.44438502673796787,0.4485981308411215
8,0.07791742084170165,0.5377005347593583,0.4640883977900552
9,-0.05736683520249186,0.471301247771836,0.45631067961165045
10,-0.07482630678585896,0.46256684491978606,0.45714285714285713
11,-0.07125397859777483,0.46461675579322637,0.4205128205128205
12,-0.03320399506445427,0.48351158645276293,0.441025641025641
13,0.026570373499790197,0.5132798573975045,0.4926108374384236
14,0.012692790988700796,0.5063279857397505,0.5161290322580645
15,-0.009084838366298257,0.4954545454545455,0.48803827751196177
16,0.05394796246253413,0.526916221033868,0.5
17,-0.020556269327299283,0.49010695187165776,0.4022346368715084
18,0.0214210370458113,0.5102495543672014,0.5606694560669456
19,0.06250348898892207,0.5311051693404635,0.49746192893401014
20,-0.07655406271713014,0.4645276292335116,0.33333333333333337
21,-0.026570373499790197,0.4867201426024955,0.48826291079812206
22,-0.07215468889468127,0.4642602495543672,0.4145077720207254
23,0.11696823223281455,0.5565953654188949,0.4861878453038674
24,0.08532622700895813,0.5426916221033868,0.535885167464115
25,-0.05265763289626744,0.4750445632798574,0.367816091954023
26,0.024535753557255943,0.5122103386809269,0.47715736040609136
27,0.05486072755952737,0.5270053475935829,0.5550660792951542
28,-0.00877801264722572,0.49572192513368984,0.4239130434782608
29,-0.05486072755952737,0.4729946524064171,0.41269841269841273
