,Matthews,Accuracy,F1
0,0.08443133854298948,0.540571659088808,0.34056761268781305
1,0.026648857654578712,0.5116357249111247,0.25939849624060146
2,0.046244823864724095,0.5164702866699724,0.20535714285714288
3,0.06286524683013074,0.5321379646516006,0.35488721804511275
4,0.08876478519176799,0.5423554674040021,0.3406408094435076
5,0.04876907839664914,0.5212565238219301,0.27495291902071567
6,0.061312112315859965,0.5300747140443914,0.3333333333333333
7,0.0534046681416598,0.5218952490608217,0.256
8,0.060480673477838046,0.5245762142082748,0.2580645161290323
9,0.04594249679476155,0.5217628816593409,0.3066439522998296
10,0.0850413892017959,0.5319278576651231,0.24946236559139784
11,0.047475266663685546,0.5192037785640449,0.24696356275303644
12,0.11419797407418855,0.5574012287056569,0.3819875776397515
13,0.03405193818871443,0.5149974366947649,0.2681564245810056
14,0.16460684367392384,0.5820047568221738,0.4132492113564669
15,-0.03470103675971702,0.48203375158630773,0.2957540263543192
16,0.001157162445810999,0.5005946027717314,0.3154761904761905
17,0.04989533977195032,0.521472934018002,0.2709923664122137
18,0.09839578210921371,0.5429626765949221,0.31203007518797
19,0.09991107428914535,0.5479548185936278,0.35117056856187295
20,0.12832736103807413,0.5426307075562876,0.2424242424242424
21,0.1134345669254512,0.552625496903023,0.3467600700525394
22,0.15832390569074278,0.5623786632153093,0.3188405797101449
23,0.03997764866455177,0.5193193374066074,0.3112582781456954
24,0.06019329911537947,0.5241223831174834,0.25306122448979584
25,0.002936848914516372,0.5015758023985813,0.3474801061007957
26,0.07261013991446169,0.5359009807794128,0.34504792332268375
27,0.05167067596607004,0.523061342835772,0.2862385321100917
28,0.07511809405326562,0.5360963802768369,0.33388981636060105
29,0.11470201756879773,0.5397333322127628,0.24545454545454545
