,Matthews,Accuracy,F1
0,0.0,0.5,0.0
1,0.0,0.5,0.0
2,0.0,0.5,0.0
3,0.0,0.5,0.0
4,0.0,0.5,0.0
5,0.4434705124678615,0.6997959055018834,0.5630026809651474
6,0.0,0.5,0.0
7,0.09868769662819266,0.5256497139524987,0.15444015444015444
8,0.0,0.5,0.0
9,0.0,0.5,0.0
10,0.0,0.5,0.0
11,0.0,0.5,0.0
12,0.0,0.5,0.0
13,0.0,0.5,0.0
14,0.1895623885630946,0.5487502167026524,0.20930232558139533
15,0.0,0.5,0.0
16,0.0,0.5,0.0
17,0.2138105377663906,0.568162834313092,0.2816901408450704
18,0.0,0.5,0.0
19,0.4244404423981654,0.7024672581992404,0.565
20,0.3654876122329226,0.6626767111629446,0.5
21,0.22764912230654355,0.5597823517359852,0.23846153846153847
22,0.2234301021996203,0.5756292257017226,0.30612244897959184
23,0.2385445520144729,0.5680919134450205,0.26765799256505574
24,0.2241115209429674,0.5655624024838064,0.2647058823529412
25,0.298132474255385,0.6414043907897433,0.4685138539042821
26,0.1905123356365109,0.5658973065830326,0.28859060402684567
27,0.32789008030249583,0.6382050716300767,0.4540229885057471
28,0.0,0.5,0.0
29,0.2608171826513261,0.6089383934059353,0.4
