,Matthews,Accuracy,F1
0,0.041236012777215926,0.5161156198026735,0.23591549295774644
1,0.0031771899299734303,0.5013051932623892,0.2259696458684654
2,0.08606692260383489,0.5216161887731496,0.1469933184855234
3,0.10373984971333762,0.5365813627780766,0.24667931688804554
4,0.015938167966587764,0.5070105290800185,0.2614173228346457
5,0.07081806454250889,0.5167971338893821,0.12698412698412698
6,0.0,0.5,0.0
7,0.07615523961506071,0.5244938663732196,0.20040080160320642
8,0.0,0.5,0.0
9,0.0,0.5,0.0
10,0.09260125405687791,0.5369549450412034,0.2802768166089965
11,0.0,0.5,0.0
12,0.1215590133230627,0.5410518450899724,0.24561403508771934
13,0.0,0.5,0.0
14,0.0,0.5,0.0
15,0.0,0.5,0.0
16,0.19156530675717198,0.5918465280296115,0.42372881355932207
17,-0.00783071117721829,0.4978944966174393,0.10434782608695653
18,0.10454042459283772,0.5251706911428178,0.1489841986455982
19,0.14721953087671327,0.5595715214645676,0.32478632478632474
20,0.08372275274797082,0.5380803811476947,0.3242424242424242
21,0.05403427244793996,0.5242953519488802,0.2980030721966206
22,0.0,0.5,0.0
23,0.0,0.5,0.0
24,0.12786051235232623,0.5611252485338069,0.3773049645390071
25,0.09980124875244732,0.5238514299290975,0.14479638009049772
26,0.11111700970139982,0.5263555252660406,0.14965986394557823
27,0.09758124504528023,0.5305524640798309,0.2073170731707317
28,0.1688812133086321,0.5612440445672698,0.30167597765363124
29,0.0,0.5,0.0
