,Matthews,Accuracy,F1
0,0.32149273159512354,0.5796924540266328,0.2807017543859649
1,0.36959582032021404,0.6390615091946734,0.4366197183098592
2,0.05612614383660003,0.505635700697527,0.030612244897959183
3,0.5634883111844576,0.7277980342422321,0.6112956810631229
4,0.4331258900485584,0.6278138871274572,0.4081632653061224
5,0.548638765661051,0.7469483195941662,0.62874251497006
6,0.3055978395411851,0.603352885225111,0.3560606060606061
7,0.2775056532397421,0.6311033608116677,0.42492917847025496
8,0.0,0.5,0.0
9,0.4055129035915422,0.6878963221306278,0.5217391304347826
10,0.0,0.5,0.0
11,0.44757980516562307,0.7104549778059608,0.5584045584045585
12,0.3579519653391429,0.6172717184527584,0.3861003861003861
13,0.0,0.5,0.0
14,0.3862128171695097,0.6518389346861129,0.4625850340136054
15,0.0,0.5,0.0
16,0.0,0.5,0.0
17,0.0,0.5,0.0
18,0.6718524302283857,0.872075142675967,0.745011086474501
19,0.3743296481076768,0.6368103994927077,0.4316546762589928
20,0.3569818229930925,0.6153931515535828,0.3813229571984436
21,0.5810873245128203,0.759361128725428,0.6525679758308157
22,0.0,0.5,0.0
23,0.29319807864938446,0.6082276474318326,0.37142857142857144
24,0.41891724196753477,0.6499762206721623,0.4598540145985402
25,0.0,0.5,0.0
26,0.0,0.5,0.0
27,0.0,0.5,0.0
28,0.0,0.5,0.0
29,0.288771766865704,0.6044705136334813,0.3623188405797101
