,Matthews,Accuracy,F1
0,0.49865951363972066,0.750832916874896,0.6060606060606061
1,0.17454727466496325,0.5627394636015326,0.2681992337164751
2,0.0,0.5,0.0
3,0.4249148344655296,0.6966891554222888,0.5321100917431193
4,0.3385685918412145,0.6545810428119274,0.45962732919254656
5,0.3557735648896606,0.6552432117274696,0.46254071661237783
6,0.5224663186804122,0.7693070131600867,0.6276595744680851
7,0.47122620331902726,0.7341662502082291,0.5826330532212884
8,0.3109658088760371,0.6297143095119107,0.41496598639455784
9,0.24138740868582767,0.6076669998334167,0.375796178343949
10,0.32922030477252645,0.6342120606363485,0.4236111111111111
11,0.4865469333005253,0.717016491754123,0.5732484076433122
12,0.2923823784937315,0.6167957687822756,0.38869257950530034
13,0.528564864327074,0.7453231717474595,0.6158536585365855
14,0.3869091853682881,0.6660461435948692,0.4834437086092715
15,0.3054418499759433,0.6269365317341329,0.409556313993174
16,0.2913645268100468,0.6206313509911711,0.3972602739726027
17,0.22218243767038132,0.5898550724637681,0.3356643356643356
18,0.0,0.5,0.0
19,0.25594824447949704,0.6165292353823089,0.3925233644859813
20,0.2610413027647485,0.5983216724970848,0.34814814814814815
21,0.5356467817737249,0.7704980842911877,0.6356164383561643
22,0.14495108767230355,0.5640596368482426,0.2958199356913183
23,0.34402661960327924,0.6897176411794104,0.4988123515439431
24,0.5214462286548165,0.7318757288022655,0.6006389776357828
25,0.2666700833990748,0.6023779776778277,0.3576642335766423
26,0.23615273905766304,0.5923246709978345,0.33812949640287776
27,0.13113386986448325,0.5484091287689489,0.2406015037593985
28,0.34206262946731686,0.6372105613859738,0.42957746478873243
29,0.22183550275289893,0.5942195568882225,0.34782608695652173
