,Matthews,Accuracy,F1
0,0.2796755853405766,0.6334090909090909,0.5186721991701244
1,0.5478663573033247,0.7730555555555556,0.7137404580152673
2,0.649875760332486,0.8233585858585859,0.7777777777777778
3,0.5719840291868336,0.7850757575757576,0.7290076335877863
4,0.4440036787509727,0.7191666666666667,0.6432748538011697
5,0.5894155247121274,0.7998232323232324,0.7472924187725632
6,0.5723774862247792,0.7830555555555556,0.7262135922330097
7,0.48893670809381634,0.7532070707070707,0.6966292134831461
8,0.5912972479775032,0.8030808080808081,0.750877192982456
9,0.5425723548014104,0.766010101010101,0.7035573122529644
10,0.5359359843097049,0.7622222222222221,0.6984126984126984
11,0.3254440189176277,0.6671969696969697,0.59375
12,0.44191777562296464,0.7288383838383838,0.6709265175718849
13,0.510557009173976,0.7312878787878787,0.6473214285714285
14,0.4551567224975306,0.710050505050505,0.6187363834422658
15,0.6240125061115575,0.8170707070707071,0.7681159420289856
16,0.538291734819095,0.762550505050505,0.6986027944111777
17,0.5763522824308094,0.7769949494949495,0.7172131147540983
18,0.4296446006178792,0.720959595959596,0.6563039723661485
19,0.41352581365686925,0.71,0.6388384754990926
20,0.5015468316431506,0.7493434343434343,0.6833013435700576
21,0.5079748445338798,0.7606818181818182,0.7015706806282723
22,0.5042465452071904,0.7484343434343435,0.6810176125244619
23,0.6169312615043197,0.7961363636363636,0.7433264887063655
24,0.5746882774745072,0.7861868686868687,0.7304015296367112
25,0.5707160268999528,0.7887878787878788,0.7339449541284403
26,0.5008021404275197,0.7547474747474747,0.6931407942238267
27,0.5199528842061157,0.7603787878787879,0.6981132075471698
28,0.3734310717542489,0.6871464646464647,0.6064030131826742
29,0.40911659727303773,0.6954040404040404,0.6045548654244305
