,Matthews,Accuracy,F1
0,0.4613414896882317,0.7336436781609196,0.7058823529411765
1,0.5348946516048618,0.768551724137931,0.732283464566929
2,0.4035420181693545,0.6962988505747126,0.632258064516129
3,0.21455013300930859,0.603816091954023,0.5130434782608696
4,0.4505482385263032,0.7282068965517241,0.7000000000000001
5,0.4170996529496909,0.7090000000000001,0.6626984126984127
6,0.516477849778077,0.7580919540229885,0.7378964941569283
7,0.334928531655293,0.664183908045977,0.5961945031712473
8,0.5124356697000352,0.7572758620689655,0.735593220338983
9,0.4917517536799591,0.7491954022988505,0.718232044198895
10,0.4125167580231061,0.7090804597701149,0.676416819012797
11,0.4778209999795525,0.7326666666666667,0.6781115879828327
12,0.47401514478481005,0.7348620689655172,0.6872427983539094
13,0.5697235900451504,0.7862988505747126,0.7529411764705882
14,0.37418741159635377,0.6808620689655173,0.6100217864923748
15,0.5594889375376318,0.7822413793103449,0.7500000000000001
16,0.30082691578666637,0.646183908045977,0.5689655172413793
17,0.32047886669992115,0.6506091954022988,0.5583524027459954
18,0.429046734693571,0.7097356321839081,0.651063829787234
19,0.36300164317112704,0.6748620689655173,0.6008771929824562
20,0.5741829453294183,0.7909999999999999,0.763302752293578
21,0.49308101941848487,0.7423563218390805,0.6932773109243697
22,0.5449817114346605,0.7761264367816092,0.7467652495378928
23,0.48632169480174925,0.7439310344827585,0.7035573122529644
24,0.4743190377521587,0.739816091954023,0.7045454545454545
25,0.45600067732389193,0.7303793103448275,0.6933333333333334
26,0.29551488070318066,0.6497816091954023,0.6145454545454546
27,0.42728485514944636,0.7105517241379311,0.6555323590814196
28,0.3737256658119947,0.6833678160919541,0.6202531645569619
29,0.6193156253944158,0.8138735632183909,0.7884267631103075
