,Matthews,Accuracy,F1
0,0.09406165467836704,0.5404362416107382,0.3050847457627119
1,0.0,0.5,0.0
2,-0.002607470833642205,0.49904300273427793,0.1810344827586207
3,0.1361921308185042,0.5527218493661447,0.29813664596273287
4,0.03749501022765722,0.5119313944817301,0.16941176470588235
5,0.11655614511994586,0.5534489187173751,0.34676007005253945
6,0.04976756475236282,0.5140815311956252,0.14925373134328357
7,0.015356801249192151,0.5046855580412628,0.14423076923076925
8,0.07674837718818645,0.5313136962465822,0.27326732673267323
9,0.0,0.5,0.0
10,0.05368009889451767,0.517232165050957,0.18266978922716626
11,0.0,0.5,0.0
12,0.0,0.5,0.0
13,0.0,0.5,0.0
14,0.04867511305087514,0.519036374181788,0.23819301848049285
15,0.0778101689977119,0.5137521749937858,0.08498583569405099
16,0.052927177694797815,0.5122731792194879,0.11199999999999999
17,0.0,0.5,0.0
18,0.0,0.5,0.0
19,0.04700469625388881,0.5185661612395394,0.24032586558044805
20,0.0014434080800483577,0.5003935703040848,0.11111111111111112
21,0.02871836592592453,0.511452895848869,0.23030303030303026
22,0.0170504967263709,0.503685060899826,0.08152173913043478
23,0.0,0.5,0.0
24,0.0,0.5,0.0
25,0.02378533474370658,0.5050273427790206,0.08196721311475409
26,0.0,0.5,0.0
27,-0.0009274500994754392,0.49986328610489683,0.03488372093023255
28,0.0,0.5,0.0
29,0.08454614760943498,0.5248840003314277,0.18092909535452323
