,Matthews,Accuracy,F1
0,0.3289750874459585,0.6645591117841448,0.6103286384976526
1,0.24011457724066876,0.619667131343009,0.5546751188589539
2,0.21770958323620113,0.6038091666253883,0.5043782837127846
3,-0.03154954741450036,0.48619062108592737,0.29133858267716534
4,0.14279939201464936,0.5720755464664549,0.5165165165165165
5,0.1847755359372069,0.5786104997983257,0.41379310344827586
6,0.14777491090181502,0.5722064578217766,0.4808013355592654
7,0.2611415711866944,0.6276951817544952,0.55
8,0.17099118747409717,0.5858707728015737,0.5238828967642527
9,0.2930901358367788,0.6349731454814354,0.5286506469500923
10,0.18024932976810695,0.590385445487804,0.5271317829457365
11,0.17378927747562994,0.5864368759597218,0.5135566188197767
12,0.19390017212640465,0.5938386747525067,0.5008517887563884
13,0.18173180516749127,0.5920731405280327,0.556497175141243
14,0.07638038519414109,0.5310861396718016,0.3213530655391121
15,0.28235587652832894,0.6397319501546169,0.5728155339805826
16,0.21151953535509233,0.6034305851383768,0.52
17,0.02407698246934552,0.5076423926349979,0.18858560794044665
18,0.19005134412766803,0.5945250748317612,0.5231259968102074
19,0.059575546389100044,0.529256918842036,0.4323432343234323
20,0.24513926556846052,0.6200457128300205,0.5415282392026578
21,0.291845302147291,0.6275147363728355,0.49704142011834324
22,0.24971488869020747,0.6258093506089146,0.5735963581183612
23,0.2880818922051879,0.6340319989810144,0.5318761384335156
24,0.17050355075592527,0.5850569995117361,0.5150078988941549
25,0.2572041815568516,0.6288203117813144,0.5700934579439253
26,0.14226237373946551,0.5720720083217165,0.5359661495063469
27,0.0714100175480927,0.5352753030420969,0.44552845528455287
28,0.2626729348359364,0.6192991642902128,0.5009416195856875
29,0.14709954129452377,0.5717677278742119,0.4790619765494138
