,Matthews,Accuracy,F1
0,0.0,0.5,0.0
1,0.09395773241439687,0.5443885963086872,0.3692307692307692
2,0.06609336814947948,0.5325671111395688,0.3735632183908046
3,0.009365642513260997,0.5045621168222055,0.3284457478005865
4,0.04298703972033955,0.5203934625666309,0.33639143730886856
5,-0.008671430312667714,0.4968385330793488,0.19047619047619047
6,0.11977128413062604,0.558138976485089,0.40117994100294985
7,0.12711816235450263,0.5587152438731571,0.38095238095238093
8,0.0,0.5,0.0
9,0.15333307511529656,0.573754221958989,0.41916167664670656
10,0.1477800659472054,0.5584351138928463,0.3283582089552239
11,0.013419804485444402,0.5067791455235229,0.35519125683060115
12,0.10102831060141562,0.5495429879464071,0.3942028985507246
13,0.08518776043827259,0.5243472971458757,0.18099547511312214
14,0.14926130479369412,0.5673832658353476,0.38562091503267976
15,0.08574219005778796,0.5423796641641722,0.38857142857142857
16,0.12376557052037346,0.5596436746650446,0.3999999999999999
17,0.018534940512712934,0.508932144515055,0.32835820895522394
18,0.11994190779188582,0.559283507547502,0.4114285714285714
19,0.05416237621207905,0.522834595252197,0.2887323943661972
20,0.0,0.5,0.0
21,-0.0038070589676753763,0.49826319412207265,0.2838709677419355
22,0.09546884458486182,0.5398104720590354,0.31316725978647686
23,0.07550700631287754,0.5347921435546094,0.3439490445859873
24,0.16006796030006268,0.5778361159578044,0.4294117647058824
25,0.15437051352772652,0.5738262553824975,0.4169184290030212
26,0.060704513982409315,0.5307022458420707,0.3869209809264305
27,0.12285759128883421,0.5523442877495157,0.3414634146341463
28,0.11496074170503398,0.5576347425205296,0.41666666666666663
29,0.022771687638185524,0.5090842150757952,0.24444444444444444
