,Matthews,Accuracy,F1
0,-0.020236445016079387,0.48990396903640415,0.44370860927152317
1,-0.02484154684991911,0.48758535071384235,0.44590163934426225
2,0.05726062658020193,0.5286997480556468,0.5169230769230769
3,0.04414718959902896,0.522109029831672,0.4903225806451613
4,0.06685029867764274,0.5292657100083982,0.3697478991596639
5,-0.01916109732487987,0.4911089202906488,0.35937499999999994
6,0.12635702366479237,0.5631138861503633,0.5263157894736843
7,0.0068425777467411315,0.5033957717165078,0.44745762711864406
8,0.11465144561603835,0.5473947493336254,0.36444444444444446
9,0.022273589840741143,0.5107715339394603,0.4218181818181818
10,0.012481980897105458,0.5062438383174499,0.46905537459283386
11,-0.0023671737299396076,0.4988133055829408,0.47133757961783435
12,0.07033668735225217,0.5352356957680651,0.525993883792049
13,-0.023193068332257337,0.48847993573593307,0.43243243243243246
14,-0.005563795557625572,0.49727973125935665,0.41843971631205673
15,-0.09025505017226765,0.4580092744732902,0.3190661478599222
16,-0.01659992145948199,0.4917479095921422,0.43771043771043766
17,-0.012713026917311545,0.493646620659437,0.45245901639344266
18,-0.031118905802708076,0.4844269178807464,0.4787878787878788
19,-0.036021146747438636,0.48236389527878193,0.40282685512367494
20,-0.01659992145948199,0.4917479095921422,0.43771043771043766
21,-0.03227447512508873,0.4846277430897872,0.3745318352059925
22,0.003114599167929197,0.5015518311607696,0.45333333333333325
23,0.03645876483610562,0.517252711140322,0.40909090909090917
24,-0.05534276682615258,0.47230437798955704,0.4666666666666666
25,-0.09025505017226765,0.4580092744732902,0.3190661478599222
26,0.00426525283491857,0.5021360499507066,0.49390243902439024
27,-0.043853662827117966,0.4786212436557491,0.3928571428571429
28,0.08368777156796929,0.5381750465549349,0.4079999999999999
29,0.0032054294777721184,0.5016066016723263,0.47284345047923326
