,Matthews,Accuracy,F1
0,0.01952256336095349,0.5061450579885755,0.17843866171003717
1,0.06307786978565312,0.5274003231204201,0.33628318584070793
2,0.05675992939749872,0.5269098724828343,0.38421052631578945
3,0.03706008694968826,0.5178653857250014,0.38363171355498715
4,0.006056144375758934,0.5028850037505048,0.3550913838120105
5,0.022589325718481535,0.5109197391956609,0.3765903307888041
6,0.1441848123328416,0.5670546996711096,0.4281842818428184
7,0.07690671203283708,0.5375627488315735,0.41895261845386533
8,0.03219482330023479,0.5148577693151001,0.3506849315068494
9,0.03519467664450118,0.5145187813744159,0.2919254658385093
10,0.0467617754096621,0.5233613178697133,0.4208037825059102
11,0.04144460330062583,0.5092536495297444,0.1087866108786611
12,-0.03991073224507981,0.4862673821475968,0.1702127659574468
13,0.020272476376059487,0.5091815244359817,0.33146067415730335
14,0.10526263255002294,0.5481867751428077,0.39335180055401664
15,0.012705074701111142,0.5053444694478103,0.28658536585365857
16,0.05314610830636121,0.5268088973515666,0.43577981651376146
17,-0.010709399056829737,0.4951604062085281,0.30985915492957744
18,0.02494685414131578,0.512737291558479,0.4406047516198704
19,-0.02574213175306316,0.48728434596964976,0.36496350364963503
20,0.10388608278629204,0.5473573365645376,0.3899721448467967
21,0.06410498332828996,0.5283595868674629,0.3468208092485549
22,0.10822639861947118,0.5520238301309792,0.4267352185089974
23,0.016721469192286093,0.508251110726444,0.3902439024390244
24,0.07771891636418991,0.5397697767007097,0.48559670781893
25,0.034933030908442506,0.5146486065431886,0.2996941896024465
26,0.03053810801476442,0.5145476314119208,0.37075718015665793
27,0.02377115857819702,0.5100614505798857,0.296969696969697
28,0.1420124629739994,0.5579813628757717,0.3573667711598746
29,0.10294844259847713,0.5406424903352374,0.31612903225806455
