,Matthews,Accuracy,F1
0,0.05776986681423749,0.5263905718077433,0.3611111111111111
1,0.05651929985450816,0.5287274248456523,0.4488888888888889
2,0.13410900875037532,0.5668238993710691,0.4714285714285715
3,0.08706082994445163,0.5438881195545554,0.4551724137931034
4,0.09180972274522849,0.5419407420229646,0.3833333333333333
5,0.04820750360199305,0.5246595695574405,0.4608879492600423
6,0.03701895343969309,0.5115616525301483,0.1865671641791045
7,0.060787233956655175,0.530177139230281,0.4230769230769231
8,0.027519811065596346,0.5134080549304714,0.38596491228070173
9,0.06707798814946592,0.5332352432058162,0.42512077294685985
10,0.12616130257311614,0.5584501759852287,0.4141689373297002
11,0.1745024434201965,0.5849128728867348,0.4773869346733668
12,0.07500806532028692,0.5353845709999423,0.3925729442970822
13,0.033232766506802534,0.516805146846691,0.4272727272727273
14,0.13262273056200266,0.5647755467082107,0.4538653366583541
15,-0.01823347208740848,0.49104206335468237,0.36453201970443344
16,0.09438114196447468,0.5448185332640932,0.4094488188976378
17,0.11493382978733627,0.5577794126132364,0.4686774941995359
18,0.0372946533381295,0.5185145115688651,0.40865384615384615
19,0.09724874695754149,0.5411617910103284,0.3454545454545454
20,0.11529009606178825,0.55617102302233,0.4411027568922306
21,0.09106748107231578,0.5446382205296867,0.43069306930693063
22,-0.013417844679011855,0.4934005539207201,0.3685503685503685
23,-0.01349600665701612,0.4932202411863136,0.3906976744186047
24,0.0627995191209305,0.5303574519646875,0.4020356234096692
25,-0.02132190837517294,0.4895130113669147,0.3636363636363636
26,0.08562927378429676,0.5435779816513762,0.46799116997792495
27,0.021962383446420028,0.5109990767987999,0.4084507042253521
28,0.07581509668448613,0.5351249206623968,0.38147138964577654
29,0.08177069284711044,0.5384426749754775,0.39466666666666667
