,Matthews,Accuracy,F1
0,0.8962286910348243,0.9464804232243009,0.9316455696202531
1,0.862054334999536,0.931027167499768,0.9095477386934674
2,0.931760288648956,0.9690934885509341,0.9554455445544553
3,0.9430345939196231,0.974244573792445,0.9627791563275433
4,0.8963425712302042,0.9559008764137309,0.9323671497584541
5,0.8870370323330439,0.9484891475848902,0.9264705882352942
6,0.8845988578772552,0.9401360363824398,0.9238578680203046
7,0.8962286910348243,0.9464804232243009,0.9316455696202531
8,0.8890160594088824,0.9450352023972104,0.9273182957393483
9,0.8413979658788776,0.9324060937935058,0.8967136150234742
10,0.7803398310044952,0.9038861855451399,0.8577981651376145
11,0.8183655881107091,0.8950358653425439,0.8739946380697051
12,0.8668388330040642,0.9359263335145385,0.9131513647642681
13,0.9312186026264395,0.9667068853502341,0.9550000000000001
14,0.9115275977769869,0.9493708648784821,0.9405684754521965
15,0.9463544636109307,0.9731772318054652,0.964824120603015
16,0.9500637765366332,0.9721098898184856,0.9669211195928753
17,0.9032678697633648,0.9585393988411716,0.9368932038834952
18,0.9154718620338048,0.9506901260922025,0.9430051813471502
19,0.9001934350659924,0.940639874835921,0.9319371727748692
20,0.7993569075324886,0.8812797496718421,0.8579234972677595
21,0.9114652691151967,0.9505641664788321,0.9408740359897172
22,0.7667560976700012,0.8707256599620795,0.839572192513369
23,0.8632599279661896,0.9346070723008181,0.9108910891089109
24,0.9201758656449555,0.962749101709073,0.9478908188585609
25,0.9076164122167961,0.9504382068654619,0.9387755102040817
26,0.911459157854862,0.9517574680791823,0.9411764705882352
27,0.8218156185896859,0.9187759377361743,0.8846153846153847
28,0.899895427799086,0.9466063828376712,0.9336734693877552
29,0.8422012383789421,0.9266915050184962,0.8975609756097561
