,Matthews,Accuracy,F1
0,0.8690002193725627,0.9476074302912982,0.9137529137529138
1,0.9000014919647988,0.9477996844380212,0.934010152284264
2,0.9102703284158773,0.9611779212686122,0.9414634146341464
3,0.9232074219688808,0.9604884581217432,0.9494949494949495
4,0.926930536042987,0.9606144177351135,0.9516539440203563
5,0.8137663935021205,0.9172047572957134,0.8794326241134751
6,0.8560439967466393,0.9366157966614073,0.9064748201438849
7,0.7991612993378291,0.9151297384017714,0.8687782805429863
8,0.812340906700394,0.9226674268439825,0.8764044943820225
9,0.9097731665227159,0.9599846196682622,0.9411764705882353
10,0.954018111666512,0.977009055833256,0.9698492462311558
11,0.9386908155553493,0.9693454077776746,0.9597989949748744
12,0.39749416009599037,0.6996725050052373,0.6069651741293532
13,0.8387582671741026,0.9253722438047758,0.8953771289537712
14,0.9205240225850579,0.963942403309423,0.9481481481481482
15,0.812340906700394,0.9226674268439825,0.8764044943820225
16,0.931760288648956,0.9690934885509341,0.9554455445544553
17,0.9102703284158773,0.9611779212686122,0.9414634146341464
18,0.9423526963720845,0.9682780657906949,0.9618320610687022
19,0.9467194652706222,0.9755638350061654,0.965174129353234
20,0.934687159246065,0.9656395433632543,0.9569620253164557
21,0.9154718620338048,0.9506901260922025,0.9430051813471502
22,0.8702779519438799,0.9465400883043185,0.9150943396226415
23,0.9463544636109307,0.9731772318054652,0.964824120603015
24,0.9277954417365113,0.9665809257368637,0.9528535980148882
25,0.8160912446181539,0.9138767717214038,0.8807785888077859
26,0.8624079778894015,0.9322204691001179,0.91
27,0.8827160294356416,0.9506238315588497,0.923444976076555
28,0.9259125772997575,0.9700348709245437,0.9514563106796117
29,0.93937143983593,0.9729253125787247,0.9603960396039604
