,Matthews,Accuracy,F1
0,0.2821898435304992,0.6243310976674439,0.4111498257839721
1,0.24949546441028,0.5837707090107949,0.3116883116883117
2,0.29762105095305263,0.6260617701132898,0.41304347826086957
3,0.33942723374446576,0.6529924713180842,0.46258503401360546
4,0.24333164413948116,0.6042306467682131,0.37275985663082434
5,0.28756623895529426,0.6042922730867596,0.36213991769547327
6,0.5845730437212259,0.8159016443955999,0.6825396825396824
7,0.5592217770958671,0.7667957395671778,0.6496815286624205
8,0.5855977014621614,0.798841425211327,0.6802325581395349
9,0.46763678349911375,0.6894187611055762,0.5358490566037737
10,0.2300432314669864,0.5867339078275695,0.328
11,0.5269285521090987,0.7513891599305677,0.6242038216560509
12,0.28759553096333107,0.6149587617218394,0.3893129770992367
13,0.575391652497222,0.8188648432123746,0.6750629722921914
14,0.19403852180549172,0.5815572970696685,0.3284671532846716
15,0.24438975187543427,0.5901644395599881,0.33333333333333337
16,0.4663247603056126,0.7201548874806134,0.5741935483870968
17,0.3297740966522987,0.6312229742915542,0.42145593869731807
18,0.41955668246138716,0.6885149084335617,0.5255972696245735
19,0.49394146721428916,0.7325674551411756,0.5954692556634306
20,0.44196978363202216,0.6992122102279147,0.5442176870748299
21,0.1613361548942183,0.5636086317930178,0.28571428571428575
22,0.4099768873273053,0.6859420096342478,0.5202702702702703
23,0.4217385817513203,0.6722969156027567,0.50187265917603
24,0.24925953980750534,0.5982734359753905,0.3552123552123552
25,0.2764453696401623,0.6226158318012346,0.4083044982698962
26,0.35458920314408543,0.6350900257803432,0.42857142857142855
27,0.45956169039623485,0.7103306251990016,0.5618729096989967
28,0.6268807747286874,0.8223724078429762,0.7126436781609196
29,0.2579458364593518,0.5901798461396247,0.329113924050633
