,Matthews,Accuracy,F1
0,0.4609342921468617,0.7486988289460514,0.6147368421052632
1,0.5330371363329095,0.7575651419610983,0.6479591836734694
2,0.2022298762237918,0.5752677409668702,0.31788079470198677
3,0.0,0.5,0.0
4,0.4746012210599315,0.7136172555299769,0.5849582172701949
5,0.0,0.5,0.0
6,0.04896049301989094,0.513061755580022,0.12698412698412698
7,0.3133068557545092,0.617130417375638,0.40264026402640263
8,0.397522324376613,0.6343125479598305,0.43109540636042404
9,0.0,0.5,0.0
10,0.4222417130096351,0.6542888599739766,0.476510067114094
11,-0.047541867683656966,0.4957044673539519,0.0
12,0.0,0.5,0.0
13,0.0,0.5,0.0
14,0.32118667086069064,0.641619123878157,0.4615384615384615
15,0.0,0.5,0.0
16,0.2686978483344225,0.605962032495913,0.3860759493670886
17,0.28076893990194174,0.6123844793647616,0.39999999999999997
18,0.3899114725738466,0.6404347245854602,0.44745762711864406
19,0.2572236203459056,0.6048026557234845,0.38769230769230767
20,0.5474851875247799,0.7911620458412572,0.6739130434782608
21,0.5160753658188507,0.7666316351382911,0.6482758620689656
22,0.36904423763586125,0.6415523971574417,0.453074433656958
23,0.2850816348497873,0.5995812898275115,0.35986159169550175
24,0.5385758552330996,0.7884345911320187,0.6680942184154176
25,0.0,0.5,0.0
26,0.2808058398921923,0.594877056017082,0.3462897526501767
27,0.3510550843431663,0.6667083708671138,0.5065274151436031
28,0.0,0.5,0.0
29,0.286338924595024,0.5973042404831015,0.35211267605633806
