,Matthews,Accuracy,F1
0,0.44483220156244285,0.7154302030587196,0.5625
1,0.0,0.5,0.0
2,0.0,0.5,0.0
3,0.0,0.5,0.0
4,0.0,0.5,0.0
5,0.2214142708264664,0.5705159149967646,0.2767857142857143
6,0.12131799202643492,0.5175275520999167,0.07865168539325842
7,0.34608222704910757,0.620993005412845,0.39662447257383965
8,0.668302830722858,0.8493185156274072,0.7450980392156863
9,0.20866506779941404,0.5619703988249916,0.24999999999999997
10,0.0,0.5,0.0
11,0.0,0.5,0.0
12,0.0,0.5,0.0
13,0.0,0.5,0.0
14,0.33150923974814034,0.6128686024178059,0.3776824034334764
15,0.0,0.5,0.0
16,0.5349362539444175,0.7484105545341564,0.6250000000000001
17,0.5269641811653808,0.7321771551237148,0.6062717770034843
18,0.0,0.5,0.0
19,0.35662793516572555,0.6171567670833291,0.3859649122807018
20,0.0,0.5,0.0
21,0.0,0.5,0.0
22,0.0,0.5,0.0
23,0.3289447510339674,0.6785211737759472,0.4934383202099738
24,0.0,0.5,0.0
25,0.0,0.5,0.0
26,0.2772522405966817,0.5799498772609155,0.29107981220657275
27,0.3060712456891092,0.5974774293608324,0.33928571428571425
28,0.32495095211468933,0.609874590441758,0.37068965517241376
29,0.0,0.5,0.0
