,Matthews,Accuracy,F1
0,0.9325238203608175,0.9639863682416874,0.9539877300613497
1,0.9370283192118574,0.9662276258020939,0.9570552147239264
2,0.9325238203608175,0.9639863682416874,0.9539877300613497
3,0.9460181438805905,0.9699118848055018,0.963076923076923
4,0.9259817425528621,0.9626201221945903,0.9497716894977168
5,0.9460184537472657,0.9691136286880968,0.9629629629629629
6,0.7460229146082,0.8536581621688004,0.8159203980099502
7,0.9348022419278762,0.9655061250805932,0.9555895865237366
8,0.9393030046017145,0.9677473826409997,0.9586523736600305
9,0.9331663522228821,0.9687759049461178,0.9548192771084337
10,0.9392629107789193,0.9669491265235945,0.9585253456221199
11,0.8994045947764995,0.9507690890669613,0.9319213313161876
12,0.715283411696762,0.880829572318934,0.806083650190114
13,0.9148322127045532,0.9574161063522766,0.9422492401215805
14,0.9234207812203936,0.9555125725338491,0.9470404984423677
15,0.5432358893039518,0.7705167173252279,0.6891271056661562
16,0.9437641652998682,0.967593871849191,0.9613601236476043
17,0.9371538839074566,0.9678241380369039,0.9573170731707317
18,0.9415060845226287,0.9676706272450953,0.96
19,0.0,0.5,0.0
20,0.9303014792540379,0.9632648675201867,0.9525267993874427
21,0.0,0.5,0.0
22,0.9393621172674036,0.9685456387584047,0.9587786259541985
23,0.936994025164667,0.9654293696846888,0.9569230769230769
24,0.9415060845226287,0.9676706272450953,0.96
25,0.9415787230082932,0.9692671394799054,0.9602446483180428
26,0.9326641557023544,0.9655828804764974,0.9542682926829269
27,0.9347546464297273,0.964707868963188,0.9554531490015361
28,0.9437579090611095,0.9683921279665961,0.9614791987673343
29,0.9279394990370853,0.9601485984464708,0.9506172839506173
