,Matthews,Accuracy,F1
0,0.5974175339678056,0.7687929717341482,0.671462829736211
1,0.41451865249324776,0.6608479755538579,0.4848484848484848
2,0.829435097561734,0.925057295645531,0.8704453441295548
3,0.7410769445046796,0.8326967150496563,0.783653846153846
4,0.8520655759498778,0.9338044308632544,0.8875255623721882
5,0.7674068718415116,0.8669213139801375,0.8169642857142858
6,0.8201850494988013,0.9224598930481284,0.8634538152610441
7,0.6749832446607946,0.8266233766233766,0.7472527472527473
8,0.48291354994424734,0.7292589763177999,0.5945945945945947
9,0.5418463267351563,0.75,0.634032634032634
10,0.6405597444328193,0.7741787624140566,0.6919191919191918
11,0.4358285833836264,0.6921313980137509,0.5392156862745099
12,0.5386557818776236,0.7538579067990833,0.6363636363636364
13,0.7758847155406866,0.9147822765469824,0.8286252354048965
14,0.8815732311548345,0.9401451489686784,0.9094736842105263
15,0.7474848989230459,0.8580213903743316,0.801781737193764
16,0.7843934845637615,0.8737203972498091,0.8295964125560538
17,0.7718771637418604,0.8624140565317036,0.817351598173516
18,0.4544754630410409,0.7301375095492743,0.5855670103092783
19,0.6146522168185294,0.7617265087853323,0.6700507614213198
20,0.7289361345565244,0.8660427807486631,0.7933194154488517
21,0.8751503675175816,0.9425515660809778,0.9049586776859504
22,0.8721995445247643,0.9404507257448433,0.9026915113871636
23,0.6006001314287408,0.7871657754010695,0.6875
24,0.8598908525508469,0.9372039724980901,0.8934426229508197
25,0.8400818642137879,0.9254010695187166,0.8783505154639175
26,0.48703041978936645,0.7260504201680672,0.5925925925925926
27,0.8141978617988704,0.9279220779220779,0.858252427184466
28,0.7887253459647114,0.8896867838044309,0.8376068376068375
29,0.7484475027851092,0.8514132925897633,0.7990867579908676
