,Matthews,Accuracy,F1
0,0.681126463596736,0.8552542372881355,0.7917737789203083
1,0.6231488367977083,0.7990718321226795,0.7361963190184049
2,0.3707100607380156,0.6635028248587571,0.5273972602739725
3,0.6284312483625953,0.8267473769168685,0.7584415584415585
4,0.7253952994801526,0.8765375302663438,0.8198433420365535
5,0.587564355927004,0.7819935431799838,0.7116564417177915
6,0.7024903653105716,0.8636965294592414,0.8052631578947369
7,0.6738185874517765,0.8450766747376917,0.7859078590785907
8,0.6893479076815022,0.8565698143664245,0.7968337730870713
9,0.5709497516555829,0.7968603712671509,0.722077922077922
10,0.6697358227915692,0.8495722356739306,0.7846153846153847
11,0.758550139038847,0.8819289749798225,0.8394366197183099
12,0.6998874629366485,0.856408393866021,0.8021978021978022
13,0.681126463596736,0.8552542372881355,0.7917737789203083
14,0.4915889516970124,0.7161501210653753,0.6116838487972509
15,0.7259549052119936,0.8517836965294592,0.8096676737160121
16,0.6683119177352681,0.8436965294592413,0.7828418230563003
17,0.6107352999819936,0.7948345439870863,0.729483282674772
18,0.5227017573126866,0.747772397094431,0.6625
19,0.7286761707922517,0.8706295399515738,0.8209366391184574
20,0.5594665542153449,0.7721065375302663,0.6966966966966968
21,0.6856631038944886,0.8507586763518966,0.7934782608695652
22,0.5914768981281139,0.7892171105730428,0.7202380952380952
23,0.6802502204489355,0.8406133979015336,0.7863247863247863
24,0.6074522748202897,0.8168280871670702,0.7455012853470437
25,0.661290262911024,0.829184826472962,0.7723342939481268
26,0.5652826641657648,0.7618966908797418,0.6838709677419355
27,0.7002018865438322,0.8534866828087166,0.8011204481792719
28,0.5558430673256826,0.7823809523809524,0.7071823204419889
29,0.656694577640469,0.8336158192090395,0.7734806629834254
