,Matthews,Accuracy,F1
0,0.7964565827972339,0.8613070424868177,0.8368336025848142
1,0.817007649127515,0.8745617425392707,0.8548644338118023
2,0.8749497852339351,0.9160823233856942,0.905775075987842
3,0.8717242483276736,0.9385611351903487,0.9111111111111112
4,0.47790456849915625,0.6774977224415427,0.5291828793774319
5,0.0,0.5,0.0
6,0.8686912977038256,0.9126590840073987,0.9010654490106546
7,0.49784894666582385,0.6623070977003561,0.4904862579281184
8,0.8809764123523249,0.9202958065317616,0.9107413010590015
9,0.6451393334308237,0.7557939706816111,0.6765249537892791
10,0.7579155647560972,0.8346216492283908,0.7999999999999999
11,0.620860976608226,0.7631718797449134,0.6852173913043478
12,0.8749497852339351,0.9160823233856942,0.905775075987842
13,0.8675676051693664,0.9181907903818016,0.9031296572280179
14,0.8631440738485925,0.9193330204566159,0.9013254786450663
15,0.8787584131804798,0.919681555917511,0.9093655589123867
16,0.7657494128327244,0.8730778786958562,0.8328445747800587
17,0.8789674902409406,0.9188913121497391,0.9090909090909091
18,0.8327438995206363,0.8865879413632223,0.8697017268445839
19,0.7462102852845522,0.825404439168484,0.7871621621621623
20,0.8809764123523249,0.9202958065317616,0.9107413010590015
21,0.8809764123523249,0.9202958065317616,0.9107413010590015
22,0.8628966423852128,0.9076553570935593,0.8957055214723927
23,0.8669144891618006,0.9104643458576043,0.8990825688073395
24,0.9275842314743832,0.9652430776026282,0.9497206703910613
25,0.6557373047507646,0.7628164425917234,0.6886446886446885
26,0.8423882632269283,0.9100295392430224,0.8869309838472834
27,0.8653484814460171,0.9183667835353229,0.9020771513353114
28,0.8568692595189298,0.9034418739474919,0.8906009244992296
29,0.9248490600509697,0.9559361455428871,0.9467625899280575
