,Matthews,Accuracy,F1
0,0.518897354993635,0.7368088130774698,0.655072463768116
1,0.0,0.5,0.0
2,0.0,0.5,0.0
3,0.6527616278588542,0.823454157782516,0.7766497461928934
4,0.3127866642778766,0.6216915422885573,0.44217687074829937
5,0.6363769473494892,0.8022245913290689,0.7506849315068492
6,0.5670125669051084,0.7715849324804549,0.7081081081081081
7,0.6085864605419391,0.8104975124378109,0.7576470588235295
8,0.603251812653562,0.8006467661691542,0.7468671679197995
9,0.5039167493237697,0.7577896233120114,0.6946386946386947
10,0.5796695354355381,0.793454157782516,0.7373493975903613
11,0.5718207118500716,0.7849822316986497,0.7268170426065164
12,0.6060772111183925,0.810817341862118,0.7575057736720554
13,0.566692045111137,0.7705259417199716,0.7065217391304348
14,0.39776236155763317,0.679864960909737,0.5689149560117303
15,0.6103572721207146,0.8035039090262971,0.7506297229219143
16,0.623208226110738,0.8190191897654584,0.7674418604651162
17,0.5103466977427727,0.730774697938877,0.6451612903225806
18,0.0,0.5,0.0
19,0.5228158186505318,0.751634683724236,0.6809651474530831
20,0.5484360685303139,0.7704264392324094,0.7076923076923077
21,0.6123169251846619,0.7947121535181236,0.739946380697051
22,0.5666195142004499,0.7775692963752665,0.7168831168831169
23,0.5953076100841908,0.7837029140014214,0.7247956403269755
24,0.5892454690042875,0.7949324804548685,0.7394540942928038
25,0.4775274094396001,0.7379886282871357,0.6666666666666666
26,0.5772381269250787,0.7807960199004975,0.7210526315789473
27,0.462694293218788,0.7266595593461265,0.6493506493506493
28,0.5767526126846865,0.7797370291400143,0.7195767195767196
29,0.6198849925020152,0.7943923240938167,0.7397260273972602
