,Matthews,Accuracy,F1
0,-0.0511262585238272,0.4741822557707034,0.4463894967177243
1,0.041915341888095224,0.5183149181344128,0.3365079365079365
2,-0.0024655502540764994,0.4987601648251468,0.4246913580246914
3,-0.06424982805600558,0.4677278197133793,0.3870967741935484
4,-0.001786909771447634,0.49917040440506144,0.34705882352941175
5,0.07064267862868717,0.5320169201035627,0.3768996960486322
6,-0.014602630919592146,0.49261568756153595,0.430622009569378
7,-0.05787772365519662,0.47172081829121537,0.3548387096774193
8,-0.02806882238235651,0.4865259089085804,0.3565459610027855
9,0.05118214793638398,0.5251248951609963,0.425531914893617
10,-0.02439418720560675,0.48907851073916053,0.308641975308642
11,0.016943746098901046,0.5085056339568975,0.43283582089552236
12,0.04509930159589788,0.5222349852313751,0.42631578947368415
13,-0.039642053286934036,0.4799894249352733,0.41162227602905566
14,0.08797096286220953,0.5420996973343544,0.4257703081232493
15,0.0471161884472201,0.5229643000401123,0.41621621621621624
16,-0.00015040421227483004,0.4999453013893447,0.2222222222222222
17,0.03440010467042188,0.5161269737082012,0.3768115942028985
18,0.0,0.5,0.0
19,-0.01125203485256043,0.49782117200889764,0.06481481481481481
20,-0.004291375714385613,0.4981037814972833,0.31347962382445144
21,-0.057750567448653756,0.47318856434379897,0.31176470588235294
22,-0.06311979656515386,0.47139262662728365,0.2917933130699088
23,0.03776680275361296,0.5168654049520476,0.34674922600619196
24,0.0540512288162316,0.5187160412792182,0.2366412213740458
25,0.03440010467042188,0.5161269737082012,0.3768115942028985
26,-0.02161563290507248,0.4905280239215257,0.2974683544303797
27,-0.002482022439884516,0.49874193195492833,0.44755244755244755
28,0.01682544948594878,0.5084965175217883,0.4444444444444444
29,-0.027283769546052442,0.486507676038362,0.38642297650130547
