,Matthews,Accuracy,F1
0,0.23197536570286775,0.577907751021179,0.32807570977917977
1,0.16040125466401514,0.5726900485991712,0.40786240786240785
2,0.1397771809952773,0.5472028145777637,0.27044025157232704
3,0.34006733334427375,0.6586380305906439,0.5437352245862884
4,0.18946489830932092,0.574508790586271,0.3626062322946175
5,0.19359381668051928,0.5857541816157982,0.4191919191919192
6,0.1121341663401499,0.5534590882437711,0.40274599542334094
7,0.0,0.5,0.0
8,0.10565550417418215,0.5448175791848457,0.3386243386243386
9,0.28511574262036676,0.6385026684820958,0.5277161862527717
10,0.21797114325639624,0.5943509675111063,0.42487046632124353
11,0.18427882306717408,0.573942297180453,0.3676880222841226
12,0.35206018580176085,0.6549111002892098,0.5241730279898219
13,0.0,0.5,0.0
14,0.41673562282836807,0.7096323755950665,0.6309278350515464
15,0.16552583308721044,0.5835329311561435,0.47443762781186094
16,0.24319880994050744,0.588422663711625,0.3663663663663663
17,0.1697442725500758,0.5837068545702104,0.4612068965517241
18,0.29121744963587914,0.6235303471511345,0.46560846560846564
19,0.0,0.5,0.0
20,0.1656344121490539,0.5670996531470199,0.3591160220994475
21,0.28453478640178964,0.6369771116787087,0.5225225225225225
22,0.064843719279962,0.5314602609845059,0.38222222222222224
23,0.1749832182878403,0.5658026814021209,0.3343108504398827
24,0.3273340674635197,0.6569385503731899,0.5487528344671202
25,0.3214624918579729,0.6442222641846967,0.5124378109452736
26,0.3053691790305077,0.6358540633478766,0.4974874371859296
27,0.19703030582961303,0.5793140460549201,0.3777777777777778
28,0.1472783470318727,0.5736391735159363,0.4560669456066946
29,0.2697614694151857,0.6258410439380236,0.49645390070921985
