,Matthews,Accuracy,F1
0,0.08707336523285546,0.5428397059994162,0.43457943925233644
1,0.033899914782291866,0.5169753495900443,0.41964285714285715
2,0.028698403880775956,0.512371640088094,0.3116147308781869
3,0.06679920649976064,0.5332939740494069,0.4343891402714932
4,0.01784410783908598,0.5081195107066097,0.33510638297872336
5,0.047803259976117306,0.5234696314378964,0.40845070422535207
6,0.03247733085537568,0.5165375328362566,0.4449064449064449
7,0.07499728468524278,0.5267930586143763,0.25742574257425743
8,-0.0833100004738647,0.4626529041844668,0.2601626016260163
9,0.09275242220691525,0.542375354896914,0.3862433862433862
10,0.06322881584241737,0.5272574097168785,0.3342776203966005
11,0.06463337975525917,0.5316289436675776,0.4160756501182033
12,0.06964609874999514,0.5302624247087855,0.3426966292134832
13,-0.019838349645071123,0.49099158861145753,0.3093333333333333
14,-0.04548618814071475,0.477425902831215,0.36155606407322655
15,0.05348298231883064,0.5245310053864728,0.36315789473684207
16,0.009665558412838239,0.5043980682994136,0.3297872340425532
17,0.034115414968020334,0.5110051211293019,0.19580419580419578
18,0.1408262887502599,0.5591782312203147,0.372093023255814
19,-0.03672029534968242,0.4835022686868151,0.2918918918918919
20,0.01306495687203429,0.5065274497837451,0.4044943820224719
21,0.04504305107542398,0.5208559980895269,0.3636363636363637
22,0.010084545268610705,0.5051211293018812,0.4681647940074906
23,-0.03483278217315329,0.4831573221535277,0.34382566585956414
24,-0.039743379412112055,0.47983389497704776,0.44402985074626866
25,0.0,0.5,0.0
26,0.007067220293160569,0.503522434791838,0.39819004524886875
27,-0.018251132106113517,0.49127019927295884,0.34567901234567905
28,-0.033501336936263774,0.48618223790697057,0.2485207100591716
29,0.04461124788237417,0.5220367766073182,0.4120370370370371
