,Matthews,Accuracy,F1
0,0.003570030908509799,0.501808653051924,0.3856589147286822
1,0.0,0.5,0.0
2,0.08861998130419141,0.5427169671594179,0.39999999999999997
3,0.16435195756288884,0.5813395425674328,0.46659815005138744
4,-0.058393075509497926,0.4805819020763907,0.14045801526717558
5,-0.031863822414560775,0.494673730382523,0.03745318352059925
6,-0.020935892686565767,0.49940898345153667,0.0
7,0.0,0.5,0.0
8,0.26486863084961193,0.6274317126662678,0.5140997830802603
9,0.0,0.5,0.0
10,-0.016157137144386904,0.49470221310775014,0.1630769230769231
11,-0.03249739207610305,0.49502976444786234,0.0303030303030303
12,-0.05783418541540694,0.4852673103762568,0.07863247863247863
13,0.0,0.5,0.0
14,0.0,0.5,0.0
15,-0.001297743617340185,0.49987894841778463,0.015717092337917484
16,0.0,0.5,0.0
17,0.12081142759479899,0.5577843288045801,0.41621029572836804
18,0.0,0.5,0.0
19,0.0,0.5,0.0
20,-0.043667806853602,0.48471189723432734,0.16592592592592592
21,0.16533833571310946,0.5832194024324248,0.47976307996051337
22,0.0,0.5,0.0
23,0.0,0.5,0.0
24,-0.008975003817029547,0.4989318978039819,0.023255813953488372
25,0.08820267931739571,0.5380244381782449,0.3383458646616541
26,0.08722378511660175,0.542709846478111,0.4096638655462185
27,-0.020935892686565767,0.49940898345153667,0.0
28,0.10252821170219721,0.5517887151442651,0.44379276637341153
29,0.0,0.5,0.0
