,Matthews,Accuracy,F1
0,0.0,0.5,0.0
1,0.4233877541601564,0.6936195518723143,0.5851703406813628
2,0.36812776682382964,0.6471953652547575,0.48847926267281105
3,0.11712422790503148,0.5510953806015961,0.35169491525423724
4,0.3621342766842829,0.6355701350521793,0.4563106796116505
5,0.2203593952118622,0.6063056322897483,0.47124304267161404
6,0.3697289557145675,0.6854569521178637,0.5896551724137931
7,0.11192619379819942,0.5472298956414978,0.3333333333333333
8,0.0,0.5,0.0
9,0.28716258431031627,0.628539364640884,0.4814814814814815
10,0.38521647112214547,0.6882481583793738,0.588021778584392
11,0.0,0.5,0.0
12,0.3373752111832569,0.6307550644567219,0.45390070921985815
13,0.3309272063800078,0.6673572744014733,0.5685279187817258
14,0.12653920773365948,0.5520449662369551,0.3325842696629214
15,0.42327490062921974,0.7068466083486802,0.6134301270417424
16,0.0,0.5,0.0
17,0.0,0.5,0.0
18,0.24502846310493728,0.6199835021485574,0.49547920433996384
19,0.2636211267674875,0.5927716390423573,0.36455696202531646
20,0.2973307745120353,0.6172594383057091,0.43356643356643354
21,0.4048496009821977,0.7024248004910989,0.6111111111111112
22,0.28838993957748466,0.6153123081645181,0.43317972350230416
23,0.2068323681968381,0.5817986494782075,0.37209302325581395
24,0.37939734055415714,0.6434353898096992,0.47228915662650606
25,0.43902340440782267,0.7236513965623081,0.6411960132890365
26,0.42413666143277495,0.7046117249846531,0.608534322820037
27,0.32799287003828975,0.6663309545733579,0.5680672268907564
28,0.45109468029471184,0.703642955801105,0.5987780040733197
29,0.32161403426346175,0.6285969152854511,0.45622119815668205
