,Matthews,Accuracy,F1
0,0.7760599324357464,0.8928047191165375,0.8401639344262295
1,0.7884184249924318,0.8900884834350778,0.8468085106382979
2,0.0,0.5,0.0
3,0.47953348237172905,0.7262363673777351,0.6104783599088839
4,0.7240693788893863,0.8777693943343166,0.8046421663442941
5,0.8271972593789085,0.9109232457644557,0.8752642706131077
6,0.8651644571582665,0.9292132519377186,0.902542372881356
7,0.8299285138992671,0.9270971945949653,0.878727634194831
8,0.7465987205498201,0.8876911996707593,0.8203125
9,0.8133635998865122,0.9243569517799575,0.8665377176015473
10,0.6732914523682211,0.8326737087591742,0.7633262260127931
11,0.7249682249562657,0.8947390081624254,0.7993079584775087
12,0.0,0.5,0.0
13,0.7851045305701677,0.9132485081281295,0.8462998102466793
14,0.7172091646219775,0.8483332190136498,0.7921225382932165
15,0.7308015071800038,0.883678578777694,0.8091603053435115
16,0.0,0.5,0.0
17,0.0,0.5,0.0
18,0.5897877017785953,0.7252074902256671,0.619718309859155
19,0.4635983815331701,0.7135983263598327,0.5915492957746479
20,0.13478837709768623,0.5342684683448796,0.17482517482517482
21,0.0,0.5,0.0
22,0.808220706143666,0.9137252212085877,0.8634538152610441
23,0.6054140415666673,0.7453940599492421,0.6541554959785523
24,0.6403297581949311,0.7722237464846697,0.6974358974358975
25,0.7087580290949248,0.8377872282049523,0.7820224719101124
26,0.6888282429428811,0.8023321215446875,0.7444168734491315
27,0.5603441839724487,0.7207421633856917,0.6098901098901098
28,0.0,0.5,0.0
29,0.0,0.5,0.0
