,Matthews,Accuracy,F1
0,0.2680483780225041,0.6122954613520651,0.4316939890710383
1,0.06748494539847812,0.528968934629312,0.2986666666666667
2,0.0,0.5,0.0
3,0.22886858490808606,0.5939312260066977,0.3955431754874652
4,0.13424065478304315,0.5481363500231424,0.2786377708978328
5,0.2664105634375807,0.6252552478967573,0.4784688995215311
6,0.28368236134845987,0.626807155109042,0.4693877551020408
7,0.12417434549798251,0.551117645457268,0.3222222222222222
8,0.07869420317992805,0.5264232622723188,0.21935483870967748
9,0.18357443839514764,0.5805766560483542,0.39062499999999994
10,0.30255095403588506,0.6471725339649868,0.5181818181818182
11,0.30909492656514975,0.6363091834789948,0.4818652849740932
12,0.2726690788325145,0.6202455825097335,0.45595854922279794
13,0.3004560231404047,0.6354651637670505,0.48484848484848486
14,0.19603934940723663,0.5799640610961365,0.3697478991596639
15,0.0,0.5,0.0
16,0.09328526379545439,0.5306161343897193,0.22222222222222227
17,0.1530302051334312,0.5771733507582564,0.4340425531914893
18,0.16558733404745354,0.5634920634920635,0.3244837758112094
19,0.258965951337816,0.6114514416401209,0.4361702127659575
20,0.19706180776590498,0.5764110103732745,0.3508771929824561
21,0.21270615589760633,0.5994854202401372,0.43855421686746987
22,0.22485596643924793,0.5952517084592557,0.4054054054054054
23,0.0,0.5,0.0
24,0.27346389598949106,0.6296523183315637,0.4869976359338062
25,0.3254664682628739,0.6602276130578018,0.5389755011135858
26,0.14276092600643514,0.5585913038743227,0.33426183844011137
27,0.0009825867280000848,0.500068066105802,0.008547008547008546
28,0.12556332537194848,0.556127310844292,0.35714285714285715
29,0.29190422220982687,0.6417953116066324,0.510250569476082
