,Matthews,Accuracy,F1
0,0.2541297135571448,0.6264759665621735,0.5325670498084291
1,0.08857496545289636,0.5456112852664576,0.4705882352941176
2,0.11666568811705127,0.5542972831765935,0.40172786177105835
3,0.13600496239640023,0.5637669801462906,0.4188034188034188
4,0.19237557624593923,0.5896682340647859,0.4525862068965517
5,0.21100348126285445,0.5980538140020899,0.4632034632034632
6,0.2504180686330074,0.6289315569487983,0.5622895622895623
7,0.3289289502852081,0.664824973876698,0.5838041431261769
8,0.3490955488650193,0.6538401253918495,0.5277777777777777
9,0.24917344163565,0.628200104493208,0.5745682888540031
10,0.045724235404967666,0.5226619644723093,0.3984526112185686
11,0.16453634172779447,0.5836076280041798,0.4945848375451263
12,0.12772088426948042,0.5623563218390805,0.439121756487026
13,0.24124564683369856,0.6227664576802507,0.5421903052064632
14,0.19677535296268403,0.5901384535005225,0.445916114790287
15,0.35458224370087227,0.6741509926854754,0.5877712031558185
16,0.36335574833890194,0.6873693834900731,0.630718954248366
17,0.33202505432984025,0.6656347962382445,0.5828571428571429
18,0.26523762007752,0.630394461859979,0.5314960629921259
19,0.11310465361133827,0.5517241379310345,0.3893805309734514
20,0.18696678753338403,0.5964080459770115,0.5348460291734198
21,0.28558086918199105,0.6458986415882968,0.5724381625441696
22,0.24660041170350244,0.6144200626959248,0.4859002169197398
23,0.0,0.5,0.0
24,0.29995771399986965,0.6545062695924765,0.6
25,0.19714145457028934,0.5969174503657262,0.4881889763779528
26,0.06542873922338731,0.5330851619644723,0.42935779816513764
27,0.24836034262617596,0.623092998955068,0.5261121856866537
28,0.1629514084565152,0.5787878787878787,0.4552845528455284
29,0.19376638570468974,0.5929205851619644,0.4701030927835052
