,Matthews,Accuracy,F1
0,0.4088186190962146,0.7026744879697753,0.6190476190476191
1,0.3651507431684197,0.6591022071982502,0.5287356321839081
2,0.14679921642275365,0.5747912109763372,0.4711111111111111
3,0.3357157815941013,0.6309902565122291,0.45859872611464964
4,0.3187190723232317,0.6552992642672499,0.5517241379310345
5,0.3486381781828391,0.6611900974348777,0.5454545454545454
6,0.38485685186338275,0.6818950089481011,0.5803108808290156
7,0.354147286927736,0.6787383177570093,0.5936073059360729
8,0.13782542509672022,0.5701183137800756,0.46428571428571425
9,0.20237190078550243,0.6013869556571884,0.4930232558139535
10,0.2915343671884985,0.6197057068999801,0.45121951219512196
11,0.32989870839903956,0.6701879101212964,0.5932203389830508
12,0.4066329687022756,0.7006611652415987,0.6153846153846154
13,0.2786478452610575,0.6325810300258501,0.5128205128205128
14,0.2810796876396143,0.6345943527540266,0.517766497461929
15,0.39502080389523003,0.6811741896997415,0.572972972972973
16,0.3107476635514019,0.655373831775701,0.5607476635514018
17,0.3638041474881773,0.6875124279180751,0.6127659574468085
18,0.4558823505519115,0.7233048319745476,0.6439024390243901
19,0.4267890958859352,0.7154006760787432,0.639269406392694
20,0.42149197102695923,0.7079936369059454,0.625
21,0.5048450253631119,0.7439351759793199,0.67
22,0.35217194395051277,0.6753579240405647,0.5849056603773585
23,0.3719761068279056,0.6867170411612646,0.6018518518518519
24,0.2205902729526933,0.6038973951083715,0.46874999999999994
25,0.25895419996894914,0.6090674090276397,0.44047619047619047
26,0.38958752342325315,0.6913153708490754,0.6019417475728156
27,0.3194588549050871,0.6600467289719626,0.5674418604651164
28,0.4718724595729967,0.7252435871942732,0.6428571428571428
29,0.2523945374596133,0.6233098031417776,0.5098039215686274
