,Matthews,Accuracy,F1
0,0.6401126227008458,0.8260940349049231,0.7910052910052909
1,0.607947039089978,0.8044087001823392,0.7646219686162624
2,0.33190680031382824,0.6574520274377007,0.5631999999999999
3,0.4527759606352173,0.7253462273161413,0.6676342525399129
4,0.5922170911531792,0.8018364157332638,0.764163372859025
5,0.5410349689747777,0.7691266171746114,0.7209302325581396
6,0.5972105454043655,0.8026612833203091,0.7639836289222373
7,0.6256441516697838,0.809045866979248,0.7692307692307693
8,0.5582677626121426,0.7831629330554832,0.7418478260869565
9,0.6586530555350116,0.8345923417556655,0.8005390835579516
10,0.5623131892615643,0.7850568724494226,0.7438692098092644
11,0.5627388565232095,0.7776249240253539,0.7299703264094957
12,0.36865572071402103,0.6765379439090041,0.5921259842519685
13,0.5818702649324035,0.789596357558392,0.746008708272859
14,0.6570069066971458,0.8281806242945211,0.793103448275862
15,0.48215244248758127,0.7342081271164366,0.6717791411042944
16,0.3751507794285418,0.6863006859425198,0.618978102189781
17,0.599009270420707,0.8016166319353999,0.761904761904762
18,0.437750731168175,0.7123057219762091,0.643076923076923
19,0.35337605438757685,0.6689133454892766,0.5813586097946287
20,0.37965574312125233,0.6906963618998003,0.6299435028248588
21,0.5291486842446174,0.7658976947121646,0.7193229901269393
22,0.48254593116428923,0.7225270252669966,0.64440734557596
23,0.4908964245692929,0.7473707345662933,0.6983240223463687
24,0.632090873449816,0.8182740731093167,0.7815126050420168
25,0.5729948775009877,0.7907875314752105,0.7506775067750678
26,0.6223158370596009,0.8175957280541808,0.7818181818181819
27,0.5872062382478815,0.79442888773118,0.7528409090909092
28,0.5281201210726164,0.7659221151341495,0.7198879551820728
29,0.5214625287297484,0.7606038899018841,0.7116212338593974
