,Matthews,Accuracy,F1
0,0.1329724982474739,0.5482559557687616,0.29411764705882354
1,0.2734552122701592,0.6296988915087948,0.5112781954887218
2,0.2118440498996821,0.5701683063663712,0.31088082901554404
3,0.11370527293154731,0.5291080575656557,0.17341040462427745
4,0.09158564476561055,0.5382009377456162,0.32456140350877194
5,0.2880722009919506,0.6440361004959753,0.5510204081632653
6,0.0,0.5,0.0
7,0.1691686599129245,0.5705612922459821,0.37719298245614036
8,0.0,0.5,0.0
9,0.2596821775847908,0.6083150391630756,0.43859649122807015
10,0.0,0.5,0.0
11,0.24201171467491853,0.6248475485811855,0.5487804878048781
12,0.11299005880953773,0.5563324931566251,0.4383561643835616
13,0.0,0.5,0.0
14,0.14333431452767753,0.5628370870260455,0.38333333333333336
15,0.17573966876359448,0.5831503916307559,0.44528301886792454
16,0.08381870328217311,0.5347995772013985,0.31718061674008813
17,0.16041693893712952,0.5741117163997073,0.421875
18,0.04906945196505263,0.5145811312572838,0.17486338797814205
19,0.18176794502901106,0.5834891725614548,0.4330708661417323
20,0.13982057595246408,0.541548093340922,0.22950819672131142
21,0.017277758074853614,0.5077377564571646,0.30894308943089427
22,0.050500386581329666,0.5129278803154729,0.13872832369942195
23,0.13300350662788368,0.5409653901401198,0.23655913978494625
24,0.14839793673974,0.543540125213432,0.23076923076923073
25,0.04598071313193591,0.5156516789982926,0.21428571428571427
26,0.2086846240108764,0.6009838198227498,0.4799999999999999
27,0.2880722009919506,0.6440361004959753,0.5510204081632653
28,0.17871417933322195,0.5731360273192943,0.37499999999999994
29,0.2197088430136676,0.5856709217551562,0.38139534883720927
