,Matthews,Accuracy,F1
0,0.26400341206379774,0.6364609588855463,0.5645645645645646
1,0.2967611799664761,0.6532238393365314,0.5818181818181818
2,0.30022690179343015,0.6477762419708919,0.5492957746478873
3,0.1544425353641134,0.5797083773748544,0.4984802431610943
4,0.15153310688543717,0.5654118220993577,0.3813559322033898
5,0.13347402308495895,0.5654660270482695,0.4397163120567376
6,0.19454522732817017,0.5911185191207957,0.45210727969348663
7,0.044485253921785144,0.5212483399734396,0.3643122676579925
8,0.2215455096838848,0.6119196682657126,0.5165562913907286
9,0.20601790848519694,0.6012277420928531,0.48763250883392223
10,0.3267736955810722,0.6560831503916307,0.550185873605948
11,0.20898649815591006,0.5970946147383256,0.4573643410852713
12,0.050714099997907935,0.5195408840827167,0.2629107981220657
13,0.20000596444097318,0.5961731306068244,0.47058823529411764
14,0.25639735317764467,0.6262026723039813,0.5211267605633803
15,0.2284277468228637,0.6161476542808357,0.525974025974026
16,0.0,0.5,0.0
17,0.19230292434902013,0.599289915169255,0.5212121212121212
18,0.2016104174079128,0.5992357102203432,0.48591549295774655
19,0.18302990899434926,0.5857251267040681,0.4444444444444444
20,0.2686194389206685,0.6145350570507088,0.4549356223175966
21,0.21112245709870364,0.6084234490608993,0.525
22,0.13238123703934768,0.561332899693742,0.4046692607003891
23,0.2928009240442976,0.6501612597230126,0.5723270440251573
24,0.2138583189173574,0.6021492262243543,0.47583643122676583
25,0.22702865335782094,0.6036534135566578,0.46031746031746035
26,0.1973777575744652,0.5917012223215979,0.44961240310077516
27,0.12056519031080667,0.5618749491828604,0.4702194357366771
28,0.10494734061155823,0.5366425454644009,0.2613065326633166
29,0.19468757582495236,0.588055939507277,0.4337349397590361
