,Matthews,Accuracy,F1
0,0.0,0.5,0.0
1,-0.017948061173724106,0.49348242074927956,0.19008264462809915
2,0.19421335732175865,0.5947020172910663,0.46666666666666673
3,0.2493150220643804,0.622556772334294,0.5074626865671642
4,0.24052359092625025,0.6151838616714698,0.4875
5,0.2629274019103494,0.6105106628242075,0.44036697247706424
6,0.26012563648550563,0.6323389048991355,0.5351724137931035
7,0.2458211344116022,0.6219204610951008,0.5102639296187683
8,0.0,0.5,0.0
9,0.24234211658138033,0.5986605187319884,0.4120982986767486
10,0.17805964803675794,0.5591008645533142,0.28820960698689957
11,0.12134308751846828,0.5527331412103746,0.35815602836879434
12,0.29403563747857026,0.6379066282420749,0.5129032258064516
13,0.12312307653148878,0.5416553314121038,0.2591792656587473
14,0.26662241199749076,0.599128530259366,0.39024390243902446
15,0.0,0.5,0.0
16,0.20694101821289768,0.6003020172910662,0.47166921898928027
17,0.10692494148249897,0.5419919308357348,0.30409356725146197
18,0.1680850970238575,0.5839884726224783,0.46464646464646464
19,0.21494290422787482,0.590342363112392,0.40733944954128437
20,0.2317433973357813,0.5876057636887608,0.3734939759036144
21,0.2653909076845944,0.592078386167147,0.3617021276595745
22,0.2422609779155111,0.6220887608069164,0.5176803394625177
23,0.27087043428353913,0.6289475504322766,0.5047318611987383
24,0.18774687309954227,0.5937521613832852,0.476878612716763
25,0.21172948125072452,0.5860149855907781,0.39015151515151514
26,0.0,0.5,0.0
27,0.3453336771977674,0.6529383285302593,0.5208333333333333
28,0.12364185602572453,0.563843227665706,0.46395806028833547
29,0.14755949262723514,0.5713291066282421,0.43076923076923074
