,Matthews,Accuracy,F1
0,0.03637144755014546,0.5161346287300486,0.3344947735191638
1,0.021549329508904595,0.5079588827203331,0.2377049180327869
2,0.011674931638830703,0.5054866412213741,0.3548387096774194
3,0.0803534101786946,0.5402498265093685,0.45197740112994345
4,0.0032928960610864515,0.5015831020124912,0.3664596273291925
5,0.0,0.5,0.0
6,0.08989500400035116,0.5425052047189451,0.40894568690095845
7,-0.024441775714779054,0.4883110687022901,0.3448275862068966
8,0.00036541729047300295,0.5001518043025677,0.27611940298507465
9,0.00858080040957162,0.5037951075641915,0.3146853146853147
10,0.00693920037221284,0.5029493407356003,0.291970802919708
11,-0.008577709850010039,0.496161519777932,0.31034482758620685
12,0.05777378852836233,0.5264790076335878,0.3678929765886288
13,0.03835334025880739,0.5178695350451076,0.36601307189542487
14,0.03892522858679549,0.5171105135322692,0.3309859154929577
15,0.053678269495626055,0.5269344205412908,0.43820224719101125
16,-0.052739231968985834,0.4738462873004858,0.36046511627906974
17,-0.012502168444807707,0.4939495142262318,0.36196319018404904
18,-0.007463484801177172,0.4989807425399029,0.03260869565217391
19,0.023261586033925526,0.5104094378903539,0.3310344827586207
20,0.01116879361925185,0.5048143650242887,0.302158273381295
21,0.08652795255646399,0.5280621096460791,0.23008849557522126
22,0.027519152353754423,0.513705759888966,0.4137931034482759
23,0.006941028363366747,0.5023638098542679,0.1982758620689655
24,0.09931170542523941,0.5428088133240805,0.3597122302158274
25,0.0467559821709899,0.5216863289382373,0.3684210526315789
26,0.08513637502882784,0.5430039902845246,0.4657534246575343
27,0.00693920037221284,0.5029493407356003,0.291970802919708
28,0.024928520705074377,0.5125997571131159,0.43169398907103823
29,0.12242458016267538,0.5495966342817488,0.3435114503816794
