,Matthews,Accuracy,F1
0,0.024868458374167166,0.5125321888412018,0.46027397260273967
1,-0.01712400886721261,0.4919068056407112,0.3583061889250814
2,-0.0459805005664374,0.4767749846719804,0.43501326259946954
3,-0.06251177191849315,0.468976088289393,0.38123167155425225
4,-0.03486364099752172,0.4840711220110362,0.3219178082191781
5,-0.052360936191871446,0.47694665849172285,0.2867383512544803
6,0.01200665999460182,0.5060576333537707,0.4781491002570694
7,-0.09164648899445138,0.4583445738810546,0.2827586206896552
8,-0.007868506671419365,0.49616186388718575,0.39263803680981596
9,-0.025952464050039405,0.48739423666462295,0.5011494252873563
10,0.007793361937487145,0.5039362354383814,0.4627659574468085
11,0.04608952589081156,0.5225996321275291,0.43030303030303035
12,0.009470523319600476,0.5047087676272226,0.42565597667638483
13,-0.049387950547476876,0.4754015941140405,0.39420289855072466
14,0.0,0.5,0.0
15,-0.04386820815178029,0.4782709993868792,0.3893805309734514
16,-0.07428382773626734,0.46247700797057023,0.42216358839050133
17,0.037609549394999324,0.5183200490496628,0.41846153846153844
18,-0.052360936191871446,0.47694665849172285,0.2867383512544803
19,-0.1164791509219888,0.44180257510729615,0.3610315186246418
20,-0.03744332866119583,0.4855793991416309,0.22672064777327938
21,-0.052430822138751956,0.473979153893317,0.3870967741935484
22,-0.047617325014779714,0.47835683629675047,0.3103448275862069
23,-0.006386443617480359,0.49677498467198034,0.46354166666666663
24,-0.010588618775752871,0.49466584917228695,0.43956043956043955
25,-0.006331989241018354,0.4968362967504598,0.4240687679083095
26,0.026263536352124105,0.512618025751073,0.3987341772151899
27,-0.08046462258303971,0.4611526670754138,0.33855799373040757
28,-0.04297986023192915,0.47900674432863277,0.3730886850152906
29,-0.01712400886721261,0.4919068056407112,0.3583061889250814
