,Matthews,Accuracy,F1
0,-0.057362427216397435,0.47122641509433966,0.39490445859872614
1,-0.016433296791939712,0.49196591600730366,0.3848797250859106
2,-0.016430390075272888,0.49248326232501516,0.3307692307692307
3,0.0009339630782671698,0.5004260499087035,0.33976833976833976
4,-0.04910012893068062,0.47531953743152766,0.4037854889589906
5,0.04260009963071873,0.5212416311625077,0.44299674267100975
6,0.025252887858082156,0.5127814972611078,0.47197640117994105
7,-0.01852145686228377,0.492757151552039,0.24324324324324326
8,0.010721578304717552,0.5053560559951309,0.4271844660194174
9,-0.07223099209912652,0.4706634205721242,0.22707423580786026
10,0.03027817080206414,0.5105143031040779,0.22439024390243903
11,-0.012949738689545626,0.49383749239196595,0.3623188405797101
12,0.0,0.5,0.0
13,-0.036606284511756286,0.4850578210590384,0.2521739130434783
14,0.0023368472047005716,0.501049908703591,0.33070866141732286
15,0.020188758655244218,0.5092361533779671,0.3538461538461538
16,0.04010900736244395,0.5202373706634206,0.46296296296296297
17,-0.020462952423590607,0.49074863055386486,0.3203125
18,-0.03252349753329136,0.48616859403530127,0.27615062761506276
19,0.020519546464240555,0.5097230675593427,0.37956204379562053
20,-0.04128930182133375,0.4803104077906269,0.34657039711191334
21,-0.027091892901821492,0.48852708460133903,0.27731092436974786
22,-0.02573298442883322,0.48711199026171637,0.41025641025641024
23,0.017012821026576717,0.5079884357881923,0.37037037037037035
24,0.03103788287005997,0.5134662203286671,0.32786885245901637
25,-0.024167977497100344,0.48811625076080345,0.38644067796610165
26,0.02190004204855659,0.5109403530127815,0.43365695792880254
27,-0.09762778868052076,0.45325623858794883,0.31541218637992835
28,0.040942211836130254,0.5203743152769325,0.43934426229508194
29,0.0,0.5,0.0
