,Matthews,Accuracy,F1
0,0.16552628786434628,0.5823389830508474,0.5379876796714579
1,0.05136032282040604,0.522135593220339,0.34986945169712796
2,0.1261281043233568,0.5615932203389831,0.4913043478260869
3,0.15589920639396396,0.5771186440677967,0.5241090146750523
4,0.18345400620100338,0.5865762711864406,0.49302325581395345
5,0.007178066493942752,0.5035593220338983,0.5141843971631205
6,0.21692367969757295,0.6059322033898304,0.5434782608695652
7,0.09626135836263944,0.5430508474576271,0.40100250626566414
8,0.04425158392576354,0.5214237288135593,0.43458980044345896
9,0.1595127760762469,0.5795593220338984,0.5395537525354969
10,0.1619320767920646,0.5812203389830508,0.5581395348837208
11,0.0639851281606653,0.5321016949152543,0.5105566218809982
12,0.0,0.5,0.0
13,0.14346995349603175,0.5719661016949152,0.5568181818181819
14,0.0035875100762374694,0.5016271186440678,0.35467980295566504
15,0.15744706669128805,0.5788813559322034,0.5698324022346368
16,0.15210464118391162,0.575864406779661,0.5354969574036511
17,0.1433062999929917,0.5716949152542373,0.5378486055776893
18,0.04154094864860338,0.5206101694915254,0.46473029045643155
19,0.22406779661016948,0.6120338983050847,0.58
20,0.20128113586335053,0.5979322033898304,0.5307017543859649
21,0.09767556895006352,0.5472881355932203,0.46563192904656314
22,-0.05240642353556632,0.48047457627118645,0.2117647058823529
23,0.11523201042377004,0.5484745762711865,0.3743315508021391
24,0.1541235225503352,0.577084745762712,0.5429141716566867
25,0.09048272714933697,0.5453559322033898,0.5166340508806263
26,0.014969898955797787,0.5054237288135593,0.2395209580838323
27,0.09614091413953993,0.548135593220339,0.5148514851485149
28,0.12347465798758629,0.5594576271186441,0.4753363228699552
29,0.05924176047330806,0.5296610169491525,0.495049504950495
