,Matthews,Accuracy,F1
0,0.4193710684146629,0.7078488372093024,0.7157894736842104
1,0.40351567181563197,0.7005813953488372,0.674698795180723
2,0.26583655910507253,0.631298449612403,0.6458333333333333
3,0.3590264967987326,0.6773255813953488,0.6419753086419753
4,0.44966139172154196,0.725048449612403,0.7126436781609196
5,0.387221865852781,0.693798449612403,0.6888888888888888
6,0.44829264764213334,0.7214147286821706,0.6913580246913581
7,0.48900193621357435,0.7415213178294574,0.7499999999999999
8,0.3638126715265701,0.6821705426356589,0.6741573033707865
9,0.32620509737149095,0.662548449612403,0.6666666666666666
10,0.5015097181889089,0.7398255813953488,0.6933333333333334
11,0.4753148403342887,0.7378875968992249,0.7333333333333334
12,0.5336350116352747,0.7635658914728682,0.7708333333333334
13,0.5396812241882136,0.7642926356589147,0.7341772151898734
14,0.4041731598615311,0.7017926356589147,0.6823529411764705
15,0.42572517551185474,0.7109980620155039,0.6829268292682927
16,0.23173706071971684,0.6160368217054264,0.6067415730337078
17,0.4108527131782946,0.7054263565891472,0.7032967032967034
18,0.4733191394312488,0.7306201550387597,0.6923076923076923
19,0.44829264764213334,0.7214147286821706,0.6913580246913581
20,0.3905875074292107,0.6950096899224807,0.6956521739130435
21,0.4937078789622958,0.747093023255814,0.735632183908046
22,0.18049419511193115,0.5891472868217054,0.5432098765432098
23,0.350395855115265,0.6741763565891472,0.6808510638297872
24,0.4946665666253104,0.7422480620155039,0.7088607594936709
25,0.3590264967987326,0.6773255813953488,0.6419753086419753
26,0.3848891087203151,0.6853197674418605,0.6315789473684211
27,0.2933207194561356,0.6412306201550388,0.5789473684210527
28,0.3997357853701736,0.6974321705426356,0.7083333333333334
29,0.3905875074292107,0.6950096899224807,0.6956521739130435
