,Matthews,Accuracy,F1
0,0.07603610157308684,0.5307175724412386,0.31413612565445026
1,-0.014128042326034967,0.49517058408987275,0.18823529411764706
2,0.0007199234401283047,0.5003523608174771,0.38524590163934425
3,0.0954423107049835,0.5436720142602496,0.3944954128440367
4,0.03996709945979949,0.5197322057787174,0.41767068273092367
5,0.0035992711917299854,0.5010570824524313,0.1518987341772152
6,-0.045575329464986054,0.48018488579364094,0.2731707317073171
7,-0.09795645574873633,0.45156075115035443,0.33599999999999997
8,0.019435249123114232,0.5081250259088836,0.29441624365482233
9,0.10726447740079748,0.5508850474650748,0.4260869565217391
10,0.09783306433367624,0.5496621481573603,0.49097472924187735
11,0.08320266543078941,0.5373917008663931,0.3755868544600939
12,0.041333445076867245,0.5126849894291755,0.18633540372670807
13,0.0502220334621671,0.5228205447083696,0.36111111111111105
14,0.1016042432588913,0.5507399577167019,0.4669260700389105
15,0.040889933041116704,0.5180118559051528,0.3365384615384615
16,-0.005533121992057557,0.4976992911329437,0.2755102040816327
17,0.0720335984833809,0.5355055341375451,0.43548387096774194
18,0.062475657704233786,0.5244372590473821,0.2903225806451613
19,-0.0223083677495661,0.48953281101023916,0.336283185840708
20,-0.008104259375315259,0.4967665713219749,0.25396825396825395
21,0.043142957994816045,0.5157526012519172,0.24858757062146888
22,0.0,0.5,0.0
23,-0.02455356930419116,0.4891389959789412,0.2966507177033493
24,0.1018723759167248,0.5390084152054057,0.3060109289617486
25,0.05424834863555049,0.5265514239522447,0.4180327868852459
26,0.0,0.5,0.0
27,0.13496124279020713,0.5509057745719852,0.32044198895027626
28,-0.005754507666790056,0.4972847489947353,0.35087719298245607
29,0.03247676622340155,0.5090784728267629,0.15483870967741933
