,Matthews,Accuracy,F1
0,0.2501480127293814,0.62851190672244,0.5655172413793104
1,0.23617629483360164,0.600795428345575,0.43790849673202614
2,0.1672435919816616,0.5853150423240341,0.5060240963855421
3,0.211921583036768,0.6089802707420704,0.5475113122171946
4,0.04543068001115325,0.5228418036296565,0.416243654822335
5,0.1369201179940667,0.5691265109844866,0.4761904761904762
6,0.21552293289391714,0.6072099074470538,0.5117493472584856
7,0.13987973421696878,0.5715556141102072,0.494061757719715
8,0.22225202729532315,0.6087003063140213,0.5040650406504066
9,0.20229764799771044,0.5983910279635059,0.4876712328767123
10,0.06643080127887574,0.5339827410164355,0.4513064133016627
11,0.23028948470571817,0.6182026283719245,0.5522041763341068
12,0.20601324714199065,0.6058924277856461,0.5514223194748359
13,0.2060746768236739,0.5955996179308982,0.46153846153846156
14,0.08049340918224855,0.5360660057310366,0.35913312693498456
15,0.1353888910172844,0.5685089423932018,0.4776119402985075
16,0.10309960288562182,0.5513405355554823,0.4427083333333333
17,0.2214316110632188,0.6138796482329304,0.5575221238938054
18,0.2431930951164673,0.6220562563815422,0.5357142857142857
19,0.18993109705865432,0.5954102302295707,0.5038167938931297
20,0.19034548428165537,0.5946856164157965,0.49608355091383816
21,0.027548158196115523,0.5110585949079411,0.2698961937716263
22,0.04966761999406632,0.5242251572741345,0.3923705722070845
23,0.2821393809935531,0.6089308652547676,0.42142857142857143
24,0.02869537921651898,0.5139158789236191,0.3746556473829201
25,0.085501921300959,0.5430980534238002,0.4433249370277078
26,0.24202184867134358,0.6243371430453541,0.560919540229885
27,0.18014590124497806,0.5898932841474259,0.49222797927461137
28,0.07515828202083397,0.5385198116004084,0.460093896713615
29,0.13831482497347314,0.5690194657619974,0.46632124352331605
