,Matthews,Accuracy,F1
0,0.10814472652349516,0.5542029622708912,0.4539473684210526
1,0.18105522152667664,0.5882361023329944,0.4771929824561404
2,0.21886331020425853,0.6064686323541535,0.5
3,0.10708008323312798,0.5545601934544255,0.47204968944099374
4,0.14693083412190075,0.5744689621060153,0.4888888888888889
5,0.0882281360723144,0.5430738369377044,0.41958041958041953
6,0.06978305458975635,0.5351323129345168,0.4350649350649351
7,-0.020969277429284346,0.4900937044873732,0.32592592592592595
8,0.07728686408193841,0.5234948201478388,0.20105820105820107
9,0.11234536075297737,0.5554807507350719,0.4436860068259385
10,0.16379535526352476,0.5738369377043775,0.4189723320158103
11,0.0501233841628083,0.5255557692836141,0.43962848297213625
12,0.18772914057694434,0.5939792805913551,0.5016501650165017
13,0.06348758488393616,0.530268472974087,0.38686131386861317
14,0.1939615048456531,0.5911901294276057,0.46268656716417905
15,0.061415341373037495,0.5266412024951224,0.3305785123966942
16,0.08600573150366256,0.5414388172899893,0.40860215053763443
17,0.14678190126771565,0.5663763018328707,0.40944881889763773
18,0.1639480053874357,0.5754719573520926,0.4307692307692308
19,0.12372133821366965,0.5628589486411475,0.4779874213836478
20,0.05629312028274988,0.5281113462119755,0.41860465116279066
21,0.14256608371349622,0.5679701024978704,0.437956204379562
22,-0.023700886007205768,0.48885713500590805,0.32089552238805974
23,0.1481378436134723,0.5696463411283009,0.4328358208955224
24,0.14623668265494183,0.5684097716468357,0.4285714285714286
25,0.03738387165125712,0.518218790360254,0.3859649122807017
26,0.04475759779047151,0.5207743672886153,0.3574144486692015
27,0.10708008323312798,0.5545601934544255,0.47204968944099374
28,0.0,0.5,0.0
29,0.0,0.5,0.0
