,Matthews,Accuracy,F1
0,0.6798161957327272,0.8514047080254274,0.7697478991596638
1,0.8372027333943455,0.9127949558211814,0.88
2,0.7961573178053614,0.8876843914027361,0.8481481481481483
3,0.8513688170624527,0.9156330106385975,0.8892988929889298
4,0.7373008861433787,0.8429398398107024,0.7952755905511811
5,0.8076092390365044,0.8831444426708233,0.8522072936660269
6,0.8053263203561137,0.9035601273251392,0.8581560283687943
7,0.6595148466606887,0.7991765180893717,0.7302231237322515
8,0.6907799115741186,0.8637217250866205,0.7779578606158832
9,0.0,0.5,0.0
10,0.7874216919214587,0.8971633536465131,0.8456140350877193
11,0.8200359693625203,0.9048183551019259,0.8675136116152451
12,0.8516636266212086,0.9178724682860873,0.8901098901098902
13,0.8306791679372858,0.8957994910750335,0.8702290076335878
14,0.7398809450166863,0.8851515037699884,0.812603648424544
15,0.6478184382091879,0.8549915961652221,0.7448680351906158
16,0.8142304430788014,0.9061986497525798,0.8642857142857142
17,0.801928420532601,0.9044803237589085,0.856140350877193
18,0.7655392828762251,0.8964262575235449,0.8308207705192631
19,0.7424799115973534,0.8256838092376454,0.783157894736842
20,0.8128481317317455,0.9077784767932093,0.863716814159292
21,0.8445111445103913,0.9158935764655067,0.8852459016393444
22,0.7746748986114183,0.8986046817341007,0.8372881355932202
23,0.8536365913700011,0.914053183597968,0.8901303538175047
24,0.8226544213086614,0.9065977145325308,0.8695652173913044
25,0.8008594940378487,0.906060150799538,0.8556521739130436
26,0.7966890029818634,0.8899238490502258,0.8492647058823529
27,0.8262703102171547,0.9117362604343703,0.8729874776386404
28,0.7213178860006432,0.8277847679320933,0.7773279352226721
29,0.7322783946630028,0.8304232903595339,0.7836734693877552
