,Matthews,Accuracy,F1
0,0.028072236959261386,0.5142144606754407,0.38515081206496526
1,0.10168958265594989,0.549477745485005,0.4040404040404041
2,0.12560943219870657,0.5511974413970784,0.33228840125391845
3,0.02042214135884346,0.5093028568527661,0.31197771587743733
4,0.082126594277953,0.5363737895498331,0.3400576368876081
5,0.07751235356235836,0.5391786072366835,0.4149184149184149
6,0.09503525041466317,0.5454735826786643,0.38961038961038963
7,0.06549315576227593,0.5336387750180853,0.4222222222222222
8,0.041254923255490156,0.5205602020484053,0.38072289156626504
9,0.15223078036359133,0.5604812610257257,0.33974358974358976
10,0.10649406037540408,0.5494269795540213,0.3804347826086957
11,-0.028101320702746086,0.4860266774967319,0.33414043583535114
12,0.0170446563056869,0.5080019798713084,0.32620320855614976
13,0.06428931491905496,0.5311448986585103,0.37659033078880405
14,0.10168958265594989,0.549477745485005,0.4040404040404041
15,0.007808587163102904,0.5037884075996599,0.3401015228426396
16,0.06548314076144869,0.5319508078128767,0.3819095477386935
17,0.01014244733327376,0.504829109184826,0.32984293193717273
18,0.1261872454477848,0.556838805477644,0.3785310734463277
19,0.08445569064012638,0.5409744520452324,0.39086294416243655
20,0.044681750241411904,0.5218610790298631,0.37
21,0.0841156385769008,0.5374398741004912,0.3438395415472779
22,0.030134099380031053,0.5135418120899065,0.311614730878187
23,0.037912621273631326,0.5178315332580306,0.3413333333333333
24,0.05343041332265765,0.5269567093523537,0.39812646370023425
25,0.10469869794419463,0.5502582716738796,0.39793281653746765
26,0.003461178984526344,0.5016308555328519,0.3191489361702128
27,-0.0018870594775007975,0.4990544845354283,0.35714285714285715
28,0.05870536651186901,0.5276610866447526,0.3563829787234043
29,0.10648621283611488,0.5480753366415798,0.3661971830985916
