,Matthews,Accuracy,F1
0,0.8772807268326837,0.9338995955270045,0.9160997732426305
1,0.7104126747069371,0.8713062098501071,0.8083832335329343
2,0.8755418060067404,0.9322127052105639,0.9146757679180888
3,0.8522721884138754,0.9212633832976446,0.898978433598184
4,0.807768821528169,0.9145372353081133,0.8718487394957984
5,0.818317810902213,0.9007684986914108,0.8742791234140715
6,0.8689924917148614,0.9300713775874375,0.9105322763306909
7,0.8336145845538758,0.9165667380442541,0.8876529477196885
8,0.8569935420052924,0.9182631453723531,0.9002320185614849
9,0.8706911659398117,0.9311824886985487,0.911764705882353
10,0.7843118298151519,0.8947894361170592,0.8552631578947368
11,0.8291178051348419,0.9184558648584344,0.8854961832061068
12,0.8092357387298711,0.9121127765881514,0.8727272727272727
13,0.7979818188881587,0.8816773733047822,0.8550898203592814
14,0.68226001340715,0.8066975969545562,0.7542262678803641
15,0.7832592841715005,0.8693742564834642,0.8410757946210269
16,0.809110712789329,0.900435403283369,0.869762174405436
17,0.7555267429671889,0.8550511539376635,0.8206388206388207
18,0.7293016864741292,0.872103259576493,0.820021299254526
19,0.8570168740068814,0.929243397573162,0.9036544850498339
20,0.8097317299463279,0.9144563407090174,0.8731501057082452
21,0.8628499918666631,0.9296573875802998,0.9070548712206048
22,0.8657449575962874,0.9290007137758743,0.9084745762711864
23,0.7606158741848946,0.8583844872709969,0.824969400244798
24,0.8687631949511687,0.9271924815607899,0.9095074455899199
25,0.8282937708985683,0.9214156554841779,0.8853161843515541
26,0.7954660829619344,0.907335236735665,0.863780359028511
27,0.8723192572107243,0.9317178206043302,0.912797281993205
28,0.7666210779140561,0.8913252438734238,0.8446808510638297
29,0.867640749675913,0.9312633832976446,0.9101123595505618
