,Matthews,Accuracy,F1
0,0.4013974044035314,0.678798327107876,0.5367647058823529
1,0.1631836134028829,0.5740829422469113,0.3669064748201439
2,0.33732974122260145,0.6417249305622067,0.46875000000000006
3,0.3016021249906756,0.6377502154965999,0.4714285714285715
4,0.315876204302546,0.6557880790473454,0.5080385852090032
5,0.3300174121734959,0.6460268812055039,0.4814814814814815
6,0.187407171223792,0.5823596079558152,0.373134328358209
7,0.36604857842370137,0.6846965488618587,0.5510835913312695
8,0.2950440853516877,0.6413897136289628,0.48322147651006714
9,0.16622539569221453,0.5649283274271302,0.31666666666666665
10,0.1992757200300439,0.560793985250455,0.2634146341463415
11,0.15272364641440958,0.5543370686077324,0.2767857142857143
12,0.1882607300181628,0.5774510742904575,0.35059760956175295
13,0.3709220936870207,0.6884477859719695,0.5565749235474006
14,0.0,0.5,0.0
15,0.4213313695041485,0.7161430897423618,0.5945945945945946
16,0.34457073272622807,0.6647271972671839,0.5185185185185186
17,0.3168735165048602,0.6514861284040481,0.4983164983164983
18,0.24864919552326512,0.5815375283338122,0.3192488262910798
19,0.10237101504359397,0.5385020591897328,0.2575107296137339
20,0.4143780582297921,0.686963253839032,0.5507246376811594
21,0.34621242938151653,0.6399051814960253,0.46153846153846156
22,0.23295097110304044,0.6037656035501069,0.4117647058823529
23,0.0,0.5,0.0
24,0.319545886750928,0.6254509465887687,0.43153526970954353
25,0.2258773564323064,0.6055294831274144,0.4236111111111111
26,0.24555602948505104,0.5983063563515627,0.3836734693877551
27,0.4053483220579414,0.6918717875043898,0.5597269624573378
28,0.16386855020625304,0.5722631931807298,0.3568773234200743
29,0.3421331247240529,0.6498339878044888,0.48689138576779034
