,Matthews,Accuracy,F1
0,0.19199345395428255,0.5644893528716918,0.28703703703703703
1,0.3379905277877964,0.6510471538486097,0.49084249084249093
2,0.38669960141750537,0.6830444082622993,0.5460750853242321
3,0.3690774726659657,0.6593238195575137,0.5019011406844107
4,0.3752487406287548,0.6693084953548512,0.5217391304347827
5,0.21568738096553594,0.5670832934265556,0.2801932367149758
6,0.3240980572088012,0.6204865434345369,0.41558441558441556
7,0.17729439587018508,0.5463956198320723,0.20833333333333331
8,0.0,0.5,0.0
9,0.11355973045127295,0.544128914854899,0.2761506276150627
10,0.0,0.5,0.0
11,0.0,0.5,0.0
12,0.0,0.5,0.0
13,0.30453780058744956,0.636537049452479,0.4671532846715329
14,0.1414929923550314,0.5493167959646267,0.2624434389140271
15,0.0,0.5,0.0
16,0.0,0.5,0.0
17,0.3268243998419573,0.6373112409411614,0.46093749999999994
18,0.22029419845184223,0.5974762953740063,0.39999999999999997
19,0.2975065430652266,0.628427992210197,0.44866920152091255
20,0.22643718373524283,0.604922900105354,0.42105263157894735
21,0.10768381540103594,0.5293474443699518,0.17435897435897438
22,0.2988587468482804,0.6184991859017336,0.41975308641975306
23,0.28227470450051473,0.6289228362545094,0.45714285714285713
24,0.0984374590963394,0.5372330236567379,0.2564102564102564
25,0.1889778030513864,0.5706669220700443,0.31896551724137934
26,0.21724617388022385,0.5807633368451298,0.33766233766233766
27,0.0,0.5,0.0
28,0.251710085223474,0.6070219966159053,0.4092664092664093
29,0.2806272131233012,0.6460747693388245,0.5014577259475219
