,Matthews,Accuracy,F1
0,0.40806706450628677,0.6826687367216866,0.5123152709359606
1,0.4965062501981907,0.7267935937244647,0.5879518072289156
2,0.49032312145666507,0.7189798169635562,0.5777777777777777
3,0.6509388634050642,0.8048598627226671,0.7166276346604216
4,0.6963278294771299,0.8221523124693577,0.7505938242280286
5,0.5181615141987393,0.7397246282072234,0.6080760095011877
6,0.456536520770372,0.6796964373263605,0.5166666666666666
7,0.3702205960072801,0.6385336656316392,0.43352601156069365
8,0.4976495524991236,0.7258232554338944,0.5873786407766991
9,0.47128022699886263,0.7202770060467396,0.5727699530516431
10,0.6092991095350568,0.7758722830527864,0.6763990267639902
11,0.5836764088228025,0.7927459552214414,0.6738197424892702
12,0.7589009547121769,0.8636930053930381,0.8063781321184511
13,0.38522870530201087,0.6732411341722504,0.49509803921568624
14,0.5454426963837431,0.7528701585226345,0.6303317535545023
15,0.4643077772567576,0.6921984801438144,0.5372340425531915
16,0.6875634903349618,0.8525494361823827,0.7567567567567567
17,0.0,0.5,0.0
18,0.37941240638157786,0.6403109168164733,0.43731778425655976
19,0.2911473171263141,0.6063695048210492,0.3647058823529411
20,0.44662032258100515,0.6946805033502207,0.5367088607594938
21,0.509242210625678,0.686049599607779,0.5352941176470588
22,0.4730469613651471,0.7072336166040203,0.5591939546599496
23,0.6281609133938362,0.7856778068311816,0.6924939467312349
24,0.37600308638823304,0.6523839679686223,0.4607046070460704
25,0.608525973435661,0.7932260173230921,0.6877828054298643
26,0.0,0.5,0.0
27,0.3932008941114548,0.6442433404151005,0.44574780058651026
28,0.44886951419372845,0.7162935120117666,0.5610859728506787
29,0.4354525765723329,0.7102059159993463,0.5507900677200902
