,Matthews,Accuracy,F1
0,0.04252562874779608,0.5213751662767763,0.4679245283018868
1,0.06646861499026877,0.5327049217925783,0.4489795918367347
2,-0.040705817677385035,0.4800697215724049,0.3801652892561984
3,0.034360127357227536,0.5164900692628778,0.4051724137931034
4,0.04472859878217615,0.5223842942984267,0.5117845117845118
5,0.0714674549144764,0.5359616531351773,0.48689138576779023
6,0.07856105533344064,0.5396312095775423,0.5018181818181818
7,0.02355583993241654,0.5117884500710976,0.4478764478764479
8,-0.1070441255818987,0.4461951286638227,0.38490566037735846
9,0.014065685072656015,0.5070868308793175,0.4825174825174825
10,-0.06151202880029737,0.47068941791660934,0.3406113537117904
11,-0.0788391582923713,0.4616072657217559,0.35146443514644354
12,-0.04266062536772424,0.47894591991193064,0.3886639676113361
13,-0.09344687518829009,0.4530296775377276,0.3924528301886792
14,-0.027069309125150168,0.48649144534654376,0.41406249999999994
15,-0.020318097838283627,0.4897481766891427,0.45323741007194246
16,0.003555141252123188,0.501788908765653,0.449438202247191
17,-0.09966504216148092,0.45048392275583693,0.36507936507936506
18,0.03165406032524654,0.5159625705242878,0.48763250883392223
19,-0.05219108941044718,0.4758956011192147,0.3211009174311927
20,0.09268385850291666,0.5454566304297968,0.4609053497942387
21,-0.04076481696775586,0.47965689647263887,0.40625
22,0.08492479568365831,0.5415806614375487,0.45454545454545453
23,-0.009313816886427134,0.4953671849915141,0.4189723320158103
24,0.053651035206544885,0.5260767854685565,0.42857142857142855
25,0.03484124910783644,0.5159855052520527,0.37037037037037035
26,0.008591647604938312,0.5043346635475436,0.4714285714285715
27,-0.10510456060764194,0.447112517774414,0.3895131086142322
28,0.05427844273366222,0.5267877620292647,0.44534412955465585
29,0.03568488555490251,0.5180037612953534,0.4857142857142857
