,Matthews,Accuracy,F1
0,0.0,0.5,0.0
1,0.17647218396528333,0.5757669749605233,0.36453201970443355
2,0.0,0.5,0.0
3,0.16665062417730103,0.5588484096548613,0.28901734104046245
4,0.09082998231229268,0.5272670877509587,0.189873417721519
5,0.0,0.5,0.0
6,0.03616803577966421,0.5151421159485675,0.25252525252525254
7,0.06293134482884555,0.5224170990300022,0.21839080459770116
8,0.030114529066045188,0.5022840063162644,0.015873015873015872
9,0.11758395071238069,0.5514324385292126,0.32850241545893716
10,0.0,0.5,0.0
11,0.0,0.5,0.0
12,0.0,0.5,0.0
13,0.0,0.5,0.0
14,0.0,0.5,0.0
15,0.25725401733978964,0.6104500338371306,0.4236453201970444
16,0.0,0.5,0.0
17,0.0,0.5,0.0
18,0.22528766553404683,0.6038517933679224,0.4272727272727272
19,0.1751111459351204,0.5447496052334762,0.20270270270270271
20,-0.0008396071825974652,0.49985901195578614,0.04477611940298508
21,0.11879877667551693,0.5189487931423415,0.09022556390977444
22,0.01057861039171802,0.5042578389352583,0.2198952879581152
23,0.055290944615313586,0.5135630498533724,0.12328767123287673
24,0.12036322033696778,0.5143807805098127,0.06201550387596899
25,-0.010740590252205586,0.49811076020753436,0.044444444444444446
26,0.1617598869352187,0.5666309496954658,0.3384615384615384
27,0.18610675802060067,0.5875817730656441,0.4070796460176991
28,0.10390124690269846,0.5346548612677645,0.22754491017964074
29,0.0,0.5,0.0
