,Matthews,Accuracy,F1
0,0.017319475102178666,0.5010258444797099,0.009009009009009009
1,0.09128548034670331,0.5309170256177738,0.2380952380952381
2,0.0,0.5,0.0
3,0.14510724680877515,0.5643278168215824,0.38251366120218583
4,-0.05044574466490202,0.4759578326909998,0.2878411910669975
5,0.08435059442541852,0.518907277261392,0.128
6,0.03880343504727863,0.5099580593969621,0.13076923076923078
7,0.06442768015210462,0.5321128995692587,0.39359267734553777
8,0.0,0.5,0.0
9,0.039880919133753315,0.5197234187259125,0.37209302325581395
10,0.05158533948299582,0.522534572659261,0.31111111111111106
11,0.006604373813945216,0.5027431421446384,0.2573099415204678
12,0.07119756104096861,0.534686012242122,0.3827751196172248
13,0.0,0.5,0.0
14,0.025332856220679833,0.5058546814781228,0.10317460317460318
15,0.0,0.5,0.0
16,-0.040215419730359664,0.48212990251643617,0.25613079019073565
17,0.0,0.5,0.0
18,-0.000887733869823394,0.49955225572432554,0.3608017817371937
19,0.14510724680877515,0.5643278168215824,0.38251366120218583
20,0.0,0.5,0.0
21,0.12600862975875818,0.5351790977102698,0.20149253731343283
22,0.020591317747013803,0.506721831784176,0.18055555555555555
23,0.06780107060671,0.5196327363409657,0.1764705882352941
24,0.07168202023100838,0.53162548175017,0.3296703296703296
25,0.0,0.5,0.0
26,0.13698248882712089,0.557588982090229,0.35260115606936415
27,0.06469151463129702,0.5313874404896849,0.37590361445783127
28,0.1054105066024979,0.5467297664928588,0.3551912568306011
29,0.0,0.5,0.0
