,Matthews,Accuracy,F1
0,0.1518503172177403,0.5730926779313876,0.48672566371681414
1,0.07774310505708276,0.539068100358423,0.5185185185185186
2,0.2654403871475829,0.6170250896057348,0.49246231155778897
3,0.09549894593398578,0.5480030721966206,0.5207547169811322
4,0.06056961900816784,0.5296722990271377,0.4510638297872341
5,0.20138719983558925,0.5991295442908346,0.5378151260504201
6,0.030789326919683405,0.5143113159242192,0.3849765258215963
7,0.12392652486546926,0.5614183307731695,0.5020576131687243
8,0.0887325012920282,0.5433179723502304,0.463519313304721
9,0.13500604744513062,0.5678443420378905,0.548148148148148
10,0.12537067481050115,0.5628776241679467,0.5507246376811594
11,-0.03105440079541494,0.4845110087045571,0.4257028112449799
12,0.14486748098000832,0.5728110599078341,0.5454545454545454
13,0.09551482850782296,0.5465437788018433,0.46551724137931033
14,0.0328908120415917,0.5164874551971326,0.5054151624548737
15,0.06252917091839995,0.5313876088069636,0.49420849420849416
16,0.13671274961597543,0.5683563748079877,0.5238095238095238
17,0.12043445676145229,0.5591909882232463,0.4894514767932489
18,0.07779895980028154,0.5388376856118792,0.488
19,0.08872907652544615,0.5420890937019969,0.43636363636363634
20,0.03923487932390491,0.519252432155658,0.44067796610169485
21,0.047622141039080905,0.5239375320020481,0.5
22,-0.042365954381741774,0.4788018433179724,0.42687747035573126
23,-0.08078809684726387,0.4594470046082949,0.416988416988417
24,-0.004264307294113521,0.49787506400409626,0.4982456140350878
25,-0.08549940793706583,0.4572196620583717,0.4031620553359684
26,-0.013208516340824898,0.49344598054275474,0.4262295081967213
27,0.1936223511169196,0.5951612903225807,0.5316455696202531
28,-0.005743891560732717,0.4971326164874552,0.4946996466431095
29,-0.0027480435341807256,0.498668714797747,0.4017467248908297
