,Matthews,Accuracy,F1
0,0.060301954941150905,0.5281530396209295,0.3529411764705882
1,0.10877575875084376,0.5477450683872702,0.3545150501672241
2,0.006121295218093784,0.5030413012064389,0.35654596100278546
3,0.12473059994964078,0.561094868434318,0.42406876790830944
4,0.0,0.5,0.0
5,0.0,0.5,0.0
6,0.0016078063936425964,0.5007057163020466,0.28093645484949836
7,0.10597860146709678,0.5551634909433074,0.4666666666666667
8,0.060921857720936216,0.5302281816043284,0.3910614525139665
9,0.1569550072693566,0.5811573747353564,0.48635235732009924
10,0.049176770331467896,0.5217763887488658,0.31788079470198677
11,0.04403880520150382,0.5211042779850119,0.35714285714285715
12,0.07054075699535042,0.5219024095170884,0.19827586206896552
13,0.11509426776674214,0.5513996706657257,0.36721311475409835
14,0.09681269187602477,0.5500050408307289,0.44887780548628425
15,0.011947681232908172,0.5055533151863427,0.3177570093457944
16,0.08487078670564908,0.5424353933528245,0.41208791208791207
17,0.031096787486956348,0.5147024229593037,0.3404255319148936
18,0.018780274298324406,0.5088970662365158,0.33333333333333337
19,0.023122478565273608,0.5113082636018416,0.3563218390804598
20,0.0015722251045605362,0.5008149343011727,0.3970588235294118
21,-0.08412500888603072,0.4593961084786773,0.27647058823529413
22,0.09196670398992668,0.5466864939342003,0.4285714285714286
23,-0.03520581721697599,0.490464428537823,0.10045662100456622
24,-0.01776052693483886,0.49111973653258056,0.34615384615384615
25,-0.03885320163572761,0.48041637261820747,0.33962264150943394
26,-0.06640531944966009,0.46794871794871795,0.28823529411764703
27,0.0,0.5,0.0
28,0.09607673183261173,0.5443509090298081,0.37106918238993714
29,0.0514744213900194,0.5256410256410257,0.3878116343490305
