,Matthews,Accuracy,F1
0,0.0,0.5,0.0
1,0.4211698062852506,0.7042133084577115,0.5970695970695972
2,0.44191519214467073,0.7232587064676617,0.6258503401360543
3,0.33736718782910163,0.6477249170812603,0.497907949790795
4,0.36092613526823214,0.6771351575456053,0.5601436265709155
5,0.21736144907637017,0.6071206467661692,0.46345811051693403
6,0.31713808900435586,0.662080223880597,0.5472636815920398
7,0.5080151232785137,0.7605462271973467,0.6743421052631579
8,0.4454723276687855,0.7190868573797677,0.6189624329159212
9,0.2571825902240648,0.6278762437810945,0.4947368421052632
10,0.1691530606504154,0.5843439054726368,0.43630017452006986
11,0.4480761723903767,0.722792288557214,0.624561403508772
12,0.4882869405214407,0.7512696932006634,0.6623164763458401
13,0.508836922950749,0.7594838308457712,0.6733333333333335
14,0.49706612821291046,0.7575404228855721,0.6698717948717948
15,0.12925048190831503,0.5539230928689884,0.3296703296703297
16,0.34371936227692634,0.6768760364842454,0.567699836867863
17,0.2280599228743447,0.6196361940298507,0.5030864197530863
18,0.45606807837694596,0.7340640547263682,0.6403940886699507
19,0.47745920655463553,0.7412157960199005,0.6496598639455783
20,0.3182608073025032,0.6526741293532339,0.521415270018622
21,0.45710371089560864,0.709084784411277,0.6003976143141153
22,0.2775510855792322,0.6329809286898839,0.4925373134328358
23,0.31049089077984,0.6652415008291874,0.5635838150289019
24,0.3331245024004724,0.6469734660033167,0.4979253112033195
25,0.42691290582268004,0.7165474709784412,0.6172006745362563
26,0.4429912084441579,0.7271973466003316,0.631578947368421
27,0.28349969104103007,0.6461701907131012,0.5292207792207791
28,0.2877310881786631,0.6011867744610282,0.3768844221105528
29,0.39517341905355274,0.7055607379767828,0.6053882725832014
