,Matthews,Accuracy,F1
0,0.9215678462922041,0.9633568006257944,0.9436435124508519
1,0.9231574737739059,0.9630607433482177,0.9447368421052632
2,0.922127157607301,0.9657850135262867,0.9440832249674903
3,0.849486496028504,0.9179486761622284,0.8900949796472184
4,0.8586322975095462,0.946869941223124,0.897908979089791
5,0.8778462445275994,0.9345523288028421,0.9112903225806452
6,0.9182887471829562,0.963139510880784,0.9413298565840937
7,0.8979306872673606,0.9401991460513022,0.9249658935879945
8,0.9262544097821037,0.960849820192736,0.9466666666666667
9,0.8048911749760312,0.9259612355094902,0.8588374851720048
10,0.9236562559142505,0.9654889562487099,0.9451697127937336
11,0.9095945189172765,0.9521826754886303,0.9345794392523364
12,0.9288714585210915,0.9670289973164716,0.948885976408912
13,0.5590574108337939,0.7065067414143389,0.583941605839416
14,0.9076014544355671,0.950050519865715,0.9329758713136729
15,0.881883551564056,0.9447785274273981,0.9152542372881357
16,0.8620856002226392,0.9191138924198472,0.8977900552486188
17,0.9288714585210915,0.9670289973164716,0.948885976408912
18,0.8992727877376686,0.9507214019534348,0.927536231884058
19,0.9071902120912244,0.9619742946231653,0.9333333333333332
20,0.905243593057348,0.9606515433004139,0.9319640564826701
21,0.9272995726898254,0.9673250545940484,0.947780678851175
22,0.9204142423207476,0.9652716665036993,0.9428571428571427
23,0.7107346074494727,0.8097601121215083,0.7582938388625593
24,0.9359063549571756,0.9690823854068207,0.9538866930171278
25,0.754702083212061,0.8604185000488902,0.8158640226628895
26,0.9271273144275434,0.9665156502938843,0.9476439790575916
27,0.8998144293588262,0.9415218973740533,0.9264305177111717
28,0.9073482237042642,0.9468129026650587,0.932249322493225
29,0.9038827149986105,0.9609476005779907,0.9309462915601022
