,Matthews,Accuracy,F1
0,0.0,0.5,0.0
1,0.10001351609477202,0.5278256509886253,0.18723404255319148
2,0.08802227994778263,0.5348369003227524,0.29965156794425085
3,0.17583323530732947,0.571843762729922,0.3728813559322034
4,0.028005783464514447,0.5141008366496412,0.3949367088607595
5,0.09755100006001992,0.5454830319932316,0.38596491228070173
6,0.2214208046757652,0.5908093880236894,0.40540540540540543
7,0.1248969372830095,0.536615172500235,0.21666666666666667
8,0.06729542077654369,0.5254520101526023,0.2671480144404332
9,0.0,0.5,0.0
10,0.11000832112737145,0.538534453044214,0.2661596958174905
11,0.09522185627086198,0.5432347319274278,0.3696969696969697
12,0.10875040567777822,0.5458747219001661,0.3421052631578947
13,-0.13416012253711118,0.466236330022248,0.035242290748898675
14,0.05082486249622114,0.5233447184532949,0.3462686567164179
15,0.20531510073649592,0.6031789552846802,0.5038167938931297
16,0.04531557645374653,0.520767398865666,0.3413173652694611
17,0.06691866101319281,0.5214176041111773,0.20800000000000002
18,0.11249658800504708,0.53628615297841,0.23904382470119523
19,0.032056932225269355,0.5145551969416853,0.3272727272727272
20,0.139639263081305,0.5614718139942969,0.3836477987421384
21,0.15922051856882247,0.545271519443487,0.2278481012658228
22,0.18212939158711328,0.558291291949989,0.27999999999999997
23,0.1126059089505664,0.5558628145269953,0.43569553805774275
24,0.16124021922880158,0.5618635039012314,0.3357142857142857
25,0.042905712133600706,0.5207047284805565,0.371191135734072
26,-0.033446618723410856,0.4859383323410522,0.24422442244224427
27,0.09837434930075999,0.5389339767492871,0.3066202090592335
28,0.14179073613658694,0.5695406260771473,0.44623655913978494
29,0.07359187378354426,0.5286246983987717,0.2826855123674912
