,Matthews,Accuracy,F1
0,0.10885898695520327,0.5540023677260724,0.4322344322344322
1,-0.07259544542492535,0.46317882402938404,0.3391003460207612
2,0.019363708374052883,0.509349482439365,0.35521235521235517
3,0.051376895082613144,0.5238745712290926,0.3524590163934427
4,0.011248435677276009,0.505615760556112,0.3754512635379062
5,0.040102485567087266,0.5192757186655739,0.36575875486381326
6,0.021898483031519176,0.5111859879185259,0.4054054054054054
7,0.038427704862784656,0.5188962753847555,0.3805970149253731
8,0.0009677780631490928,0.5005008651306803,0.41875
9,0.05428089296260046,0.5203078043893998,0.25380710659898476
10,0.006612081481137924,0.5032632122150381,0.36296296296296293
11,-0.09118022997860942,0.4558783353064384,0.2846153846153846
12,-0.024183642753620366,0.4878729927450445,0.3571428571428571
13,-0.004938600475518561,0.49796618401481346,0.25352112676056343
14,0.1035802384029097,0.5510275324044562,0.4237918215613383
15,0.06099771862598117,0.5310384603709437,0.4246575342465754
16,0.0625236373959949,0.5321160792884679,0.4786324786324787
17,-0.041489205549469346,0.4809519473029172,0.2833333333333333
18,0.017728940268881024,0.5070272895607565,0.25242718446601947
19,0.014367716508579377,0.5065112466988435,0.3135593220338983
20,0.03478169240313563,0.5158151959445102,0.32911392405063294
21,0.06671719417138236,0.5236620829918344,0.2421052631578947
22,0.051975347435768225,0.5249825456090824,0.3735408560311284
23,0.05710691487322896,0.5191998300094102,0.2173913043478261
24,0.08474375805846568,0.5435297331754849,0.49002849002849014
25,0.010726393995086054,0.5054791609750175,0.3986486486486487
26,0.09486131485201371,0.5457001487417661,0.40310077519379844
27,-0.01518417904613331,0.49336733145129463,0.2743362831858407
28,0.07946193435019526,0.5376407734571836,0.38247011952191234
29,0.13253404386280684,0.5608475245120359,0.39999999999999997
