,Matthews,Accuracy,F1
0,0.8238773034640877,0.9087704089886544,0.8763440860215055
1,0.6527937250078159,0.8271268234166531,0.7582562747688242
2,0.6902258136262972,0.8373568814424337,0.7796143250688705
3,0.8617386230436053,0.9324675760729886,0.903820816864295
4,0.7906638352851674,0.874034302668087,0.8439306358381503
5,0.6377397104360739,0.8161657199195391,0.7456258411843876
6,0.8834664958155634,0.9393720639901347,0.9183400267737617
7,0.7610264300267613,0.8882324571979745,0.835249042145594
8,0.8504045760102967,0.9205800746612619,0.8945945945945946
9,0.8283906560600105,0.9052403292909622,0.8775790921595599
10,0.753060459302016,0.8940930304963478,0.8299155609167671
11,0.8908864444172807,0.9564669289680201,0.9240506329113924
12,0.8360841114916607,0.92458785213041,0.8865979381443299
13,0.7048487272175907,0.8177560109031082,0.7680491551459294
14,0.8459369309203384,0.9370018894244123,0.8930348258706469
15,0.8602177273995661,0.9326430880337471,0.9028871391076115
16,0.831542794939248,0.9125736768687445,0.8817204301075268
17,0.8084216407089737,0.8912268438676121,0.8615384615384616
18,0.8454364234305893,0.9362510034705582,0.8927680798004988
19,0.6172217955058157,0.7946922130684679,0.7218259629101285
20,0.7640314171229234,0.8781687539871739,0.8340080971659919
21,0.8622371616907106,0.9339693479806968,0.9043250327653998
22,0.8639987174846866,0.9345447219737922,0.905511811023622
23,0.7341258722824814,0.831818334437278,0.7901990811638592
24,0.7745249164806451,0.8935863350965927,0.8442728442728442
25,0.8635319578310447,0.9246076926129305,0.9031377899045021
26,0.8243964349046089,0.9205602341787413,0.8786717752234994
27,0.6008762189189604,0.8110941873490979,0.7277227722772277
28,0.8857317202186558,0.9515617512125587,0.9207161125319693
29,0.7367283814267392,0.8404779419620101,0.7988077496274217
