,Matthews,Accuracy,F1
0,0.009106914152067127,0.5044626725446267,0.40419947506561676
1,-0.06364065233213487,0.47060417720604175,0.30903790087463556
2,-0.05819007822841936,0.47136301221363014,0.36883116883116884
3,0.02766583357765764,0.5107682301076824,0.2708333333333333
4,-0.025369612669534594,0.4872443448724434,0.4202898550724638
5,-0.03955036434712251,0.48128206981282073,0.34269662921348315
6,-0.000997747311788555,0.4995121774951218,0.39577836411609496
7,0.038898583420936036,0.5196755076967551,0.4807256235827665
8,0.007797210473606856,0.5038122425381224,0.40105540897097625
9,-0.008443252391997457,0.49586254245862543,0.3937007874015748
10,-0.05185884116931623,0.47380212473802125,0.4424778761061947
11,-0.0038589031547341035,0.4980487099804871,0.45161290322580644
12,0.01647464727131176,0.5079858350798583,0.3978494623655914
13,0.0,0.5,0.0
14,-0.0024202114621469594,0.4988798149887982,0.34883720930232553
15,-0.018364640028396963,0.4929175399291754,0.2377622377622378
16,-0.0006287472313070713,0.49985545999855463,0.09649122807017545
17,0.03575862704029793,0.5179952301799523,0.4567307692307692
18,-0.02878583236869072,0.4856905398569054,0.39898989898989895
19,0.028531577862431594,0.5127014526270146,0.3425076452599389
20,-0.02100118978443652,0.49027968490279683,0.33720930232558144
21,-0.009657004586875347,0.496440702464407,0.22382671480144406
22,0.019585170195851702,0.5097925850979258,0.43564356435643564
23,-0.1048611942374695,0.4569451470694515,0.21262458471760798
24,-0.0395270768956419,0.4890330273903303,0.11618257261410789
25,-0.004229879339002397,0.49839199248391997,0.2402826855123675
26,-0.013756568895469279,0.49308014743080153,0.47311827956989255
27,0.0007530409183283529,0.5003794175037942,0.4772234273318872
28,0.010985040109850401,0.5054925200549252,0.4306930693069307
29,-0.07744343191395957,0.46250993712509936,0.339622641509434
