,Matthews,Accuracy,F1
0,0.3665616896786503,0.673534627174223,0.5425790754257908
1,0.520610938210272,0.7576476511263188,0.6659090909090909
2,0.4424248346511058,0.7062437624750499,0.591304347826087
3,0.42801430451900974,0.693140504704876,0.5692108667529107
4,0.29775544035378954,0.635233996293128,0.4775353016688062
5,0.5377256590482903,0.7588439193042487,0.6698337292161521
6,0.3506108683777218,0.6453209652124323,0.48090523338048097
7,0.40250463103693956,0.6915365697177074,0.5700483091787439
8,0.4100827628404638,0.6989414029084688,0.5821596244131456
9,0.37432738915979136,0.6689144033361848,0.5304010349288487
10,0.27436563128307867,0.6307808490162532,0.4795180722891566
11,0.3870412177579862,0.6898412995437696,0.5697808535178778
12,0.5368394832814809,0.776632003849444,0.6869747899159664
13,0.565129639508615,0.7976390968063872,0.7090367428003971
14,0.5994241505250739,0.8135804284288566,0.7307692307692308
15,0.4771855718586034,0.7106969097519247,0.596816976127321
16,0.34127429864811504,0.6587895637296834,0.5180572851805728
17,0.15465834084034513,0.5549191794981465,0.28434504792332266
18,0.3933887599933856,0.6682594632164243,0.52400548696845
19,0.4726565293833775,0.7518378421727973,0.6513849092645653
20,0.25947368069291304,0.5900965925292272,0.35008103727714746
21,0.3685982972005281,0.6746506986027945,0.5443499392466586
22,0.4256257449762783,0.6987854647847163,0.5799256505576208
23,0.6346022783875696,0.8280514863130881,0.7528675703858184
24,0.6303240086401273,0.823732000285144,0.7492063492063491
25,0.49119862365054984,0.735497754491018,0.6356033452807647
26,0.3441877295649512,0.6534074707727402,0.5039370078740157
27,0.33188402562759417,0.6365104612204163,0.4643874643874643
28,0.6647889178291952,0.8473789029084688,0.7736040609137056
29,0.14010878060966028,0.5750062375249501,0.4456928838951311
