,Matthews,Accuracy,F1
0,0.6327316537435431,0.8132213573390044,0.7039473684210527
1,0.6226000041168261,0.7509962215844568,0.6530612244897959
2,0.6959516587023915,0.8554291495467966,0.7570977917981072
3,0.7771700081052765,0.8941888794829971,0.821656050955414
4,0.6139659063607568,0.8356905415728946,0.6931818181818181
5,0.5100468708984063,0.7295335824747589,0.588235294117647
6,0.6611786878926456,0.7933382198088081,0.7089552238805971
7,0.5191087010186933,0.7294664794664795,0.5917602996254681
8,0.7863440820632142,0.9006823859765036,0.8291139240506329
9,0.8344751100447352,0.9044556397497574,0.864864864864865
10,0.8139339053394505,0.8955773955773956,0.8484848484848485
11,0.7516985587813532,0.9001558854500031,0.8011869436201781
12,0.5462577093162984,0.7580265521441991,0.627177700348432
13,0.7117333561242105,0.8923409658703776,0.7675070028011204
14,0.673405097543772,0.8227603080544257,0.7328767123287672
15,0.3724990679657481,0.6664567546920488,0.4740740740740741
16,0.8177975356109961,0.8963723081370141,0.8513513513513514
17,0.7574197767637701,0.8894194041252865,0.8062499999999999
18,0.7951403327651296,0.8916028327793034,0.8344370860927152
19,0.7018397107784737,0.8875043875043875,0.7597765363128491
20,0.5899701439117556,0.7568961245431833,0.6463878326996197
21,0.7197351446031005,0.8716629157805629,0.7763975155279503
22,0.5423966884875785,0.7186628951334834,0.5877551020408163
23,0.690685685957877,0.8242830301653832,0.743859649122807
24,0.7178140887467339,0.8544329279623397,0.7722772277227722
25,0.8004794728831103,0.8858371358371359,0.8367346938775511
26,0.6220419438248167,0.7698160345219169,0.6717557251908397
27,0.6174199206553813,0.742845786963434,0.6416666666666667
28,0.7330071921631999,0.8420395185101068,0.7773851590106007
29,0.6461000869875949,0.812292238762827,0.711864406779661
