,Matthews,Accuracy,F1
0,-0.007202306643454389,0.4973407345829646,0.2150537634408602
1,0.01955988684656021,0.5094794990748438,0.37349397590361455
2,0.0,0.5,0.0
3,-0.040679369485242096,0.48124212276420586,0.30000000000000004
4,0.07679363996360176,0.538726949308591,0.44525547445255476
5,0.14496348028575154,0.5712951292984009,0.46393762183235865
6,0.020917497802857347,0.5101588408284394,0.376
7,0.09810425698341757,0.5437728495704951,0.3718820861678004
8,0.0015203365738283938,0.5005720772661858,0.22811671087533156
9,0.044915765935612195,0.5228652132328623,0.4393673110720562
10,0.041586316328828254,0.5213054088117777,0.45302013422818793
11,0.09869275563777033,0.549797538280014,0.45901639344262296
12,-0.05407371996020666,0.4747615599831952,0.29914529914529914
13,0.12129049589337083,0.5620256898447347,0.4923076923076923
14,-0.023062361981592505,0.49049368480330374,0.2512315270935961
15,0.04255678788597799,0.5216718958104278,0.43859649122807015
16,0.012202145431007238,0.5052917147122183,0.2997658079625293
17,0.165152416420309,0.5846450886272827,0.5322580645161291
18,0.06862971898046974,0.534798387457206,0.4472271914132379
19,0.06540691644981879,0.5264406961465233,0.3007518796992481
20,0.03198528345320926,0.5131488384149885,0.28641975308641976
21,-0.043199441032518056,0.4800488053417715,0.2993492407809111
22,-0.018665575502669812,0.49308144056206593,0.20911528150134048
23,0.029537423218756836,0.5142527687645813,0.37651821862348184
24,0.027353616848353853,0.5138505269367944,0.42086330935251803
25,0.12644492285928052,0.5533372663645384,0.3614457831325301
26,-0.003693465355555727,0.4982614214332324,0.3375527426160338
27,0.0431019274979461,0.5194104028675373,0.34080717488789236
28,0.010759901155022952,0.505220205053945,0.36873747494989983
29,0.0847010847365588,0.5431337319996782,0.4631578947368421
