,Matthews,Accuracy,F1
0,0.06383128728279715,0.5313945803040317,0.5365853658536585
1,0.04478380105572982,0.5211087243886319,0.39662447257383965
2,-0.13397449953205892,0.43295604758757433,0.35897435897435903
3,-0.08427087617715905,0.45831956378056843,0.46296296296296297
4,-0.016171646982833947,0.49235789821546594,0.361344537815126
5,-0.13912832620891363,0.44947951090548577,0.14130434782608695
6,-0.021864595637669078,0.48897058823529416,0.44827586206896547
7,-0.047797798272755154,0.47765201586252476,0.3333333333333333
8,-0.05527566312893868,0.47211665565102445,0.4391891891891892
9,0.0674669829027807,0.533955717118308,0.5131578947368421
10,0.09158623724191088,0.5453569068076669,0.47148288973384034
11,0.036017165687465436,0.5172257105089226,0.40329218106995884
12,-0.011731658955717119,0.4941341705221415,0.4264705882352941
13,-0.0431724537493859,0.4789738929279577,0.373015873015873
14,-0.011399620354808524,0.49434071381361533,0.41509433962264153
15,-0.015577075326131574,0.49219266358228686,0.42909090909090913
16,-0.15399611579439867,0.42238103106411107,0.3706293706293706
17,-0.07462445956782883,0.4644745538664904,0.33195020746887965
18,0.02285061616142197,0.5098314606741573,0.3222748815165876
19,0.05391654503821385,0.524991738268341,0.3896103896103896
20,-0.020068121101979943,0.49103602115003303,0.3181818181818181
21,-0.08027550988175743,0.45976536682088565,0.3927272727272728
22,-0.07564166901828519,0.46596166556510243,0.2882882882882883
23,0.025103712372365555,0.5122686715135493,0.41732283464566927
24,0.005136616256516968,0.5025611368142763,0.4312267657992565
25,-0.00017720044244719121,0.49991738268341046,0.3605150214592274
26,0.04094063055500221,0.5198281559814937,0.41767068273092367
27,-0.026485725087247187,0.48678122934567086,0.4148148148148148
28,0.04768205844201109,0.5186715135492399,0.28865979381443296
29,-0.027851600438591837,0.4859550561797753,0.4563758389261745
