,Matthews,Accuracy,F1
0,-0.04298881760643732,0.4782608695652174,0.448
1,-0.029996484992860284,0.4850931677018634,0.38607594936708867
2,-0.02042531336462145,0.4897515527950311,0.40490797546012275
3,0.010691400065410842,0.5046583850931677,0.31249999999999994
4,-0.05005572478275411,0.4748447204968944,0.3902439024390244
5,0.04985224268123998,0.5251552795031056,0.4550898203592814
6,-0.026137119036763884,0.4869565217391304,0.39375000000000004
7,0.006802966965477018,0.503416149068323,0.4220183486238532
8,-0.057875049295691455,0.4711180124223603,0.37500000000000006
9,0.0947651599821979,0.5481366459627329,0.5014084507042254
10,0.070777875411637,0.5357142857142858,0.467065868263473
11,0.010185712225267686,0.5049689440993789,0.3907284768211921
12,0.08891314587040593,0.5431677018633541,0.43478260869565216
13,0.0648308948399388,0.5329192546583852,0.49171270718232046
14,0.06440487650591663,0.5298136645962733,0.3840579710144927
15,-0.016870672629282525,0.49192546583850927,0.3573883161512027
16,0.05270363796138919,0.5267080745341615,0.46647230320699706
17,0.07178812164176994,0.5357142857142857,0.4479495268138801
18,0.015050172484848853,0.5074534161490682,0.40894568690095845
19,-0.00811517896820008,0.49596273291925463,0.48484848484848486
20,0.06299407883487121,0.5263975155279503,0.3252032520325203
21,0.05163977794943223,0.5260869565217392,0.4583333333333333
22,-0.0229907188779426,0.4891304347826087,0.34385964912280703
23,0.02388803495040437,0.5118012422360249,0.4115755627009646
24,0.07353995994612444,0.5372670807453416,0.47813411078717194
25,0.02509582250534264,0.5127329192546584,0.45533141210374645
26,0.02266713872374092,0.5108695652173914,0.3835616438356164
27,0.0892315707515636,0.5437888198757764,0.4444444444444445
28,-0.015430334996209192,0.49472049689440994,0.18867924528301888
29,-0.03239275002965834,0.48385093167701865,0.3887147335423198
