,Matthews,Accuracy,F1
0,0.8217129007999229,0.8826159167318375,0.8563685636856369
1,0.665348265510637,0.7725968089137568,0.69969040247678
2,0.0,0.5,0.0
3,0.6935732184440152,0.7972354131561762,0.7359050445103857
4,0.0,0.5,0.0
5,0.6245035377876075,0.743858489273016,0.6516129032258065
6,0.0,0.5,0.0
7,0.7129395146971464,0.8046165133472544,0.75
8,0.7870252357023725,0.8579853748599163,0.8245125348189415
9,0.8560358730866743,0.9121806293486411,0.8883116883116884
10,0.5376753382627225,0.688026573573162,0.5454545454545455
11,0.6573391340426877,0.7693154241210001,0.6934984520123839
12,0.9205224771838688,0.9540444881604089,0.9396984924623116
13,0.5754466378632775,0.7192360097715931,0.6052631578947368
14,0.0,0.5,0.0
15,0.48042852085113597,0.6576515927212919,0.48
16,0.0,0.5,0.0
17,0.7293843191824392,0.8333790200994897,0.7811634349030471
18,0.7277746470810271,0.8128240065143953,0.7633136094674556
19,0.6413208711067895,0.7627526545354866,0.6811145510835914
20,0.6246617610658605,0.7677029500213652,0.6824925816023738
21,0.5782550020276628,0.7570646521490249,0.6571428571428573
22,0.0,0.5,0.0
23,0.8155345734723312,0.8727556376125709,0.8476454293628809
24,0.8764806700712379,0.9220247837269113,0.903896103896104
25,0.6825277395808936,0.7898462505945998,0.7245508982035929
26,0.5840595561904028,0.7225173945643498,0.611842105263158
27,0.6554899917480523,0.7619181991889256,0.6835443037974684
28,0.5177010393319325,0.674066579055574,0.5161290322580646
29,0.0,0.5,0.0
