,Matthews,Accuracy,F1
0,0.0304838269644811,0.5085588668750887,0.1546134663341646
1,0.10546458715167618,0.5508290631493917,0.4353518821603928
2,0.05827351500367766,0.5183633325317104,0.20427553444180524
3,0.22573268108579017,0.6119158172546262,0.5323076923076924
4,0.09351594756106667,0.5262562357018209,0.18952618453865336
5,0.20680646323638668,0.5976715935648174,0.4847457627118644
6,0.06452981448395509,0.5266909620092372,0.31746031746031744
7,0.19337631196157984,0.5941290366341702,0.49759229534510435
8,0.07700256907894966,0.538687558194745,0.4579025110782866
9,0.11585551518894983,0.5586048060380708,0.49067431850789095
10,0.11293887276139424,0.5555000585801407,0.4559748427672956
11,0.06753384135460283,0.5301040259972498,0.35963302752293574
12,0.1283729945875722,0.5630846452201688,0.46540880503144655
13,0.22707430699893488,0.6111974397395342,0.5229793977812995
14,0.1593196199168816,0.5723773054368537,0.43010752688172044
15,0.17107002684005904,0.5725191310406916,0.3992248062015504
16,0.28569101864228713,0.6413045489020849,0.5665634674922602
17,0.11687968904023925,0.5567579900228771,0.44838709677419347
18,0.07095624542697077,0.5284237009083005,0.30612244897959184
19,0.10674034680413622,0.5540232224010458,0.486409155937053
20,0.12208966253070885,0.555231823198969,0.4036036036036036
21,0.13781102118513805,0.569423633078664,0.49707602339181284
22,0.07694235749059417,0.5374820405621227,0.4262820512820513
23,0.09253772172808011,0.5420389588767413,0.3870967741935484
24,0.06685582394022822,0.5300269468647292,0.3636363636363636
25,0.09047161771959558,0.5356105592245223,0.3105590062111801
26,0.09984330488912369,0.549259732011272,0.5379146919431279
27,0.0,0.5,0.0
28,0.13739874029546026,0.557901844349483,0.3742690058479532
29,0.06881847161629413,0.5240610220076339,0.24719101123595502
