,Matthews,Accuracy,F1
0,0.24565652731763601,0.6058502399032831,0.4448979591836735
1,0.2649617953125357,0.6190921455287317,0.4785992217898833
2,0.1553553048351065,0.5748611583361668,0.44366197183098594
3,0.2626290377959731,0.6271865200800937,0.5165794066317626
4,0.34294618444436437,0.6143413049227399,0.3970223325062035
5,0.0,0.5,0.0
6,0.2325966998839237,0.6086648532245268,0.47689463955637706
7,0.0,0.5,0.0
8,0.14996510690050466,0.5722637802712607,0.4401408450704226
9,0.19130555768664334,0.5845706297933432,0.42063492063492064
10,0.08698619428980568,0.530724621255053,0.2541966426858513
11,0.17485740545146514,0.5839094790131852,0.45390070921985815
12,0.29292239536085013,0.6348464241187805,0.5094339622641509
13,0.33618877708797074,0.6498828818618005,0.5225933202357563
14,0.19942298266458652,0.5416052740942234,0.17008797653958943
15,0.2072468190237628,0.5941667611167781,0.4452975047984645
16,0.2144757328403822,0.60057992368431,0.46691176470588236
17,0.29280521912362323,0.5921360837205788,0.3427109974424552
18,0.12045525472333213,0.539980732177264,0.2537313432835821
19,0.23387196083612283,0.604093467830292,0.452755905511811
20,0.29563752896907897,0.6293116475877442,0.48594377510040154
21,0.12058702165517543,0.5613831274320904,0.4627329192546583
22,0.17832745993697993,0.5922683138766103,0.5218617771509168
23,0.29446339392761045,0.6474271789640712,0.5570032573289903
24,0.20064397796447855,0.5933733801805886,0.45353159851301117
25,0.2559503805476851,0.6059730250481695,0.43312101910828027
26,0.28749928653596835,0.633968038082285,0.5120593692022264
27,0.0,0.5,0.0
28,0.2741293230769752,0.583966149080056,0.32124352331606215
29,0.25294252562489955,0.5618837130227814,0.23661971830985915
