,Matthews,Accuracy,F1
0,0.5594323166410942,0.7935147446655478,0.7178329571106095
1,0.6436260449268165,0.8271397746343803,0.7661691542288558
2,0.5344952390950114,0.7639921148672048,0.6860158311345647
3,0.6450692689361563,0.836103785396521,0.7703016241299304
4,0.6110159894784651,0.7936945576600336,0.729281767955801
5,0.6348526282965874,0.8219851354591226,0.7600000000000001
6,0.5488051315189156,0.7819734143157783,0.7070217917675545
7,0.5818733954047876,0.8063946828631556,0.7317073170731708
8,0.5279784953432001,0.7588441354324835,0.679144385026738
9,0.5257199873625477,0.7460041556780947,0.660919540229885
10,0.5473054351083305,0.7806880843922321,0.705596107055961
11,0.5378716439805925,0.7511654545938891,0.6685878962536022
12,0.4873911953085731,0.7446189296465009,0.659846547314578
13,0.6032025893950166,0.8090652388182956,0.7414634146341464
14,0.5609476631329483,0.7871413729721091,0.7139364303178485
15,0.6207621374239555,0.7821465675697274,0.7164179104477613
16,0.6579054143279502,0.822045073123951,0.7667560321715817
17,0.5788164166995999,0.7782173206531873,0.707182320441989
18,0.513657382192187,0.7715442606356055,0.6911447084233262
19,0.4946818232734323,0.7497669090812222,0.6666666666666667
20,0.5871755858565246,0.7987626202083167,0.7295285359801489
21,0.4828563819685206,0.742041610058872,0.6564102564102564
22,0.5224671643365859,0.7511321558912065,0.6685082872928176
23,0.0,0.5,0.0
24,0.6586430461809709,0.8284650630011454,0.772020725388601
25,0.564873816008047,0.7781840219505047,0.7055702917771883
26,0.5214514124995175,0.7613881563174298,0.6820512820512821
27,0.5376347472919148,0.7793627960254669,0.702576112412178
28,0.396696870900371,0.7007512187325182,0.6030150753768844
29,0.5088172476779969,0.7523775273715336,0.6701570680628272
