,Matthews,Accuracy,F1
0,0.05127856075084324,0.5225627274468492,0.3036649214659686
1,0.17299484676786175,0.5909787397050373,0.48689138576779023
2,0.06058176864528084,0.5230224095000958,0.251497005988024
3,0.0556389078777698,0.5247079103619996,0.31088082901554404
4,0.005092610227276905,0.5024516376173147,0.3162790697674419
5,0.0,0.5,0.0
6,0.12020645866699177,0.5365255698142118,0.21917808219178084
7,0.06657813733194473,0.5310285385941391,0.34146341463414637
8,-0.02384712849601576,0.4899827619230033,0.23076923076923078
9,0.060293176549485704,0.530453936027581,0.3829787234042554
10,0.0960352422907489,0.5480176211453744,0.4000000000000001
11,0.18864905121013484,0.5773989657153802,0.37078651685393255
12,0.23116067882252864,0.6116069718444742,0.4722222222222222
13,0.18072788277748433,0.5952691055353381,0.49446494464944646
14,0.09013995456155166,0.5457000574602566,0.4050632911392405
15,0.11772409794388937,0.5570005746025666,0.39631336405529954
16,-0.0037825088424502723,0.4982187320436698,0.29807692307692313
17,0.2771332754940734,0.6313733001340739,0.4952380952380953
18,0.18784909814543638,0.5977590499904233,0.48627450980392156
19,0.09143576701617581,0.5458149779735684,0.39826839826839827
20,0.1787538121083192,0.587492817467918,0.44343891402714936
21,0.001918636874678223,0.5008235970120666,0.25806451612903225
22,0.0,0.5,0.0
23,0.11825628767821417,0.551024707910362,0.34224598930481287
24,0.1390437569789083,0.5698142118368129,0.43103448275862066
25,0.027906141186371598,0.5146332120283471,0.39543726235741444
26,0.1665373270900213,0.5707335759433059,0.3695652173913043
27,0.04760045288871634,0.5146715188661176,0.17687074829931973
28,0.20914317473557828,0.5945029687799273,0.4263959390862944
29,0.010846968056075485,0.5049415820723999,0.2914572864321608
