,Matthews,Accuracy,F1
0,0.7975873198468746,0.8812890169445016,0.8443396226415094
1,0.8130502189488484,0.8851649859367496,0.8544152744630071
2,0.6665821960617229,0.8509261164848734,0.757085020242915
3,0.48240638277583076,0.7408554572271386,0.6164079822616407
4,0.7858531116339058,0.8796254373327845,0.8372093023255814
5,0.7404565778825484,0.8707587295053851,0.8079470198675497
6,0.7377604360518519,0.87351992865473,0.806941431670282
7,0.4748215679655048,0.7112403100775193,0.5809768637532133
8,0.7820770585208052,0.8745386567880908,0.8329411764705883
9,0.7490591117545896,0.8695479179529395,0.8126410835214447
10,0.26943553930069075,0.6118920216779858,0.40220385674931125
11,0.7243630272730989,0.8611339781848117,0.7955555555555555
12,0.7832616101210265,0.8802874391164163,0.836027713625866
13,0.516587679049178,0.7270666117856899,0.609375
14,0.5610864917637652,0.8057556424504356,0.6829268292682927
15,0.696975699492714,0.8469712560883584,0.7750556792873051
16,0.6193671567181062,0.8060334773958977,0.7162162162162162
17,0.7175668997838895,0.8637819853193387,0.7922077922077921
18,0.5691008985125137,0.7644508472250806,0.665036674816626
19,0.5610406680584116,0.7585888728819373,0.6567901234567901
20,0.6816873713263986,0.8253001303423201,0.7565011820330969
21,0.7758386630378381,0.8715510736091102,0.8282352941176471
22,0.7092036191559754,0.8600192083419085,0.7861771058315333
23,0.6718252918742617,0.8392193181038623,0.7581699346405227
24,0.6782608221768287,0.8520408863277766,0.765072765072765
25,0.5157223154370243,0.6998730877409618,0.5672514619883041
26,0.8256828489807326,0.8940145434588735,0.8652482269503546
27,0.6131796417012563,0.8156410784111957,0.7172995780590717
28,0.6625835794545543,0.8248473622830487,0.7471526195899773
29,0.763361872071904,0.8655759072511491,0.8188235294117646
