,Matthews,Accuracy,F1
0,0.5121403316491715,0.7433324472798157,0.6035087719298246
1,0.6296516287239471,0.8278619528619529,0.7080745341614908
2,0.36209729992038153,0.6351674641148326,0.42290748898678415
3,0.0,0.5,0.0
4,0.3154143252850766,0.6064814814814814,0.3584905660377358
5,0.2960236524688825,0.6272815878079036,0.40625000000000006
6,0.5488633156258705,0.7623050682261209,0.6341463414634145
7,0.5960778606102488,0.8016236930710614,0.6796116504854369
8,0.4749678056552286,0.7008794081162502,0.5476190476190477
9,0.3093458474876167,0.6554248626617047,0.45098039215686275
10,0.37020235853345645,0.6578836611731349,0.4645669291338583
11,0.0,0.5,0.0
12,0.5376213540546887,0.7330099237993974,0.6046511627906977
13,0.49030337477568536,0.7301745525429736,0.5836298932384342
14,0.6581962894711522,0.8338317384370015,0.7290322580645161
15,0.654159662808744,0.8531809321283006,0.7272727272727273
16,0.501265960880861,0.7367534999113947,0.5936395759717316
17,0.6225198549771752,0.8164650894914053,0.7009646302250803
18,0.4256893835523945,0.6721158958001063,0.49586776859504134
19,0.28232746706834566,0.6021951975899345,0.35135135135135137
20,0.30913034573952464,0.6370724791777423,0.4242424242424242
21,0.33054919566368945,0.6211678185362396,0.3928571428571429
22,0.2178482358990129,0.5798555732766258,0.3035714285714286
23,0.43951975277514266,0.7094409002303739,0.5454545454545455
24,0.5796041097184711,0.8382509303561936,0.663316582914573
25,0.5789085476386016,0.7949672160198475,0.6666666666666667
26,0.38194118664481913,0.6490895800106327,0.451063829787234
27,0.4847878481432998,0.7268850788587631,0.5785714285714285
28,0.2893749932453149,0.6223861421229843,0.39682539682539686
29,0.15439899095517015,0.5630205564416091,0.2786885245901639
