,Matthews,Accuracy,F1
0,0.3853663334921801,0.638949102575219,0.4354838709677419
1,0.26185171914430094,0.5986300182086187,0.3515625
2,0.641743625701169,0.8222106611944469,0.7209302325581395
3,0.4846206946548504,0.6915806815225873,0.5413533834586466
4,0.3573257309474225,0.6352832933514456,0.4280155642023346
5,0.35355461909602015,0.6310827865930615,0.41897233201581024
6,0.3401933042976598,0.5928254188464022,0.31924882629107976
7,0.2929473579301379,0.5883358863936338,0.3139013452914798
8,0.3752489793955815,0.6541855737641743,0.46545454545454545
9,0.2629508613029846,0.5833935470196634,0.30567685589519644
10,0.35355461909602015,0.6310827865930615,0.41897233201581024
11,0.2781348981096231,0.6053016946539881,0.3657587548638132
12,0.0,0.5,0.0
13,0.0,0.5,0.0
14,0.0,0.5,0.0
15,0.25973437104274466,0.5952532346792296,0.3426294820717132
16,0.0,0.5,0.0
17,0.0,0.5,0.0
18,0.0,0.5,0.0
19,0.4453481164859917,0.6799666657032477,0.5166051660516606
20,0.48367357744169465,0.7080117922483309,0.5644599303135889
21,0.3852485003066648,0.6313718122874457,0.4184100418410042
22,0.0,0.5,0.0
23,0.0,0.5,0.0
24,0.38702229326159726,0.6465263928629922,0.4513618677042801
25,0.5844598006238805,0.7361821632609805,0.6273062730627306
26,0.6492414584847284,0.8420185554495795,0.7297297297297297
27,0.0,0.5,0.0
28,0.6145662251827181,0.804666801545324,0.6982248520710058
29,0.488741217166864,0.710935768856518,0.5694444444444444
