,Matthews,Accuracy,F1
0,-0.022907620692542888,0.48904648439907156,0.34003091190108187
1,0.044087236453803295,0.5137753425220303,0.19111111111111112
2,0.05639632995209595,0.5158268800197194,0.16744186046511628
3,-0.052381142796790243,0.4750682989955426,0.3177570093457944
4,0.0,0.5,0.0
5,0.053858486672981,0.5255864470143582,0.38437499999999997
6,0.07585290968019816,0.536398742887661,0.40552995391705066
7,0.03458785481190841,0.5159116118562947,0.35081967213114756
8,0.07007657659363996,0.5277073105601544,0.29558541266794625
9,0.019180727028071384,0.5094000985970462,0.3864306784660767
10,-0.01381453407636748,0.49723466096994845,0.0663265306122449
11,0.07460341334938815,0.5360418421214798,0.40971168437025796
12,0.015776948828021563,0.5078389786989298,0.39714285714285713
13,0.0067946273180209404,0.5016484193661032,0.1073170731707317
14,0.0,0.5,0.0
15,-0.040310313698678636,0.49047922272661915,0.07862407862407862
16,-0.007673719217766888,0.4962692315592712,0.36281859070464767
17,0.0,0.5,0.0
18,0.02964590551953971,0.5121680052585091,0.28624535315985133
19,0.10143015466365068,0.5418857712137708,0.3364140480591497
20,0.03615848333275133,0.5121474642072181,0.20985010706638116
21,0.04017326162798115,0.5191211511205143,0.37694704049844235
22,0.03729647837958381,0.5176498983217961,0.37106918238993714
23,-0.011706559426515838,0.49837212168518785,0.032171581769437
24,0.046918848432224415,0.51905696033523,0.2926829268292683
25,0.04166489563213005,0.5191442598032168,0.354679802955665
26,0.04620733708892355,0.5207721381180289,0.34459459459459457
27,0.04354832238158716,0.5126609904894933,0.16972477064220184
28,0.11978771380431667,0.5565751905182507,0.4227129337539432
29,0.011552012918314182,0.5047218741655197,0.27238805970149255
