,Matthews,Accuracy,F1
0,0.0,0.5,0.0
1,0.8067939592639227,0.9168010453736655,0.8686131386861314
2,0.7496353838953821,0.8407125778469751,0.8044943820224719
3,0.6995302287907327,0.8013025467081851,0.7494033412887828
4,0.7980115185530043,0.9155429826512456,0.8622540250447227
5,0.7081975635437019,0.8259564056939501,0.7787610619469025
6,0.8545842129585689,0.9259133118327403,0.8998035363457759
7,0.7260784654603013,0.8387386009786477,0.7956521739130435
8,0.8294317170818505,0.9147158585409252,0.8828125
9,0.8646740934954626,0.9404540146797153,0.9077212806026365
10,0.8798091803542945,0.9360473198398577,0.9166666666666666
11,0.852197127453368,0.9360056161032029,0.8992537313432837
12,0.7980269244638889,0.8898673821174377,0.8577235772357722
13,0.8497336622342532,0.9351159363879004,0.8975791433891993
14,0.7792801406551324,0.902587021797153,0.8503649635036495
15,0.856581232453866,0.9367215302491103,0.9022556390977444
16,0.774586844479124,0.8625444839857651,0.8311688311688312
17,0.7127751664001045,0.8131950622775801,0.766355140186916
18,0.8659922434789944,0.9315989212633452,0.9076620825147347
19,0.0,0.5,0.0
20,0.8709516389660967,0.9399327179715302,0.9118773946360152
21,0.8287019890688367,0.9225075066725978,0.8834586466165414
22,0.7809034902411918,0.8944478425266904,0.8505747126436781
23,0.7947618697591186,0.8783432495551602,0.849894291754757
24,0.7948033591612867,0.9135898576512456,0.8602150537634408
25,0.795254767011053,0.9020865769572954,0.8604206500956022
26,0.682410342567344,0.8285837411032029,0.7733887733887733
27,0.8919734208185054,0.9459867104092528,0.92578125
28,0.8169973092695848,0.9214232095195729,0.8754578754578755
29,0.567598104835876,0.7793455293594306,0.6987951807228916
