,Matthews,Accuracy,F1
0,0.0446255726908408,0.5106451612903226,0.10169491525423728
1,0.04219093087728336,0.52,0.2580645161290322
2,0.0,0.5,0.0
3,0.09267393732682573,0.5312903225806451,0.20289855072463772
4,-0.00686437033312615,0.49677419354838714,0.21739130434782608
5,0.0,0.5,0.0
6,0.022478624250143936,0.5087096774193549,0.18421052631578946
7,0.024473839406345725,0.5080645161290323,0.14705882352941177
8,-0.0007203833228603767,0.49967741935483867,0.20689655172413796
9,-0.1286180282377182,0.46774193548387094,0.0
10,0.060309808112796105,0.5258064516129032,0.24096385542168675
11,-0.025335146557425733,0.4874193548387097,0.22222222222222224
12,0.023273173961708422,0.5083870967741935,0.16666666666666666
13,0.023273173961708422,0.5083870967741935,0.16666666666666666
14,0.08110777065307434,0.5319354838709678,0.23376623376623376
15,0.0,0.5,0.0
16,0.08622479818365826,0.535483870967742,0.25
17,0.0,0.5,0.0
18,0.08526251245287506,0.5241935483870968,0.15873015873015872
19,-0.02484043680925226,0.4916129032258064,0.11594202898550725
20,-0.007842631409141949,0.4964516129032258,0.20454545454545453
21,-0.053252576691412444,0.4790322580645161,0.12987012987012986
22,-0.05793799695755669,0.47870967741935483,0.1095890410958904
23,0.0028613503838785786,0.5006451612903225,0.06896551724137932
24,0.0,0.5,0.0
25,-0.013426831131754859,0.49516129032258066,0.1388888888888889
26,0.01830706754905046,0.5038709677419355,0.07017543859649124
27,-0.03016076057799507,0.48870967741935484,0.13513513513513514
28,0.00564743894274139,0.502258064516129,0.1794871794871795
29,-0.025190399332571174,0.48935483870967744,0.17073170731707318
