,Matthews,Accuracy,F1
0,0.04897655147317653,0.5236723672367236,0.3829787234042553
1,-0.016812597425053918,0.49135913591359137,0.40888888888888886
2,0.06745718597070145,0.5311431143114311,0.36571428571428566
3,0.014000700052504375,0.5058805880588059,0.2802547770700637
4,0.07363510850667905,0.5273927392739274,0.26760563380281693
5,0.08853427988972683,0.5426642664266427,0.40641711229946526
6,0.1248895576888116,0.5613561356135613,0.44329896907216493
7,0.007406931153997238,0.5033603360336034,0.31578947368421056
8,0.05826582658265827,0.5291329132913292,0.4158415841584158
9,0.026212295115991036,0.5121512151215122,0.34090909090909094
10,-0.01209470583755225,0.4951695169516952,0.24000000000000002
11,0.03787949483943905,0.5165916591659165,0.3170731707317073
12,0.14547204615190218,0.5524452445244524,0.302158273381295
13,0.07432052784953232,0.5325532553255325,0.34146341463414637
14,0.06709646930905812,0.5332733273327332,0.4141414141414142
15,0.05461095397159279,0.5258925892589259,0.3736263736263737
16,0.10428530014133534,0.5384038403840384,0.28368794326241137
17,0.13550585294967285,0.5428442844284428,0.24806201550387594
18,0.09589568678561003,0.5424542454245425,0.3614457831325301
19,0.20721989680691738,0.6004500450045005,0.4867724867724868
20,-0.043002150161263436,0.48193819381938197,0.2420382165605095
21,0.05389146898204673,0.525082508250825,0.36158192090395475
22,0.12165680935620692,0.5586258625862586,0.427807486631016
23,-0.016898285015400957,0.4929492949294929,0.2564102564102564
24,0.11468779857740774,0.5585358535853585,0.4722222222222222
25,0.033001650123760315,0.5138613861386139,0.2929936305732484
26,0.16145581321522148,0.5612361236123613,0.33333333333333326
27,0.14813862307994477,0.5672067206720672,0.4093567251461988
28,-0.0007046994992735263,0.49963996399639965,0.40552995391705066
29,0.05017046972002073,0.5231623162316231,0.35428571428571426
