,Matthews,Accuracy,F1
0,0.05227155597911165,0.5253176629398127,0.4156479217603912
1,0.015898936793733623,0.5079892596179241,0.4370860927152318
2,0.09878192901054271,0.5347154972562138,0.2702702702702703
3,0.0,0.5,0.0
4,0.0,0.5,0.0
5,0.04123802098069916,0.5160372098482848,0.277602523659306
6,0.030003544012320617,0.5147826980074537,0.4188235294117647
7,0.03122535344837509,0.5148193796402265,0.3857868020304569
8,0.056025541302506775,0.5282595298881945,0.4675324675324675
9,0.08409561564900114,0.5357866009331808,0.34985422740524785
10,0.04070506300684291,0.5195659829210317,0.401985111662531
11,-0.060304728073022965,0.4731710537899463,0.2833333333333333
12,0.11323908211852832,0.5558441177333685,0.4694835680751174
13,0.019962830993021027,0.5099994130938756,0.43400447427293065
14,0.0,0.5,0.0
15,0.0,0.5,0.0
16,0.1253407143015756,0.5422352319746456,0.2698961937716263
17,0.03691862225454241,0.5172110220970156,0.37597911227154046
18,0.05992360358282515,0.5273644980485371,0.37634408602150543
19,0.08569754209114448,0.5331895413328638,0.3037974683544304
20,0.060666237685412926,0.5305778090794377,0.5068226120857701
21,-0.05990553575699408,0.4709848284766852,0.3471882640586797
22,0.0,0.5,0.0
23,0.0809962340651919,0.5410100654400329,0.49372384937238495
24,0.10218988919818603,0.5515450303723919,0.4935064935064935
25,0.0708279210030353,0.5294113331572615,0.32835820895522383
26,0.08215673069691143,0.5395941544150014,0.42962962962962964
27,0.022896338672948977,0.5115913959562168,0.46121593291404606
28,0.022701849105614184,0.5091410628869912,0.2822085889570552
29,0.051943820602723505,0.5262493764122429,0.4700854700854701
