,Matthews,Accuracy,F1
0,0.0,0.5,0.0
1,0.28973211145487754,0.6259508074069455,0.45774647887323944
2,0.3868990260087312,0.6818614003366794,0.5576923076923077
3,0.3547079015948612,0.6364330693933536,0.4566929133858268
4,0.4078985603621615,0.6934893073134236,0.5759493670886077
5,0.33544036010235573,0.6525656212980859,0.5083612040133779
6,0.30262577331980206,0.6134032670365983,0.4096385542168675
7,0.0,0.5,0.0
8,0.11654720811957249,0.5463479643369288,0.29885057471264365
9,0.3877874060898876,0.7024830101627284,0.5963060686015831
10,0.0,0.5,0.0
11,0.3232209002883704,0.6156322089905855,0.4066390041493776
12,0.0,0.5,0.0
13,0.221493533903893,0.5787455577030987,0.3333333333333333
14,0.18142184413233195,0.5416017208055365,0.18181818181818185
15,0.0676793129583214,0.5163429764947939,0.12935323383084574
16,0.20675391577673488,0.598930731342353,0.4375
17,0.1717474530087488,0.5673592493297588,0.3333333333333333
18,0.0,0.5,0.0
19,0.0,0.5,0.0
20,0.2707631337989136,0.6105118772990835,0.4194756554307116
21,0.23525925894901548,0.6035990398403891,0.4236111111111111
22,0.2795671871550497,0.6234958538562254,0.45674740484429066
23,-0.031003653479098447,0.49420163351829915,0.04232804232804233
24,0.0,0.5,0.0
25,0.3593741988704432,0.6572495168027932,0.5104895104895105
26,0.3237090011386201,0.6503366793440988,0.50814332247557
27,0.08854654789583705,0.5279864704782093,0.20535714285714282
28,0.23872472846184795,0.5843334995947378,0.34309623430962344
29,0.12693371411662957,0.5485769062909159,0.2924901185770751
