,Matthews,Accuracy,F1
0,0.2400262012839582,0.5910167011019284,0.30612244897959184
1,0.1047484526904745,0.5386320592286502,0.1875
2,0.0,0.5,0.0
3,0.15191274590480594,0.5712809917355373,0.2689075630252101
4,0.0,0.5,0.0
5,0.21742936504884566,0.5542355371900827,0.20512820512820512
6,0.39462202419281817,0.6879950068870524,0.4793388429752066
7,0.3376412299090037,0.6227186639118457,0.37894736842105264
8,0.155326567983021,0.5459710743801653,0.19047619047619047
9,0.0,0.5,0.0
10,0.20441996087728811,0.5753917011019284,0.2708333333333333
11,0.11709341450106688,0.5193052685950413,0.08571428571428572
12,0.045124835147735264,0.514269111570248,0.1149425287356322
13,0.1803172908262938,0.5625215220385675,0.2391304347826087
14,0.14741898994512198,0.5519542011019284,0.21505376344086022
15,0.034225996297335,0.512439738292011,0.1263157894736842
16,0.13700513158641958,0.5611656336088154,0.24778761061946902
17,0.0,0.5,0.0
18,0.19824623080505188,0.5298725895316805,0.11594202898550725
19,0.0,0.5,0.0
20,0.15381282157230844,0.553331611570248,0.21739130434782608
21,0.18289604815199365,0.5809228650137741,0.28571428571428575
22,0.19824623080505188,0.5298725895316805,0.11594202898550725
23,0.10781468207667247,0.5303460743801653,0.14634146341463417
24,0.19396352784125678,0.5873579545454546,0.2982456140350877
25,0.23159177829329272,0.53125,0.11764705882352941
26,0.11538743676579474,0.5078125,0.03076923076923077
27,0.035012849067123306,0.5115142906336088,0.11235955056179775
28,0.20032770911118575,0.5234375,0.08955223880597014
29,0.2710659914622723,0.5762956267217632,0.2682926829268293
