,Matthews,Accuracy,F1
0,0.3189370862285193,0.6626238032353913,0.5371900826446281
1,0.49881100985937055,0.7386678771871904,0.6405529953917051
2,0.3078479812113052,0.638923737206999,0.48258706467661694
3,0.3535797437960673,0.6707494222515682,0.5409090909090909
4,0.26305199551420994,0.6068752063387257,0.4099722991689751
5,0.3737861392741882,0.6905909541102674,0.5743801652892562
6,0.4232399423190831,0.7168578738857709,0.6094069529652352
7,0.47546260254278666,0.738011720039617,0.6381156316916489
8,0.4063448785821039,0.6996079564212612,0.5840707964601769
9,-0.06956761775841094,0.47435622317596565,0.1377245508982036
10,0.4387649961797533,0.7328532518983163,0.6294227188081937
11,0.3268477936960676,0.6585424232419941,0.5237020316027088
12,0.26257370764583327,0.6242076592934962,0.46838407494145196
13,0.22666182916755256,0.6097845823704193,0.4524886877828054
14,0.48190861638593036,0.7534912512380323,0.6551724137931033
15,0.28985835695248896,0.6364146583030703,0.48584905660377353
16,0.33130262448917386,0.6669858038956751,0.5412262156448204
17,0.3155622687598787,0.6535118851105975,0.5168539325842697
18,0.3889614399206382,0.7028804886101023,0.592156862745098
19,0.3497721786095197,0.6746781115879829,0.5505376344086022
20,0.28104233519702465,0.6425718058765268,0.5093945720250521
21,0.0,0.5,0.0
22,0.07171497215585776,0.5368479696269396,0.3739837398373984
23,0.44951441363901273,0.7258047210300429,0.6212765957446809
24,0.48174357389854344,0.7397119511389898,0.6406926406926406
25,0.2028610554425762,0.6080389567514031,0.48161764705882354
26,0.28325552107442675,0.6333071970947508,0.4811320754716982
27,0.3465696725413183,0.6474248927038626,0.4880636604774536
28,0.2458741881781239,0.6109565863321228,0.43781094527363185
29,0.4304028245597718,0.7181124133377352,0.6108786610878661
