,Matthews,Accuracy,F1
0,0.005657893370287307,0.501743277048155,0.14239482200647247
1,0.0953633988408508,0.5355886491557224,0.2593659942363113
2,0.22810049471710125,0.6169989055659788,0.4792079207920792
3,0.0,0.5,0.0
4,0.18271364833018955,0.5980065666041275,0.47586206896551725
5,0.18767728858001956,0.581203095684803,0.379746835443038
6,0.12967409559919446,0.5180190744215134,0.07905138339920947
7,0.0,0.5,0.0
8,0.04408429124993255,0.5090525328330207,0.08921933085501858
9,0.15990527394265638,0.5642315509693558,0.3315217391304348
10,0.16822392146217457,0.5521693245778612,0.2516129032258065
11,0.112919148080349,0.5336264853033146,0.20394736842105268
12,0.11751196179042084,0.5435076610381488,0.27246376811594203
13,0.15365224634629582,0.5641221075672295,0.3412073490813648
14,0.0,0.5,0.0
15,0.14335730969819505,0.5426907442151344,0.2236842105263158
16,0.13566432430355005,0.564098655409631,0.378132118451025
17,0.0,0.5,0.0
18,0.12990937056373164,0.5321763602251407,0.1696113074204947
19,0.09007488751336239,0.5264383989993746,0.18543046357615894
20,0.15721950525434805,0.5617338961851157,0.32132963988919666
21,0.07931136951395888,0.5323483427141964,0.27882037533512066
22,-0.02669639188785647,0.4884771732332708,0.22335025380710657
23,0.2208225111294001,0.6124179174484052,0.4708249496981891
24,0.08123120726836414,0.5308982176360225,0.2556818181818182
25,0.19963012049445278,0.568519387116948,0.3048780487804878
26,0.13982082189886239,0.5529862414008755,0.2962962962962963
27,0.1641643725274538,0.5712007504690432,0.3636363636363637
28,0.007993104886112514,0.5032793933708568,0.22933333333333333
29,0.11623673218768031,0.542155253283302,0.26470588235294124
