,Matthews,Accuracy,F1
0,0.0952930285236458,0.5482854648987905,0.40476190476190477
1,0.16891137214795982,0.559270958892722,0.29673590504451036
2,0.23711315887352366,0.6042354212560788,0.4324324324324324
3,0.2783769479609324,0.6473128558959225,0.5519591141396932
4,0.17854251352361925,0.5849204040068166,0.42666666666666664
5,0.12934135290380464,0.5677293320586891,0.45126353790613716
6,0.20087284518607804,0.5776590880751487,0.35457063711911363
7,0.14654178390072428,0.5727295398811255,0.4265010351966874
8,0.23552891893949543,0.5950122615237541,0.39572192513368987
9,0.2907551349442745,0.6471964753314767,0.5328031809145131
10,0.22280505461537478,0.6104576250051956,0.47717842323651455
11,0.24374092626081947,0.6227149923105698,0.49899396378269617
12,0.25856975830153744,0.6123862172160106,0.44278606965174133
13,0.22075238823124724,0.5950455131135958,0.4120603015075377
14,0.12946798789194527,0.5583648530695373,0.36754176610978523
15,0.18113867053155194,0.5818196932540837,0.4047619047619047
16,0.12090806088386474,0.5594621555343114,0.40421052631578946
17,0.14435340393896356,0.5748410158360696,0.4523364485981308
18,0.22177409695102532,0.6001745708466686,0.43333333333333335
19,0.14745907905353625,0.5706513155160231,0.4087912087912088
20,0.21920439042647044,0.6053244108233925,0.4595185995623632
21,0.10036404039277083,0.5513612369591421,0.4147286821705426
22,0.09857773526473912,0.5461573631489255,0.3636363636363636
23,0.12041755026944408,0.5605095806143231,0.4161616161616161
24,0.15879376109157506,0.5778128766781662,0.42796610169491534
25,0.07090465826737961,0.5349931418595952,0.3723849372384937
26,0.24449325087819107,0.606267924685149,0.4328358208955224
27,0.2932100825250083,0.6420424789060227,0.5140388768898488
28,0.1133734158170434,0.5491624755808637,0.33915211970074816
29,0.21690840062101635,0.6001911966415894,0.4398148148148148
