,Matthews,Accuracy,F1
0,-0.035218769924172125,0.48359728506787336,0.5982905982905983
1,0.10387589073481555,0.5488122171945702,0.6465517241379309
2,0.011420298157578246,0.5055429864253393,0.5919282511210763
3,-0.0048642533936651584,0.49756787330316743,0.5480769230769231
4,-0.06661785504405894,0.47126696832579185,0.6153846153846154
5,0.00921095157729515,0.5045814479638009,0.48648648648648646
6,-0.06010879665582143,0.46979638009049773,0.5
7,0.033773489116748885,0.5167986425339367,0.5754716981132075
8,0.07059784705524666,0.533314479638009,0.632034632034632
9,-0.06294366210002164,0.4739253393665158,0.626984126984127
10,-0.019793544210287815,0.4910633484162896,0.6166666666666666
11,-0.03527525891333351,0.48257918552036194,0.5555555555555555
12,-0.09534030796593874,0.4595022624434389,0.610441767068273
13,-0.01014092392893546,0.49490950226244346,0.5320197044334977
14,-0.052644973289666344,0.4861425339366516,0.6810035842293907
15,-0.05984905581708391,0.4713235294117647,0.5726872246696035
16,0.03648778484174722,0.5161764705882352,0.6419753086419752
17,0.09094095254285516,0.5457013574660634,0.5656565656565657
18,0.006194555208288023,0.5028280542986425,0.6218487394957983
19,0.0165158371040724,0.5082579185520362,0.5576923076923077
20,0.0037145885573822233,0.5018665158371041,0.5299999999999999
21,0.014617392254807408,0.5065610859728507,0.6307053941908715
22,0.10115874263845602,0.5466628959276019,0.6525423728813559
23,0.08885651955214482,0.5407805429864254,0.649789029535865
24,0.03789592760180995,0.5189479638009049,0.5673076923076923
25,-0.01759910528371628,0.49162895927601813,0.5938864628820961
26,0.048396794051271924,0.5243212669683258,0.5454545454545454
27,0.00586625565975325,0.5028846153846154,0.5779816513761468
28,0.11624801232803088,0.5574095022624435,0.6203703703703703
29,0.09311070098251518,0.5467760180995476,0.5612244897959183
