,Matthews,Accuracy,F1
0,-0.00476756800468566,0.4975565980737108,0.35376044568245124
1,0.0,0.5,0.0
2,0.09835216721357568,0.5410624800085297,0.3151969981238274
3,0.0,0.5,0.0
4,0.18850958720104463,0.5878558481714469,0.42715231788079466
5,0.2282686253943208,0.608473717880371,0.46376811594202894
6,0.21603247399145492,0.5823226534456409,0.3610547667342799
7,0.12676025911087332,0.5556251554892135,0.35650623885918
8,0.0,0.5,0.0
9,0.0,0.5,0.0
10,0.16921004729551015,0.5503407435049934,0.24413145539906103
11,0.09990272458314414,0.5456805096492163,0.3565365025466893
12,-0.02328723655066646,0.4976787681700252,0.011494252873563218
13,0.20789748797351665,0.5686684792266411,0.3028953229398664
14,0.057591576833092774,0.5257845541457866,0.3170731707317073
15,0.0,0.5,0.0
16,0.0,0.5,0.0
17,0.0,0.5,0.0
18,0.007016427251397542,0.500659718520098,0.017291066282420747
19,0.13113719979595725,0.5578219959483954,0.36170212765957444
20,0.22281759406586465,0.5937488893627607,0.4059590316573557
21,0.1053867458728002,0.5303514944734691,0.1952380952380952
22,0.10369727630085436,0.5503296371326012,0.3894080996884735
23,0.011296149124833389,0.5013505348828944,0.02840909090909091
24,0.09172689048646052,0.5432037886057504,0.36541598694942906
25,0.16925750571744158,0.584190745282013,0.4470938897168405
26,0.0,0.5,0.0
27,0.0,0.5,0.0
28,0.18715331765872148,0.5844017663574652,0.4110535405872194
29,0.10660859386959876,0.5473731208017912,0.3479789103690686
