,Matthews,Accuracy,F1
0,0.21821617931010973,0.6019453921882219,0.4488448844884489
1,0.1704511891698429,0.5849126594875076,0.4487369985141159
2,0.23550009983107434,0.6107949497103458,0.4640522875816994
3,0.14565077193455717,0.5717005188897182,0.425531914893617
4,0.1407859069123396,0.5712962469346412,0.4390243902439024
5,0.15732420575509587,0.5807122294487685,0.4583333333333333
6,0.16194958389312686,0.585174769875964,0.48293299620733243
7,0.15217496575112727,0.5753411877598891,0.4330827067669173
8,0.12006622996539171,0.5608784696307354,0.4263233190271817
9,0.10447298593721872,0.5472487294309983,0.3545611015490534
10,0.21754081576226192,0.560851814336994,0.255421686746988
11,0.07991088324541863,0.537932704268401,0.36129032258064514
12,0.12895102575101572,0.5670336212105057,0.45066666666666666
13,0.0,0.5,0.0
14,0.03612740841940944,0.5139473824501546,0.24096385542168677
15,0.18476542600195203,0.5883600774780537,0.43700159489633167
16,0.08046407128150554,0.5283790027366102,0.23982869379014987
17,0.0,0.5,0.0
18,0.202081820827796,0.5917763976259018,0.4246575342465753
19,0.034247849023711086,0.5163441376123965,0.3328
20,0.27915472295964805,0.6308774922699648,0.49261083743842365
21,0.17639566688021274,0.5575598855599389,0.2780269058295964
22,0.2108892457924159,0.5955103600241675,0.42955326460481097
23,0.17037837468862496,0.5879935671891103,0.4713896457765668
24,0.07729071587001562,0.5352938301880087,0.3401360544217687
25,-0.008016377320208153,0.49706347513949606,0.19206680584551147
26,0.33405260728667174,0.6699852507374631,0.5673758865248227
27,0.15868371081865382,0.5704055158687849,0.38380281690140844
28,0.15636318372745267,0.5769094075416712,0.4322678843226789
29,0.12043537562527491,0.557231136937129,0.3896940418679549
