,Matthews,Accuracy,F1
0,0.15789152703735615,0.5780802836520198,0.4536082474226804
1,0.31026717493846173,0.657566164366215,0.567741935483871
2,0.12462967156376165,0.5619349119918956,0.43537414965986393
3,0.0,0.5,0.0
4,0.24384452924201813,0.607205267823224,0.4489795918367347
5,0.27056191886103875,0.6281879194630873,0.5037037037037037
6,0.2422589271261859,0.6257059642902367,0.544378698224852
7,0.15321157456788115,0.5768266430289983,0.46
8,0.1732470932741258,0.5824743573508928,0.4411764705882353
9,0.16465705710264636,0.5831201722172977,0.47213114754098356
10,0.0,0.5,0.0
11,0.1978729883624346,0.5923261998227175,0.44696969696969696
12,0.2099053024914086,0.5929466886159301,0.4291497975708502
13,-0.025386426622917645,0.4874889198429783,0.33217993079584773
14,0.16260164246746628,0.5782828922375586,0.4404332129963899
15,0.27338228879799586,0.6321767759908826,0.5161290322580645
16,0.21706948006196083,0.6065974420666076,0.4878048780487805
17,0.20259647990775728,0.6005191845004432,0.484641638225256
18,0.18504283546265513,0.5908699506141573,0.46689895470383275
19,0.0,0.5,0.0
20,-0.06579338403001288,0.46715208306952005,0.3164983164983165
21,-0.0136468628625289,0.4956185893377232,0.155440414507772
22,0.22183654409980266,0.6105862985944029,0.5
23,0.17498656948336164,0.5866784855008231,0.4657534246575343
24,0.11164500207778348,0.551221983031531,0.37984496124031014
25,0.1446759074042366,0.5541344814486514,0.3113207547169812
26,0.2354243394571928,0.6109915157654806,0.47761194029850745
27,0.20858981966925536,0.6055590730657212,0.5016286644951141
28,0.2593096445997655,0.6349373179688489,0.5590778097982708
29,0.04127816113918555,0.5204128149930354,0.3780068728522337
