,Matthews,Accuracy,F1
0,0.7677947344379881,0.8945016445016445,0.8391959798994975
1,0.6907057318487014,0.8522272272272272,0.7857142857142857
2,0.6938548943527098,0.8606106106106106,0.7892156862745099
3,0.722693939165398,0.8585371085371085,0.8042895442359249
4,0.6940127035864175,0.8586979836979838,0.7890818858560794
5,0.8032507548658876,0.9068890318890319,0.8630490956072351
6,0.47864550286031604,0.7512870012870013,0.645933014354067
7,0.6588270759148313,0.8497962247962247,0.7656612529002321
8,0.6498671804279583,0.816995566995567,0.7493112947658404
9,0.451353925289557,0.6945159445159446,0.5659163987138264
10,0.8106964302723235,0.9106606606606606,0.8682170542635659
11,0.8131780583862969,0.9152187902187903,0.8702290076335878
12,0.6765847978017598,0.8294365794365794,0.7679558011049724
13,0.7846956213321488,0.8917488917488917,0.8488063660477454
14,0.5765050882932047,0.772022022022022,0.6878612716763005
15,0.5042873943009607,0.7468539968539969,0.6465753424657534
16,0.7573486153779417,0.8896038896038896,0.8320802005012531
17,0.7122404573982634,0.8769305019305019,0.8009367681498829
18,0.5939149310468704,0.7978514228514229,0.7157894736842105
19,0.7277294338178021,0.8562312312312312,0.8054794520547945
20,0.793552003290779,0.8985592735592736,0.8556430446194226
21,0.7476294594629708,0.8881381381381381,0.8255528255528255
22,0.7516635543340637,0.8926962676962678,0.8280871670702179
23,0.5914394562695238,0.7948126698126698,0.7127659574468084
24,0.7181420116838333,0.8642749892749892,0.8041237113402061
25,0.5482079108967681,0.7664450164450165,0.6759002770083102
26,0.7773562783885223,0.9013120263120262,0.8457711442786069
27,0.8174140406992679,0.9129129129129129,0.8727272727272727
28,0.672120540265034,0.8473830973830974,0.7741935483870966
29,0.7536272587773551,0.8903903903903904,0.8296296296296296
