,Matthews,Accuracy,F1
0,0.6458773597216303,0.8182537711838103,0.833759590792839
1,0.8177728788418498,0.9083276429325222,0.905982905982906
2,0.7287970423807788,0.8601092556955738,0.8711340206185567
3,0.6439366996254587,0.8215283381960394,0.827027027027027
4,0.6980758747826002,0.8462971009994413,0.856396866840731
5,0.38391601306733925,0.6887919796387113,0.6585365853658536
6,0.7603512532275983,0.8769166304550251,0.8854166666666666
7,0.7771707168402494,0.8885250481097524,0.8901098901098902
8,0.7726930348908043,0.8824414923334782,0.8911917098445595
9,0.6437252815151125,0.8183468868334471,0.8320413436692506
10,0.48675871163268125,0.7403004531628282,0.7609254498714654
11,0.8161472575945866,0.9080482959836116,0.9090909090909091
12,0.7912831368697889,0.8937705630392948,0.8994708994708994
13,0.6905210742352448,0.8436277857098515,0.8518518518518519
14,0.7276425976366124,0.8636631696567136,0.8619718309859155
15,0.6497814454778074,0.8181140977093551,0.836272040302267
16,0.5692850985585147,0.7822024954994102,0.7968749999999999
17,0.8059332338367917,0.9022906449810665,0.9056603773584905
18,0.20876290632488137,0.6043360854180893,0.6120218579234973
19,0.6057691995221638,0.8024706685703644,0.7977207977207977
20,0.7883152859373395,0.8940964678130238,0.8956043956043958
21,0.7626237280661822,0.8768235148053882,0.88659793814433
22,0.5384806084093084,0.7623067850270036,0.7880299251870324
23,0.37687621329987653,0.6882332857408902,0.6818181818181818
24,0.782793659669489,0.8912874790489789,0.8931506849315068
25,0.7136469436500992,0.8547240672915761,0.8631578947368421
26,0.6108293861622955,0.8027965733440934,0.7893175074183977
27,0.8181832777756236,0.9077689490347012,0.912
28,0.7443594950926784,0.8716711155254826,0.8756756756756757
29,0.7626237280661822,0.8768235148053882,0.88659793814433
