,Matthews,Accuracy,F1
0,0.17183607235830275,0.5883442265795207,0.49397590361445787
1,0.0014931884652431813,0.5007625272331155,0.3827160493827161
2,0.027487754600838504,0.5135076252723312,0.36610169491525424
3,0.12280044501779859,0.5600217864923747,0.4246575342465754
4,0.1824022906598819,0.5923747276688454,0.4873417721518987
5,0.01805233402258019,0.5088235294117647,0.35616438356164387
6,0.07125258051103045,0.5367102396514162,0.4358208955223881
7,0.21207501539392593,0.6067538126361656,0.5016077170418006
8,0.11925837853280208,0.5607843137254902,0.45341614906832295
9,0.0681917211328976,0.5340958605664488,0.40522875816993464
10,0.2193097490525484,0.6084967320261437,0.49498327759197325
11,0.22449691929076224,0.6132897603485838,0.5111821086261982
12,0.043302959983897965,0.5202614379084967,0.34558823529411764
13,0.2505987880492018,0.6258169934640523,0.5242718446601942
14,0.20659893381397332,0.6009803921568627,0.4794520547945206
15,0.04560490311241572,0.5223311546840959,0.37542662116040953
16,0.14375006721684228,0.5702614379084967,0.4383561643835616
17,0.14901364503146516,0.5579520697167756,0.33035714285714285
18,0.20258742156599976,0.5961873638344226,0.46043165467625896
19,0.0,0.5,0.0
20,0.12417541523377859,0.5579520697167756,0.39852398523985244
21,0.029128859544086488,0.5119825708061002,0.2723404255319149
22,0.26489508865354466,0.6368191721132898,0.5545722713864307
23,0.0,0.5,0.0
24,0.194742235726729,0.5789760348583878,0.3793103448275862
25,0.1943760746806159,0.5837690631808279,0.4065040650406504
26,0.18719473338256182,0.5838779956427015,0.42023346303501946
27,0.15368599566580207,0.574400871459695,0.43902439024390244
28,0.33808967663364353,0.6608932461873638,0.5519713261648745
29,0.016201159133144582,0.5078431372549019,0.34843205574912894
