,Matthews,Accuracy,F1
0,0.44136720486159176,0.7020612384536435,0.5985401459854014
1,0.4470215508794625,0.7052257954156689,0.6036363636363636
2,0.47831931672982503,0.7421099897365719,0.6646153846153846
3,0.3722913289200158,0.682197228874444,0.5808580858085809
4,0.23285183548451213,0.6117216900444749,0.477815699658703
5,0.3863910780548899,0.6965232637700992,0.60790273556231
6,0.36069763106402675,0.6758681149503935,0.5714285714285713
7,0.44066935352821346,0.7005858706808074,0.5955882352941176
8,0.4543005914514015,0.7170287375983578,0.6254295532646048
9,0.47476395797002807,0.7454669859733152,0.6705202312138728
10,0.5234409519871849,0.7537418747861786,0.6778523489932886
11,0.5023199512256307,0.7522451248717071,0.677115987460815
12,0.38515425976316814,0.6975709887102293,0.6112759643916914
13,0.2759981738010745,0.6233535750940815,0.4736842105263158
14,0.44966527619427277,0.7336426616489908,0.6572237960339944
15,0.5289293259411345,0.7569064317482039,0.6822742474916389
16,0.4341066556408218,0.7207919945261717,0.6382978723404255
17,0.4487883799468772,0.7353104686965446,0.6613333333333332
18,0.39327543000907894,0.6906431748203901,0.5906040268456376
19,0.43242817765606545,0.7001582278481013,0.5971223021582734
20,0.48931114956653815,0.7246407800205269,0.6327272727272728
21,0.2313451738964111,0.618435682517961,0.5134328358208956
22,0.46646014558773985,0.7383039685254875,0.6606606606606606
23,0.39062599404640647,0.6634664728019158,0.5241935483870968
24,0.3420642285838253,0.6482637700992131,0.5058365758754864
25,0.4061797566015349,0.7087538487854943,0.6253687315634218
26,0.41919035667918575,0.7062521382141635,0.6143790849673201
27,0.5160775574481327,0.7587880602121109,0.6855345911949686
28,0.5106089369715426,0.7444620253164558,0.6643835616438356
29,0.3286444689565779,0.6661392405063291,0.5679012345679012
