,Matthews,Accuracy,F1
0,0.09688056975650819,0.5498937593452428,0.41445783132530123
1,0.06287906617113859,0.5240812150783033,0.2535211267605634
2,0.06389631689087055,0.5334526901183075,0.40732265446224264
3,0.07841566336484411,0.5319443351433593,0.28762541806020064
4,0.11878192987458483,0.5472770913669631,0.30716723549488056
5,-0.006931995701679462,0.496681619055114,0.30000000000000004
6,0.0018012659752664622,0.5005246452086777,0.1322314049586777
7,0.11829866448296227,0.557035492248367,0.39010989010989006
8,0.05653429485312086,0.5259764958946512,0.32352941176470584
9,0.0,0.5,0.0
10,0.015122139126540219,0.5064006715458671,0.25806451612903225
11,0.09671828019810493,0.5467917945489363,0.3770491803278688
12,0.1636330604228198,0.5831038010545369,0.44887780548628425
13,0.06273583615765435,0.5284882348311954,0.32238805970149254
14,0.08825733377811756,0.5463392880564518,0.42533936651583715
15,0.07670377333197022,0.5349151386374964,0.3333333333333333
16,0.17669790981111475,0.5717124419611238,0.35570469798657717
17,0.06765500557931081,0.5281603315757719,0.2885245901639344
18,0.049301986442194336,0.5219957503738097,0.30487804878048785
19,0.11154008923190692,0.5461031977125469,0.31683168316831684
20,0.06008594296493714,0.5304818866241704,0.38000000000000006
21,0.04676973494569865,0.5191233178562997,0.26666666666666666
22,0.12500339114514705,0.5624196637024212,0.41343669250645987
23,-0.018056873889419928,0.49422890270454606,0.1422924901185771
24,-0.019823192939569308,0.4930877993756722,0.16541353383458646
25,0.08886109360688559,0.5235237795440834,0.1630901287553648
26,0.13258613800738717,0.5483526140447522,0.2846715328467153
27,0.07103838439841358,0.5354725741717163,0.37726098191214474
28,0.03810469313575046,0.5136735657511607,0.2140221402214022
29,0.03968647346591484,0.5203037695758244,0.3725490196078431
